game_id,season,week,game_date,home_team,away_team,halftime_home_score,halftime_away_score,final_home_score,final_away_score,pregame_spread,pregame_total,trailing_team_home,trailing_team,halftime_deficit,trailing_team_was_favorite,trailing_team_favorite_by,trailing_team_won
2010_01_BAL_NYJ,2010,1,2010-09-13,NYJ,BAL,6.0,7.0,9,10,1.0,36.5,True,NYJ,1,True,1.0,0
2010_01_CAR_NYG,2010,1,2010-09-12,NYG,CAR,14.0,16.0,31,18,5.5,40.5,True,NYG,2,True,5.5,1
2010_01_CIN_NE,2010,1,2010-09-12,NE,CIN,24.0,3.0,38,24,5.0,44.5,False,CIN,21,False,0.0,0
2010_01_CLE_TB,2010,1,2010-09-12,TB,CLE,10.0,14.0,17,14,2.5,37.0,True,TB,4,True,2.5,1
2010_01_DAL_WAS,2010,1,2010-09-12,WAS,DAL,10.0,0.0,13,7,-3.5,39.5,False,DAL,10,True,3.5,0
2010_01_DET_CHI,2010,1,2010-09-12,CHI,DET,13.0,14.0,19,14,6.5,44.5,True,CHI,1,True,6.5,1
2010_01_GB_PHI,2010,1,2010-09-12,PHI,GB,3.0,10.0,20,27,-3.0,47.5,True,PHI,7,False,0.0,0
2010_01_IND_HOU,2010,1,2010-09-12,HOU,IND,13.0,10.0,34,24,-1.0,47.5,False,IND,3,True,1.0,0
2010_01_MIA_BUF,2010,1,2010-09-12,BUF,MIA,3.0,10.0,10,15,-3.0,39.5,True,BUF,7,False,0.0,0
2010_01_MIN_NO,2010,1,2010-09-09,NO,MIN,7.0,9.0,14,9,4.5,48.5,True,NO,2,True,4.5,1
2010_01_OAK_TEN,2010,1,2010-09-12,TEN,LV,24.0,6.0,38,13,6.5,39.5,False,LV,18,False,0.0,0
2010_01_SD_KC,2010,1,2010-09-13,KC,LAC,21.0,7.0,21,14,-4.0,45.5,False,LAC,14,True,4.0,0
2010_01_SF_SEA,2010,1,2010-09-12,SEA,SF,14.0,6.0,31,6,-3.0,37.0,False,SF,8,True,3.0,0
2010_02_ARI_ATL,2010,2,2010-09-19,ATL,ARI,24.0,7.0,41,7,7.0,43.0,False,ARI,17,False,0.0,0
2010_02_BAL_CIN,2010,2,2010-09-19,CIN,BAL,6.0,0.0,15,10,-2.5,39.5,False,BAL,6,True,2.5,0
2010_02_BUF_GB,2010,2,2010-09-19,GB,BUF,13.0,7.0,34,7,12.5,43.0,False,BUF,6,False,0.0,0
2010_02_CHI_DAL,2010,2,2010-09-19,DAL,CHI,14.0,20.0,20,27,7.0,41.0,True,DAL,6,True,7.0,0
2010_02_HOU_WAS,2010,2,2010-09-19,WAS,HOU,20.0,7.0,27,30,-2.5,43.0,False,HOU,13,True,2.5,1
2010_02_JAX_SD,2010,2,2010-09-19,LAC,JAX,21.0,6.0,38,13,7.0,45.5,False,JAX,15,False,0.0,0
2010_02_KC_CLE,2010,2,2010-09-19,CLE,KC,14.0,10.0,14,16,3.0,38.0,False,KC,4,False,0.0,1
2010_02_MIA_MIN,2010,2,2010-09-19,MIN,MIA,0.0,7.0,10,14,5.5,40.5,True,MIN,7,True,5.5,0
2010_02_NE_NYJ,2010,2,2010-09-19,NYJ,NE,10.0,14.0,28,14,-3.0,39.5,True,NYJ,4,False,0.0,1
2010_02_NO_SF,2010,2,2010-09-20,SF,NO,7.0,9.0,22,25,-4.5,43.5,True,SF,2,False,0.0,0
2010_02_NYG_IND,2010,2,2010-09-19,IND,NYG,24.0,0.0,38,14,4.0,47.5,False,NYG,24,False,0.0,0
2010_02_PHI_DET,2010,2,2010-09-19,DET,PHI,17.0,21.0,32,35,-6.5,41.0,True,DET,4,False,0.0,0
2010_02_PIT_TEN,2010,2,2010-09-19,TEN,PIT,3.0,13.0,11,19,6.0,36.5,True,TEN,10,True,6.0,0
2010_02_SEA_DEN,2010,2,2010-09-19,DEN,SEA,17.0,0.0,31,14,3.5,41.0,False,SEA,17,False,0.0,0
2010_02_STL_OAK,2010,2,2010-09-19,LV,LA,3.0,7.0,16,14,3.0,37.5,True,LV,4,True,3.0,1
2010_02_TB_CAR,2010,2,2010-09-19,CAR,TB,7.0,14.0,7,20,4.0,38.0,True,CAR,7,True,4.0,0
2010_03_BUF_NE,2010,3,2010-09-26,NE,BUF,17.0,16.0,38,30,14.0,42.5,False,BUF,1,False,0.0,0
2010_03_CIN_CAR,2010,3,2010-09-26,CAR,CIN,0.0,10.0,7,20,-3.0,37.5,True,CAR,10,False,0.0,0
2010_03_CLE_BAL,2010,3,2010-09-26,BAL,CLE,14.0,10.0,24,17,12.0,36.5,False,CLE,4,False,0.0,0
2010_03_DAL_HOU,2010,3,2010-09-26,HOU,DAL,3.0,10.0,13,27,1.5,47.5,True,HOU,7,True,1.5,0
2010_03_DET_MIN,2010,3,2010-09-26,MIN,DET,14.0,7.0,24,10,13.0,42.5,False,DET,7,False,0.0,0
2010_03_GB_CHI,2010,3,2010-09-27,CHI,GB,7.0,10.0,20,17,-3.0,45.5,True,CHI,3,False,0.0,1
2010_03_IND_DEN,2010,3,2010-09-26,DEN,IND,3.0,13.0,13,27,-5.5,47.0,True,DEN,10,False,0.0,0
2010_03_NYJ_MIA,2010,3,2010-09-26,MIA,NYJ,10.0,14.0,23,31,1.0,35.5,True,MIA,4,True,1.0,0
2010_03_OAK_ARI,2010,3,2010-09-26,ARI,LV,17.0,20.0,24,23,5.5,38.5,True,ARI,3,True,5.5,1
2010_03_PHI_JAX,2010,3,2010-09-26,JAX,PHI,3.0,14.0,3,28,-2.0,45.0,True,JAX,11,False,0.0,0
2010_03_PIT_TB,2010,3,2010-09-26,TB,PIT,6.0,28.0,13,38,-2.0,33.0,True,TB,22,False,0.0,0
2010_03_SD_SEA,2010,3,2010-09-26,SEA,LAC,10.0,0.0,27,20,-3.5,44.0,False,LAC,10,True,3.5,0
2010_03_SF_KC,2010,3,2010-09-26,KC,SF,10.0,3.0,31,10,-2.5,38.0,False,SF,7,True,2.5,0
2010_03_WAS_STL,2010,3,2010-09-26,LA,WAS,14.0,13.0,30,16,-4.5,39.0,False,WAS,1,True,4.5,0
2010_04_ARI_SD,2010,4,2010-10-03,LAC,ARI,28.0,7.0,41,10,10.0,47.0,False,ARI,21,False,0.0,0
2010_04_BAL_PIT,2010,4,2010-10-03,PIT,BAL,7.0,10.0,14,17,2.0,34.5,True,PIT,3,True,2.0,0
2010_04_CAR_NO,2010,4,2010-10-03,NO,CAR,10.0,7.0,16,14,12.5,43.5,False,CAR,3,False,0.0,0
2010_04_CHI_NYG,2010,4,2010-10-03,NYG,CHI,3.0,0.0,17,3,3.5,44.0,False,CHI,3,False,0.0,0
2010_04_CIN_CLE,2010,4,2010-10-03,CLE,CIN,13.0,10.0,23,20,-1.5,36.5,False,CIN,3,True,1.5,0
2010_04_DET_GB,2010,4,2010-10-03,GB,DET,21.0,14.0,28,26,14.5,46.0,False,DET,7,False,0.0,0
2010_04_NE_MIA,2010,4,2010-10-04,MIA,NE,7.0,6.0,14,41,1.0,48.0,False,NE,1,False,0.0,1
2010_04_NYJ_BUF,2010,4,2010-10-03,BUF,NYJ,7.0,17.0,14,38,-5.5,36.5,True,BUF,10,False,0.0,0
2010_04_SEA_STL,2010,4,2010-10-03,LA,SEA,10.0,3.0,20,3,-1.5,40.0,False,SEA,7,True,1.5,0
2010_04_SF_ATL,2010,4,2010-10-03,ATL,SF,10.0,14.0,16,14,7.0,42.5,True,ATL,4,True,7.0,1
2010_04_WAS_PHI,2010,4,2010-10-03,PHI,WAS,6.0,17.0,12,17,5.0,44.0,True,PHI,11,True,5.0,0
2010_05_ATL_CLE,2010,5,2010-10-10,CLE,ATL,7.0,6.0,10,20,-3.0,41.5,False,ATL,1,True,3.0,1
2010_05_CHI_CAR,2010,5,2010-10-10,CAR,CHI,3.0,17.0,6,23,2.5,33.0,True,CAR,14,True,2.5,0
2010_05_DEN_BAL,2010,5,2010-10-10,BAL,DEN,17.0,7.0,31,17,8.0,39.5,False,DEN,10,False,0.0,0
2010_05_GB_WAS,2010,5,2010-10-10,WAS,GB,3.0,10.0,16,13,-2.5,45.5,True,WAS,7,False,0.0,1
2010_05_KC_IND,2010,5,2010-10-10,IND,KC,6.0,3.0,19,9,7.5,46.0,False,KC,3,False,0.0,0
2010_05_MIN_NYJ,2010,5,2010-10-11,NYJ,MIN,9.0,0.0,29,20,4.0,38.0,False,MIN,9,False,0.0,0
2010_05_NO_ARI,2010,5,2010-10-10,ARI,NO,10.0,13.0,30,20,-6.5,45.5,True,ARI,3,False,0.0,1
2010_05_NYG_HOU,2010,5,2010-10-10,HOU,NYG,3.0,24.0,10,34,3.0,48.5,True,HOU,21,True,3.0,0
2010_05_PHI_SF,2010,5,2010-10-10,SF,PHI,10.0,17.0,24,27,3.0,39.5,True,SF,7,True,3.0,0
2010_05_SD_OAK,2010,5,2010-10-10,LV,LAC,15.0,17.0,35,27,-7.0,44.0,True,LV,2,False,0.0,1
2010_05_STL_DET,2010,5,2010-10-10,DET,LA,24.0,6.0,44,6,3.0,43.5,False,LA,18,False,0.0,0
2010_05_TB_CIN,2010,5,2010-10-10,CIN,TB,10.0,7.0,21,24,6.5,38.0,False,TB,3,False,0.0,1
2010_05_TEN_DAL,2010,5,2010-10-10,DAL,TEN,10.0,17.0,27,34,6.5,43.5,True,DAL,7,True,6.5,0
2010_06_ATL_PHI,2010,6,2010-10-17,PHI,ATL,21.0,7.0,31,17,1.0,43.0,False,ATL,14,False,0.0,0
2010_06_BAL_NE,2010,6,2010-10-17,NE,BAL,7.0,10.0,23,20,3.0,44.5,True,NE,3,True,3.0,1
2010_06_CLE_PIT,2010,6,2010-10-17,PIT,CLE,7.0,3.0,28,10,14.0,37.5,False,CLE,4,False,0.0,0
2010_06_DAL_MIN,2010,6,2010-10-17,MIN,DAL,7.0,14.0,24,21,1.0,43.5,True,MIN,7,True,1.0,1
2010_06_DET_NYG,2010,6,2010-10-17,NYG,DET,14.0,10.0,28,20,10.0,45.5,False,DET,4,False,0.0,0
2010_06_IND_WAS,2010,6,2010-10-17,WAS,IND,7.0,17.0,24,27,-3.0,44.5,True,WAS,10,False,0.0,0
2010_06_KC_HOU,2010,6,2010-10-17,HOU,KC,7.0,14.0,35,31,4.5,45.5,True,HOU,7,True,4.5,1
2010_06_NO_TB,2010,6,2010-10-17,TB,NO,0.0,17.0,6,31,-5.5,43.5,True,TB,17,False,0.0,0
2010_06_NYJ_DEN,2010,6,2010-10-17,DEN,NYJ,10.0,7.0,20,24,-3.5,43.0,False,NYJ,3,True,3.5,1
2010_06_OAK_SF,2010,6,2010-10-17,SF,LV,3.0,6.0,17,9,9.0,40.5,True,SF,3,True,9.0,1
2010_06_SD_STL,2010,6,2010-10-17,LA,LAC,17.0,3.0,20,17,-9.5,44.5,False,LAC,14,True,9.5,0
2010_06_SEA_CHI,2010,6,2010-10-17,CHI,SEA,13.0,14.0,20,23,6.0,37.5,True,CHI,1,True,6.0,0
2010_06_TEN_JAX,2010,6,2010-10-18,JAX,TEN,0.0,17.0,3,30,-3.0,43.5,True,JAX,17,False,0.0,0
2010_07_ARI_SEA,2010,7,2010-10-24,SEA,ARI,10.0,0.0,22,10,6.5,40.5,False,ARI,10,False,0.0,0
2010_07_BUF_BAL,2010,7,2010-10-24,BAL,BUF,20.0,24.0,37,34,12.0,39.5,True,BAL,4,True,12.0,1
2010_07_CIN_ATL,2010,7,2010-10-24,ATL,CIN,24.0,3.0,39,32,3.5,43.0,False,CIN,21,False,0.0,0
2010_07_CLE_NO,2010,7,2010-10-24,NO,CLE,3.0,20.0,17,30,12.0,44.0,True,NO,17,True,12.0,0
2010_07_JAX_KC,2010,7,2010-10-24,KC,JAX,14.0,13.0,42,20,9.0,38.5,False,JAX,1,False,0.0,0
2010_07_MIN_GB,2010,7,2010-10-24,GB,MIN,14.0,17.0,28,24,2.5,43.5,True,GB,3,True,2.5,1
2010_07_NE_SD,2010,7,2010-10-24,LAC,NE,3.0,13.0,20,23,2.5,49.0,True,LAC,10,True,2.5,0
2010_07_NYG_DAL,2010,7,2010-10-25,DAL,NYG,20.0,24.0,35,41,3.5,45.0,True,DAL,4,True,3.5,0
2010_07_OAK_DEN,2010,7,2010-10-24,DEN,LV,7.0,38.0,14,59,7.0,43.0,True,DEN,31,True,7.0,0
2010_07_PHI_TEN,2010,7,2010-10-24,TEN,PHI,7.0,13.0,37,19,3.0,41.0,True,TEN,6,True,3.0,1
2010_07_PIT_MIA,2010,7,2010-10-24,MIA,PIT,16.0,17.0,22,23,-3.0,40.5,True,MIA,1,False,0.0,0
2010_07_STL_TB,2010,7,2010-10-24,TB,LA,6.0,17.0,18,17,3.0,38.5,True,TB,11,True,3.0,1
2010_07_WAS_CHI,2010,7,2010-10-24,CHI,WAS,14.0,10.0,14,17,3.0,40.5,False,WAS,4,False,0.0,1
2010_08_BUF_KC,2010,8,2010-10-31,KC,BUF,7.0,0.0,13,10,7.0,45.0,False,BUF,7,False,0.0,0
2010_08_CAR_STL,2010,8,2010-10-31,LA,CAR,10.0,3.0,20,10,2.5,38.0,False,CAR,7,False,0.0,0
2010_08_DEN_SF,2010,8,2010-10-31,SF,DEN,3.0,0.0,24,16,2.0,41.0,False,DEN,3,False,0.0,0
2010_08_GB_NYJ,2010,8,2010-10-31,NYJ,GB,0.0,3.0,0,9,6.5,41.5,True,NYJ,3,True,6.5,0
2010_08_HOU_IND,2010,8,2010-11-01,IND,HOU,17.0,3.0,30,17,5.5,50.5,False,HOU,14,False,0.0,0
2010_08_JAX_DAL,2010,8,2010-10-31,DAL,JAX,3.0,14.0,17,35,6.5,43.5,True,DAL,11,True,6.5,0
2010_08_MIA_CIN,2010,8,2010-10-31,CIN,MIA,14.0,12.0,14,22,-1.0,43.0,False,MIA,2,True,1.0,1
2010_08_SEA_OAK,2010,8,2010-10-31,LV,SEA,10.0,0.0,33,3,1.5,39.5,False,SEA,10,False,0.0,0
2010_08_TB_ARI,2010,8,2010-10-31,ARI,TB,14.0,24.0,35,38,3.0,38.0,True,ARI,10,True,3.0,0
2010_08_TEN_SD,2010,8,2010-10-31,LAC,TEN,14.0,19.0,33,25,6.0,45.0,True,LAC,5,True,6.0,1
2010_08_WAS_DET,2010,8,2010-10-31,DET,WAS,7.0,13.0,37,25,2.5,44.5,True,DET,6,True,2.5,1
2010_09_ARI_MIN,2010,9,2010-11-07,MIN,ARI,10.0,14.0,27,24,7.0,42.5,True,MIN,4,True,7.0,1
2010_09_DAL_GB,2010,9,2010-11-07,GB,DAL,28.0,7.0,45,7,7.0,46.0,False,DAL,21,False,0.0,0
2010_09_IND_PHI,2010,9,2010-11-07,PHI,IND,16.0,17.0,26,24,3.5,46.5,True,PHI,1,True,3.5,1
2010_09_KC_OAK,2010,9,2010-11-07,LV,KC,0.0,10.0,23,20,-1.0,41.0,True,LV,10,False,0.0,1
2010_09_MIA_BAL,2010,9,2010-11-07,BAL,MIA,13.0,10.0,26,10,5.0,40.5,False,MIA,3,False,0.0,0
2010_09_NE_CLE,2010,9,2010-11-07,CLE,NE,17.0,7.0,34,14,-4.0,44.0,False,NE,10,True,4.0,0
2010_09_NO_CAR,2010,9,2010-11-07,CAR,NO,3.0,17.0,3,34,-5.5,40.0,True,CAR,14,False,0.0,0
2010_09_NYG_SEA,2010,9,2010-11-07,SEA,NYG,0.0,35.0,7,41,-7.0,40.5,True,SEA,35,False,0.0,0
2010_09_NYJ_DET,2010,9,2010-11-07,DET,NYJ,7.0,10.0,20,23,-5.5,42.5,True,DET,3,False,0.0,0
2010_09_PIT_CIN,2010,9,2010-11-08,CIN,PIT,7.0,20.0,21,27,-5.0,41.5,True,CIN,13,False,0.0,0
2010_09_SD_HOU,2010,9,2010-11-07,HOU,LAC,20.0,14.0,23,29,-3.0,50.0,False,LAC,6,True,3.0,1
2010_09_TB_ATL,2010,9,2010-11-07,ATL,TB,17.0,14.0,27,21,10.0,44.5,False,TB,3,False,0.0,0
2010_10_BAL_ATL,2010,10,2010-11-11,ATL,BAL,10.0,0.0,26,21,1.0,43.5,False,BAL,10,False,0.0,0
2010_10_CAR_TB,2010,10,2010-11-14,TB,CAR,21.0,10.0,31,16,7.0,36.5,False,CAR,11,False,0.0,0
2010_10_CIN_IND,2010,10,2010-11-14,IND,CIN,20.0,10.0,23,17,6.5,47.0,False,CIN,10,False,0.0,0
2010_10_DAL_NYG,2010,10,2010-11-14,NYG,DAL,6.0,19.0,20,33,11.5,46.0,True,NYG,13,True,11.5,0
2010_10_DET_BUF,2010,10,2010-11-14,BUF,DET,7.0,3.0,14,12,1.5,45.0,False,DET,4,False,0.0,0
2010_10_HOU_JAX,2010,10,2010-11-14,JAX,HOU,17.0,3.0,31,24,1.0,48.0,False,HOU,14,False,0.0,0
2010_10_KC_DEN,2010,10,2010-11-14,DEN,KC,35.0,10.0,49,29,-1.0,44.0,False,KC,25,True,1.0,0
2010_10_MIN_CHI,2010,10,2010-11-14,CHI,MIN,14.0,10.0,27,13,1.0,41.0,False,MIN,4,False,0.0,0
2010_10_NE_PIT,2010,10,2010-11-14,PIT,NE,3.0,10.0,26,39,4.5,44.5,True,PIT,7,True,4.5,0
2010_10_NYJ_CLE,2010,10,2010-11-14,CLE,NYJ,13.0,17.0,20,26,-3.5,37.0,True,CLE,4,False,0.0,0
2010_10_PHI_WAS,2010,10,2010-11-15,WAS,PHI,14.0,45.0,28,59,-3.5,43.5,True,WAS,31,False,0.0,0
2010_10_SEA_ARI,2010,10,2010-11-14,ARI,SEA,10.0,17.0,18,36,3.5,41.0,True,ARI,7,True,3.5,0
2010_11_ARI_KC,2010,11,2010-11-21,KC,ARI,14.0,3.0,31,13,7.0,45.0,False,ARI,11,False,0.0,0
2010_11_ATL_STL,2010,11,2010-11-21,LA,ATL,10.0,16.0,17,34,-3.5,43.0,True,LA,6,False,0.0,0
2010_11_BAL_CAR,2010,11,2010-11-21,CAR,BAL,3.0,17.0,13,37,-13.0,37.0,True,CAR,14,False,0.0,0
2010_11_BUF_CIN,2010,11,2010-11-21,CIN,BUF,31.0,14.0,31,49,4.0,41.0,False,BUF,17,False,0.0,1
2010_11_CHI_MIA,2010,11,2010-11-18,MIA,CHI,0.0,6.0,0,16,2.5,40.0,True,MIA,6,True,2.5,0
2010_11_CLE_JAX,2010,11,2010-11-21,JAX,CLE,10.0,7.0,24,20,2.5,43.0,False,CLE,3,False,0.0,0
2010_11_DEN_SD,2010,11,2010-11-22,LAC,DEN,21.0,7.0,35,14,9.0,50.0,False,DEN,14,False,0.0,0
2010_11_DET_DAL,2010,11,2010-11-21,DAL,DET,7.0,10.0,35,19,5.0,47.5,True,DAL,3,True,5.0,1
2010_11_GB_MIN,2010,11,2010-11-21,MIN,GB,3.0,17.0,3,31,-3.0,45.0,True,MIN,14,False,0.0,0
2010_11_HOU_NYJ,2010,11,2010-11-21,NYJ,HOU,13.0,7.0,30,27,6.5,46.0,False,HOU,6,False,0.0,0
2010_11_IND_NE,2010,11,2010-11-21,NE,IND,21.0,14.0,31,28,4.0,49.5,False,IND,7,False,0.0,0
2010_11_NYG_PHI,2010,11,2010-11-21,PHI,NYG,13.0,3.0,27,17,3.5,47.5,False,NYG,10,False,0.0,0
2010_11_OAK_PIT,2010,11,2010-11-21,PIT,LV,21.0,3.0,35,3,7.0,41.0,False,LV,18,False,0.0,0
2010_11_SEA_NO,2010,11,2010-11-21,NO,SEA,27.0,16.0,34,19,11.0,44.5,False,SEA,11,False,0.0,0
2010_11_TB_SF,2010,11,2010-11-21,SF,TB,0.0,7.0,0,21,3.5,41.0,True,SF,7,True,3.5,0
2010_12_CAR_CLE,2010,12,2010-11-28,CLE,CAR,21.0,13.0,24,23,9.0,37.5,False,CAR,8,False,0.0,0
2010_12_CIN_NYJ,2010,12,2010-11-25,NYJ,CIN,3.0,7.0,26,10,10.0,43.0,True,NYJ,4,True,10.0,1
2010_12_GB_ATL,2010,12,2010-11-28,ATL,GB,10.0,3.0,20,17,2.5,47.5,False,GB,7,False,0.0,0
2010_12_JAX_NYG,2010,12,2010-11-28,NYG,JAX,6.0,17.0,24,20,8.0,42.5,True,NYG,11,True,8.0,1
2010_12_KC_SEA,2010,12,2010-11-28,SEA,KC,10.0,21.0,24,42,-1.0,45.0,True,SEA,11,False,0.0,0
2010_12_MIA_OAK,2010,12,2010-11-28,LV,MIA,14.0,13.0,17,33,3.0,38.0,False,MIA,1,False,0.0,1
2010_12_NE_DET,2010,12,2010-11-25,DET,NE,17.0,10.0,24,45,-6.0,50.5,False,NE,7,True,6.0,1
2010_12_NO_DAL,2010,12,2010-11-25,DAL,NO,6.0,20.0,27,30,-4.5,48.0,True,DAL,14,False,0.0,0
2010_12_PHI_CHI,2010,12,2010-11-28,CHI,PHI,21.0,13.0,31,26,-3.0,41.5,False,PHI,8,True,3.0,0
2010_12_PIT_BUF,2010,12,2010-11-28,BUF,PIT,0.0,13.0,16,19,-6.5,43.5,True,BUF,13,False,0.0,0
2010_12_SD_IND,2010,12,2010-11-28,IND,LAC,14.0,16.0,14,36,2.0,50.0,True,IND,2,True,2.0,0
2010_12_SF_ARI,2010,12,2010-11-29,ARI,SF,6.0,21.0,6,27,-1.0,41.5,True,ARI,15,False,0.0,0
2010_12_STL_DEN,2010,12,2010-11-28,DEN,LA,13.0,26.0,33,36,3.0,46.5,True,DEN,13,True,3.0,0
2010_12_TB_BAL,2010,12,2010-11-28,BAL,TB,17.0,3.0,17,10,7.5,41.0,False,TB,14,False,0.0,0
2010_12_TEN_HOU,2010,12,2010-11-28,HOU,TEN,14.0,0.0,20,0,5.0,46.5,False,TEN,14,False,0.0,0
2010_13_BUF_MIN,2010,13,2010-12-05,MIN,BUF,31.0,7.0,38,14,5.0,43.5,False,BUF,24,False,0.0,0
2010_13_CAR_SEA,2010,13,2010-12-05,SEA,CAR,3.0,14.0,31,14,4.5,40.0,True,SEA,11,True,4.5,1
2010_13_CHI_DET,2010,13,2010-12-05,DET,CHI,17.0,14.0,20,24,-5.0,43.0,False,CHI,3,True,5.0,1
2010_13_DAL_IND,2010,13,2010-12-05,IND,DAL,7.0,17.0,35,38,5.5,47.5,True,IND,10,True,5.5,0
2010_13_DEN_KC,2010,13,2010-12-05,KC,DEN,10.0,3.0,10,6,9.0,48.0,False,DEN,7,False,0.0,0
2010_13_HOU_PHI,2010,13,2010-12-02,PHI,HOU,20.0,10.0,34,24,8.5,51.0,False,HOU,10,False,0.0,0
2010_13_JAX_TEN,2010,13,2010-12-05,TEN,JAX,0.0,17.0,6,17,3.0,43.5,True,TEN,17,True,3.0,0
2010_13_NO_CIN,2010,13,2010-12-05,CIN,NO,6.0,13.0,30,34,-6.5,45.0,True,CIN,7,False,0.0,0
2010_13_NYJ_NE,2010,13,2010-12-06,NE,NYJ,24.0,3.0,45,3,4.0,44.5,False,NYJ,21,False,0.0,0
2010_13_OAK_SD,2010,13,2010-12-05,LAC,LV,3.0,21.0,13,28,12.5,44.5,True,LAC,18,True,12.5,0
2010_13_PIT_BAL,2010,13,2010-12-05,BAL,PIT,7.0,0.0,10,13,3.0,38.0,False,PIT,7,False,0.0,1
2010_13_SF_GB,2010,13,2010-12-05,GB,SF,14.0,13.0,34,16,9.0,41.0,False,SF,1,False,0.0,0
2010_13_STL_ARI,2010,13,2010-12-05,ARI,LA,6.0,9.0,6,19,-3.0,43.5,True,ARI,3,False,0.0,0
2010_13_WAS_NYG,2010,13,2010-12-05,NYG,WAS,21.0,0.0,31,7,7.0,43.0,False,WAS,21,False,0.0,0
2010_14_ATL_CAR,2010,14,2010-12-12,CAR,ATL,0.0,17.0,10,31,-7.0,41.0,True,CAR,17,False,0.0,0
2010_14_BAL_HOU,2010,14,2010-12-13,HOU,BAL,7.0,21.0,28,34,-3.0,47.0,True,HOU,14,False,0.0,0
2010_14_CIN_PIT,2010,14,2010-12-12,PIT,CIN,10.0,7.0,23,7,9.0,39.5,False,CIN,3,False,0.0,0
2010_14_CLE_BUF,2010,14,2010-12-12,BUF,CLE,10.0,6.0,13,6,1.0,39.5,False,CLE,4,False,0.0,0
2010_14_DEN_ARI,2010,14,2010-12-12,ARI,DEN,16.0,3.0,43,13,-4.0,44.5,False,DEN,13,True,4.0,0
2010_14_IND_TEN,2010,14,2010-12-09,TEN,IND,7.0,21.0,28,30,-3.0,44.0,True,TEN,14,False,0.0,0
2010_14_KC_SD,2010,14,2010-12-12,LAC,KC,21.0,0.0,31,0,10.0,45.5,False,KC,21,False,0.0,0
2010_14_MIA_NYJ,2010,14,2010-12-12,NYJ,MIA,3.0,10.0,6,10,5.0,37.5,True,NYJ,7,True,5.0,0
2010_14_NE_CHI,2010,14,2010-12-12,CHI,NE,0.0,33.0,7,36,-3.0,37.5,True,CHI,33,False,0.0,0
2010_14_NYG_MIN,2010,14,2010-12-13,MIN,NYG,3.0,7.0,3,21,-4.5,43.5,True,MIN,4,False,0.0,0
2010_14_OAK_JAX,2010,14,2010-12-12,JAX,LV,7.0,17.0,38,31,3.5,41.0,True,JAX,10,True,3.5,1
2010_14_PHI_DAL,2010,14,2010-12-12,DAL,PHI,10.0,14.0,27,30,-4.0,50.5,True,DAL,4,False,0.0,0
2010_14_SEA_SF,2010,14,2010-12-12,SF,SEA,30.0,7.0,40,21,4.5,42.5,False,SEA,23,False,0.0,0
2010_14_STL_NO,2010,14,2010-12-12,NO,LA,21.0,6.0,31,13,9.5,47.0,False,LA,15,False,0.0,0
2010_14_TB_WAS,2010,14,2010-12-12,WAS,TB,10.0,3.0,16,17,-1.0,41.0,False,TB,7,True,1.0,1
2010_15_ARI_CAR,2010,15,2010-12-19,CAR,ARI,13.0,3.0,19,12,2.5,37.5,False,ARI,10,False,0.0,0
2010_15_ATL_SEA,2010,15,2010-12-19,SEA,ATL,10.0,17.0,18,34,-5.5,46.0,True,SEA,7,False,0.0,0
2010_15_BUF_MIA,2010,15,2010-12-19,MIA,BUF,7.0,10.0,14,17,5.5,40.0,True,MIA,3,True,5.5,0
2010_15_CHI_MIN,2010,15,2010-12-20,MIN,CHI,7.0,17.0,14,40,-5.5,34.0,True,MIN,10,False,0.0,0
2010_15_CLE_CIN,2010,15,2010-12-19,CIN,CLE,10.0,7.0,19,17,1.0,41.5,False,CLE,3,False,0.0,0
2010_15_DET_TB,2010,15,2010-12-19,TB,DET,14.0,10.0,20,23,3.5,43.0,False,DET,4,False,0.0,1
2010_15_GB_NE,2010,15,2010-12-19,NE,GB,14.0,17.0,31,27,14.0,43.5,True,NE,3,True,14.0,1
2010_15_HOU_TEN,2010,15,2010-12-19,TEN,HOU,24.0,3.0,31,17,2.0,47.5,False,HOU,21,False,0.0,0
2010_15_JAX_IND,2010,15,2010-12-19,IND,JAX,14.0,10.0,34,24,4.0,48.0,False,JAX,4,False,0.0,0
2010_15_KC_STL,2010,15,2010-12-19,LA,KC,6.0,14.0,13,27,3.0,42.5,True,LA,8,True,3.0,0
2010_15_NO_BAL,2010,15,2010-12-19,BAL,NO,21.0,14.0,30,24,1.0,45.0,False,NO,7,False,0.0,0
2010_15_PHI_NYG,2010,15,2010-12-19,NYG,PHI,24.0,3.0,31,38,3.0,46.5,False,PHI,21,False,0.0,1
2010_15_SF_SD,2010,15,2010-12-16,LAC,SF,17.0,0.0,34,7,10.0,44.5,False,SF,17,False,0.0,0
2010_15_WAS_DAL,2010,15,2010-12-19,DAL,WAS,20.0,7.0,33,30,9.5,43.5,False,WAS,13,False,0.0,0
2010_16_BAL_CLE,2010,16,2010-12-26,CLE,BAL,10.0,13.0,10,20,-3.5,39.5,True,CLE,3,False,0.0,0
2010_16_CAR_PIT,2010,16,2010-12-23,PIT,CAR,20.0,0.0,27,3,14.0,37.5,False,CAR,20,False,0.0,0
2010_16_DAL_ARI,2010,16,2010-12-25,ARI,DAL,21.0,10.0,27,26,-7.0,45.0,False,DAL,11,True,7.0,0
2010_16_DET_MIA,2010,16,2010-12-26,MIA,DET,17.0,10.0,27,34,3.5,41.0,False,DET,7,False,0.0,1
2010_16_HOU_DEN,2010,16,2010-12-26,DEN,HOU,0.0,17.0,24,23,-2.0,49.5,True,DEN,17,False,0.0,1
2010_16_IND_OAK,2010,16,2010-12-26,LV,IND,13.0,17.0,26,31,-1.0,46.0,True,LV,4,False,0.0,0
2010_16_NE_BUF,2010,16,2010-12-26,BUF,NE,3.0,24.0,3,34,-7.0,46.5,True,BUF,21,False,0.0,0
2010_16_NO_ATL,2010,16,2010-12-27,ATL,NO,7.0,10.0,14,17,2.0,50.0,True,ATL,3,True,2.0,0
2010_16_NYG_GB,2010,16,2010-12-26,GB,NYG,21.0,14.0,45,17,3.0,43.0,False,NYG,7,False,0.0,0
2010_16_NYJ_CHI,2010,16,2010-12-26,CHI,NYJ,17.0,24.0,38,34,1.5,36.0,True,CHI,7,True,1.5,1
2010_16_SD_CIN,2010,16,2010-12-26,CIN,LAC,13.0,3.0,34,20,-9.0,43.5,False,LAC,10,True,9.0,0
2010_16_SEA_TB,2010,16,2010-12-26,TB,SEA,17.0,7.0,38,15,5.0,43.5,False,SEA,10,False,0.0,0
2010_16_SF_STL,2010,16,2010-12-26,LA,SF,12.0,14.0,25,17,2.0,40.0,True,LA,2,True,2.0,1
2010_16_TEN_KC,2010,16,2010-12-26,KC,TEN,31.0,7.0,34,14,4.0,42.5,False,TEN,24,False,0.0,0
2010_16_WAS_JAX,2010,16,2010-12-26,JAX,WAS,7.0,10.0,17,20,7.0,45.5,True,JAX,3,True,7.0,0
2010_17_ARI_SF,2010,17,2011-01-02,SF,ARI,10.0,7.0,38,7,6.0,39.5,False,ARI,3,False,0.0,0
2010_17_BUF_NYJ,2010,17,2011-01-02,NYJ,BUF,17.0,0.0,38,7,1.0,38.0,False,BUF,17,False,0.0,0
2010_17_CAR_ATL,2010,17,2011-01-02,ATL,CAR,21.0,0.0,31,10,14.0,41.0,False,CAR,21,False,0.0,0
2010_17_CHI_GB,2010,17,2011-01-02,GB,CHI,0.0,3.0,10,3,11.0,43.5,True,GB,3,True,11.0,1
2010_17_CIN_BAL,2010,17,2011-01-02,BAL,CIN,6.0,0.0,13,7,9.5,43.0,False,CIN,6,False,0.0,0
2010_17_JAX_HOU,2010,17,2011-01-02,HOU,JAX,20.0,17.0,34,17,4.5,47.5,False,JAX,3,False,0.0,0
2010_17_MIA_NE,2010,17,2011-01-02,NE,MIA,24.0,0.0,38,7,4.0,44.0,False,MIA,24,False,0.0,0
2010_17_MIN_DET,2010,17,2011-01-02,DET,MIN,10.0,0.0,20,13,3.5,43.5,False,MIN,10,False,0.0,0
2010_17_NYG_WAS,2010,17,2011-01-02,WAS,NYG,7.0,10.0,14,17,-4.5,44.5,True,WAS,3,False,0.0,0
2010_17_OAK_KC,2010,17,2011-01-02,KC,LV,3.0,10.0,10,31,4.5,43.0,True,KC,7,True,4.5,0
2010_17_PIT_CLE,2010,17,2011-01-02,CLE,PIT,3.0,31.0,9,41,-6.5,38.0,True,CLE,28,False,0.0,0
2010_17_SD_DEN,2010,17,2011-01-02,DEN,LAC,7.0,16.0,28,33,-5.0,47.5,True,DEN,9,False,0.0,0
2010_17_STL_SEA,2010,17,2011-01-02,SEA,LA,7.0,3.0,16,6,-3.0,42.5,False,LA,4,True,3.0,0
2010_17_TB_NO,2010,17,2011-01-02,NO,TB,7.0,10.0,13,23,7.0,46.5,True,NO,3,True,7.0,0
2010_17_TEN_IND,2010,17,2011-01-02,IND,TEN,13.0,6.0,23,20,9.0,47.5,False,TEN,7,False,0.0,0
2011_01_ATL_CHI,2011,1,2011-09-11,CHI,ATL,16.0,3.0,30,12,-1.0,40.5,False,ATL,13,True,1.0,0
2011_01_BUF_KC,2011,1,2011-09-11,KC,BUF,7.0,20.0,7,41,3.5,38.5,True,KC,13,True,3.5,0
2011_01_CAR_ARI,2011,1,2011-09-11,ARI,CAR,7.0,14.0,28,21,6.5,37.5,True,ARI,7,True,6.5,1
2011_01_CIN_CLE,2011,1,2011-09-11,CLE,CIN,14.0,13.0,17,27,6.5,36.5,False,CIN,1,False,0.0,1
2011_01_DAL_NYJ,2011,1,2011-09-11,NYJ,DAL,7.0,10.0,27,24,6.5,40.5,True,NYJ,3,True,6.5,1
2011_01_DET_TB,2011,1,2011-09-11,TB,DET,13.0,20.0,20,27,1.0,43.5,True,TB,7,True,1.0,0
2011_01_IND_HOU,2011,1,2011-09-11,HOU,IND,34.0,0.0,34,7,9.0,44.0,False,IND,34,False,0.0,0
2011_01_MIN_SD,2011,1,2011-09-11,LAC,MIN,7.0,17.0,24,17,9.0,43.5,True,LAC,10,True,9.0,1
2011_01_NE_MIA,2011,1,2011-09-12,MIA,NE,7.0,14.0,24,38,-7.0,46.5,True,MIA,7,False,0.0,0
2011_01_NO_GB,2011,1,2011-09-08,GB,NO,28.0,17.0,42,34,4.5,47.5,False,NO,11,False,0.0,0
2011_01_OAK_DEN,2011,1,2011-09-12,DEN,LV,3.0,16.0,20,23,3.0,42.5,True,DEN,13,True,3.0,0
2011_01_PHI_STL,2011,1,2011-09-11,LA,PHI,10.0,17.0,13,31,-3.5,44.0,True,LA,7,False,0.0,0
2011_01_PIT_BAL,2011,1,2011-09-11,BAL,PIT,21.0,7.0,35,7,1.0,37.0,False,PIT,14,False,0.0,0
2011_01_SEA_SF,2011,1,2011-09-11,SF,SEA,16.0,0.0,33,17,6.0,38.0,False,SEA,16,False,0.0,0
2011_01_TEN_JAX,2011,1,2011-09-11,JAX,TEN,10.0,0.0,16,14,-1.0,38.0,False,TEN,10,True,1.0,0
2011_02_ARI_WAS,2011,2,2011-09-18,WAS,ARI,10.0,7.0,22,21,4.5,44.5,False,ARI,3,False,0.0,0
2011_02_CHI_NO,2011,2,2011-09-18,NO,CHI,16.0,10.0,30,13,4.5,46.5,False,CHI,6,False,0.0,0
2011_02_CIN_DEN,2011,2,2011-09-18,DEN,CIN,10.0,3.0,24,22,3.5,40.5,False,CIN,7,False,0.0,0
2011_02_CLE_IND,2011,2,2011-09-18,IND,CLE,9.0,14.0,19,27,-1.0,39.5,True,IND,5,False,0.0,0
2011_02_DAL_SF,2011,2,2011-09-18,SF,DAL,14.0,7.0,24,27,-3.0,41.0,False,DAL,7,True,3.0,1
2011_02_GB_CAR,2011,2,2011-09-18,CAR,GB,13.0,7.0,23,30,-10.5,45.5,False,GB,6,True,10.5,1
2011_02_HOU_MIA,2011,2,2011-09-18,MIA,HOU,3.0,16.0,13,23,-3.0,46.5,True,MIA,13,False,0.0,0
2011_02_JAX_NYJ,2011,2,2011-09-18,NYJ,JAX,12.0,3.0,32,3,9.0,38.0,False,JAX,9,False,0.0,0
2011_02_KC_DET,2011,2,2011-09-18,DET,KC,20.0,3.0,48,3,9.0,45.0,False,KC,17,False,0.0,0
2011_02_OAK_BUF,2011,2,2011-09-18,BUF,LV,3.0,21.0,38,35,3.5,40.5,True,BUF,18,True,3.5,1
2011_02_PHI_ATL,2011,2,2011-09-18,ATL,PHI,14.0,10.0,35,31,-2.5,49.0,False,PHI,4,True,2.5,0
2011_02_SD_NE,2011,2,2011-09-18,NE,LAC,20.0,7.0,35,21,6.5,53.5,False,LAC,13,False,0.0,0
2011_02_SEA_PIT,2011,2,2011-09-18,PIT,SEA,17.0,0.0,24,0,13.5,39.5,False,SEA,17,False,0.0,0
2011_02_STL_NYG,2011,2,2011-09-19,NYG,LA,21.0,6.0,28,16,7.0,43.5,False,LA,15,False,0.0,0
2011_02_TB_MIN,2011,2,2011-09-18,MIN,TB,17.0,0.0,20,24,1.0,41.0,False,TB,17,False,0.0,1
2011_03_ARI_SEA,2011,3,2011-09-25,SEA,ARI,6.0,10.0,13,10,-3.0,42.5,True,SEA,4,False,0.0,1
2011_03_ATL_TB,2011,3,2011-09-25,TB,ATL,13.0,3.0,16,13,1.0,45.0,False,ATL,10,False,0.0,0
2011_03_BAL_STL,2011,3,2011-09-25,LA,BAL,0.0,27.0,7,37,-5.5,41.5,True,LA,27,False,0.0,0
2011_03_DEN_TEN,2011,3,2011-09-25,TEN,DEN,10.0,7.0,17,14,7.0,43.5,False,DEN,3,False,0.0,0
2011_03_DET_MIN,2011,3,2011-09-25,MIN,DET,20.0,0.0,23,26,-3.0,44.5,False,DET,20,True,3.0,1
2011_03_GB_CHI,2011,3,2011-09-25,CHI,GB,10.0,17.0,17,27,-4.0,45.5,True,CHI,7,False,0.0,0
2011_03_HOU_NO,2011,3,2011-09-25,NO,HOU,10.0,16.0,40,33,3.5,51.0,True,NO,6,True,3.5,1
2011_03_JAX_CAR,2011,3,2011-09-25,CAR,JAX,5.0,10.0,16,10,3.5,43.0,True,CAR,5,True,3.5,1
2011_03_KC_SD,2011,3,2011-09-25,LAC,KC,10.0,0.0,20,17,14.0,44.5,False,KC,10,False,0.0,0
2011_03_MIA_CLE,2011,3,2011-09-25,CLE,MIA,7.0,10.0,17,16,-1.0,42.5,True,CLE,3,False,0.0,1
2011_03_NE_BUF,2011,3,2011-09-25,BUF,NE,10.0,21.0,34,31,-7.0,54.0,True,BUF,11,False,0.0,1
2011_03_NYG_PHI,2011,3,2011-09-25,PHI,NYG,13.0,14.0,16,29,9.0,46.5,True,PHI,1,True,9.0,0
2011_03_PIT_IND,2011,3,2011-09-25,IND,PIT,13.0,10.0,20,23,-10.5,39.5,False,PIT,3,True,10.5,1
2011_03_SF_CIN,2011,3,2011-09-25,CIN,SF,3.0,0.0,8,13,1.0,38.5,False,SF,3,False,0.0,1
2011_04_ATL_SEA,2011,4,2011-10-02,SEA,ATL,7.0,24.0,28,30,-6.0,39.5,True,SEA,17,False,0.0,0
2011_04_BUF_CIN,2011,4,2011-10-02,CIN,BUF,3.0,17.0,23,20,-3.0,41.5,True,CIN,14,False,0.0,1
2011_04_CAR_CHI,2011,4,2011-10-02,CHI,CAR,24.0,20.0,34,29,7.0,41.5,False,CAR,4,False,0.0,0
2011_04_DEN_GB,2011,4,2011-10-02,GB,DEN,28.0,17.0,49,23,12.0,46.5,False,DEN,11,False,0.0,0
2011_04_DET_DAL,2011,4,2011-10-02,DAL,DET,20.0,3.0,30,34,2.5,46.0,False,DET,17,False,0.0,1
2011_04_IND_TB,2011,4,2011-10-03,TB,IND,7.0,10.0,24,17,10.0,40.0,True,TB,3,True,10.0,1
2011_04_MIA_SD,2011,4,2011-10-02,LAC,MIA,13.0,10.0,26,16,6.5,45.0,False,MIA,3,False,0.0,0
2011_04_MIN_KC,2011,4,2011-10-02,KC,MIN,9.0,7.0,22,17,-3.0,40.0,False,MIN,2,True,3.0,0
2011_04_NE_OAK,2011,4,2011-10-02,LV,NE,10.0,17.0,19,31,-6.0,55.0,True,LV,7,False,0.0,0
2011_04_NO_JAX,2011,4,2011-10-02,JAX,NO,10.0,14.0,10,23,-9.0,45.0,True,JAX,4,False,0.0,0
2011_04_NYG_ARI,2011,4,2011-10-02,ARI,NYG,6.0,10.0,27,31,-1.0,45.5,True,ARI,4,False,0.0,0
2011_04_NYJ_BAL,2011,4,2011-10-02,BAL,NYJ,27.0,17.0,34,17,5.0,43.0,False,NYJ,10,False,0.0,0
2011_04_PIT_HOU,2011,4,2011-10-02,HOU,PIT,10.0,0.0,17,10,4.0,46.0,False,PIT,10,False,0.0,0
2011_04_SF_PHI,2011,4,2011-10-02,PHI,SF,20.0,3.0,23,24,9.5,43.5,False,SF,17,False,0.0,1
2011_04_TEN_CLE,2011,4,2011-10-02,CLE,TEN,6.0,21.0,13,31,1.0,37.5,True,CLE,15,True,1.0,0
2011_04_WAS_STL,2011,4,2011-10-02,LA,WAS,0.0,14.0,10,17,-3.0,44.0,True,LA,14,False,0.0,0
2011_05_ARI_MIN,2011,5,2011-10-09,MIN,ARI,28.0,3.0,34,10,3.5,44.5,False,ARI,25,False,0.0,0
2011_05_CHI_DET,2011,5,2011-10-10,DET,CHI,7.0,10.0,24,13,6.5,47.0,True,DET,3,True,6.5,1
2011_05_GB_ATL,2011,5,2011-10-09,ATL,GB,14.0,6.0,14,25,-6.0,53.5,False,GB,8,True,6.0,1
2011_05_KC_IND,2011,5,2011-10-09,IND,KC,24.0,14.0,24,28,1.0,37.5,False,KC,10,False,0.0,1
2011_05_NO_CAR,2011,5,2011-10-09,CAR,NO,13.0,20.0,27,30,-6.5,51.0,True,CAR,7,False,0.0,0
2011_05_NYJ_NE,2011,5,2011-10-09,NE,NYJ,10.0,7.0,30,21,7.5,50.5,False,NYJ,3,False,0.0,0
2011_05_OAK_HOU,2011,5,2011-10-09,HOU,LV,14.0,12.0,20,25,4.5,47.5,False,LV,2,False,0.0,1
2011_05_PHI_BUF,2011,5,2011-10-09,BUF,PHI,21.0,7.0,31,24,-3.0,52.5,False,PHI,14,True,3.0,0
2011_05_SD_DEN,2011,5,2011-10-09,DEN,LAC,10.0,23.0,24,29,-3.5,47.0,True,DEN,13,False,0.0,0
2011_05_TB_SF,2011,5,2011-10-09,SF,TB,24.0,3.0,48,3,2.5,41.0,False,TB,21,False,0.0,0
2011_05_TEN_PIT,2011,5,2011-10-09,PIT,TEN,21.0,3.0,38,17,3.0,40.0,False,TEN,18,False,0.0,0
2011_06_CAR_ATL,2011,6,2011-10-16,ATL,CAR,14.0,10.0,31,17,3.5,49.0,False,CAR,4,False,0.0,0
2011_06_CLE_OAK,2011,6,2011-10-16,LV,CLE,14.0,7.0,24,17,6.5,44.5,False,CLE,7,False,0.0,0
2011_06_DAL_NE,2011,6,2011-10-16,NE,DAL,13.0,10.0,20,16,6.5,54.5,False,DAL,3,False,0.0,0
2011_06_HOU_BAL,2011,6,2011-10-16,BAL,HOU,10.0,7.0,29,14,7.0,43.5,False,HOU,3,False,0.0,0
2011_06_IND_CIN,2011,6,2011-10-16,CIN,IND,10.0,7.0,27,17,5.0,40.0,False,IND,3,False,0.0,0
2011_06_JAX_PIT,2011,6,2011-10-16,PIT,JAX,17.0,3.0,17,13,12.5,40.0,False,JAX,14,False,0.0,0
2011_06_MIA_NYJ,2011,6,2011-10-17,NYJ,MIA,14.0,6.0,24,6,7.0,41.5,False,MIA,8,False,0.0,0
2011_06_MIN_CHI,2011,6,2011-10-16,CHI,MIN,26.0,3.0,39,10,1.0,41.5,False,MIN,23,False,0.0,0
2011_06_NO_TB,2011,6,2011-10-16,TB,NO,20.0,7.0,26,20,-6.0,49.5,False,NO,13,True,6.0,0
2011_06_PHI_WAS,2011,6,2011-10-16,WAS,PHI,3.0,20.0,13,20,-3.0,46.5,True,WAS,17,False,0.0,0
2011_06_SF_DET,2011,6,2011-10-16,DET,SF,10.0,12.0,19,25,5.5,45.0,True,DET,2,True,5.5,0
2011_06_STL_GB,2011,6,2011-10-16,GB,LA,24.0,3.0,24,3,14.0,47.0,False,LA,21,False,0.0,0
2011_07_ATL_DET,2011,7,2011-10-23,DET,ATL,6.0,17.0,16,23,4.5,47.0,True,DET,11,True,4.5,0
2011_07_BAL_JAX,2011,7,2011-10-24,JAX,BAL,6.0,0.0,12,7,-10.0,38.5,False,BAL,6,True,10.0,0
2011_07_CHI_TB,2011,7,2011-10-23,TB,CHI,5.0,14.0,18,24,-1.5,44.0,True,TB,9,False,0.0,0
2011_07_DEN_MIA,2011,7,2011-10-23,MIA,DEN,6.0,0.0,15,18,-1.0,41.5,False,DEN,6,True,1.0,1
2011_07_GB_MIN,2011,7,2011-10-23,MIN,GB,17.0,13.0,27,33,-10.0,47.0,False,GB,4,True,10.0,1
2011_07_HOU_TEN,2011,7,2011-10-23,TEN,HOU,0.0,20.0,7,41,3.0,44.0,True,TEN,20,True,3.0,0
2011_07_IND_NO,2011,7,2011-10-23,NO,IND,34.0,7.0,62,7,13.5,49.0,False,IND,27,False,0.0,0
2011_07_KC_OAK,2011,7,2011-10-23,LV,KC,0.0,14.0,0,28,3.5,41.5,True,LV,14,True,3.5,0
2011_07_PIT_ARI,2011,7,2011-10-23,ARI,PIT,7.0,17.0,20,32,-4.0,46.0,True,ARI,10,False,0.0,0
2011_07_SD_NYJ,2011,7,2011-10-23,NYJ,LAC,10.0,21.0,27,21,-1.0,43.0,True,NYJ,11,False,0.0,1
2011_07_SEA_CLE,2011,7,2011-10-23,CLE,SEA,3.0,0.0,6,3,3.0,41.0,False,SEA,3,False,0.0,0
2011_07_STL_DAL,2011,7,2011-10-23,DAL,LA,17.0,7.0,34,7,14.0,43.0,False,LA,10,False,0.0,0
2011_07_WAS_CAR,2011,7,2011-10-23,CAR,WAS,9.0,6.0,33,20,1.5,44.5,False,WAS,3,False,0.0,0
2011_08_ARI_BAL,2011,8,2011-10-30,BAL,ARI,6.0,24.0,30,27,12.0,43.0,True,BAL,18,True,12.0,1
2011_08_CIN_SEA,2011,8,2011-10-30,SEA,CIN,3.0,17.0,12,34,-1.0,37.5,True,SEA,14,False,0.0,0
2011_08_CLE_SF,2011,8,2011-10-30,SF,CLE,17.0,3.0,20,10,9.0,38.5,False,CLE,14,False,0.0,0
2011_08_DAL_PHI,2011,8,2011-10-30,PHI,DAL,24.0,0.0,34,7,3.0,49.0,False,DAL,24,False,0.0,0
2011_08_DET_DEN,2011,8,2011-10-30,DEN,DET,3.0,24.0,10,45,-3.0,43.5,True,DEN,21,False,0.0,0
2011_08_IND_TEN,2011,8,2011-10-30,TEN,IND,20.0,0.0,27,10,9.0,43.5,False,IND,20,False,0.0,0
2011_08_MIA_NYG,2011,8,2011-10-30,NYG,MIA,3.0,14.0,20,17,9.5,43.5,True,NYG,11,True,9.5,1
2011_08_NE_PIT,2011,8,2011-10-30,PIT,NE,17.0,10.0,25,17,-3.0,52.0,False,NE,7,True,3.0,0
2011_08_NO_STL,2011,8,2011-10-30,LA,NO,17.0,0.0,31,21,-13.5,48.5,False,NO,17,True,13.5,0
2011_08_SD_KC,2011,8,2011-10-31,KC,LAC,13.0,3.0,23,20,-3.0,44.5,False,LAC,10,True,3.0,0
2011_08_WAS_BUF,2011,8,2011-10-30,BUF,WAS,13.0,0.0,23,0,4.0,46.5,False,WAS,13,False,0.0,0
2011_09_ATL_IND,2011,9,2011-11-06,IND,ATL,7.0,21.0,7,31,-6.5,45.0,True,IND,14,False,0.0,0
2011_09_BAL_PIT,2011,9,2011-11-06,PIT,BAL,6.0,9.0,20,23,3.5,41.5,True,PIT,3,True,3.5,0
2011_09_CHI_PHI,2011,9,2011-11-07,PHI,CHI,10.0,17.0,24,30,9.0,47.5,True,PHI,7,True,9.0,0
2011_09_CIN_TEN,2011,9,2011-11-06,TEN,CIN,17.0,7.0,17,24,1.5,41.5,False,CIN,10,False,0.0,1
2011_09_CLE_HOU,2011,9,2011-11-06,HOU,CLE,24.0,3.0,30,12,10.5,42.5,False,CLE,21,False,0.0,0
2011_09_DEN_OAK,2011,9,2011-11-06,LV,DEN,17.0,7.0,24,38,7.0,41.5,False,DEN,10,False,0.0,1
2011_09_GB_SD,2011,9,2011-11-06,LAC,GB,17.0,28.0,38,45,-5.5,50.5,True,LAC,11,False,0.0,0
2011_09_MIA_KC,2011,9,2011-11-06,KC,MIA,3.0,14.0,3,31,5.0,41.0,True,KC,11,True,5.0,0
2011_09_NYJ_BUF,2011,9,2011-11-06,BUF,NYJ,0.0,3.0,11,27,2.5,45.0,True,BUF,3,True,2.5,0
2011_09_SF_WAS,2011,9,2011-11-06,WAS,SF,3.0,13.0,11,19,-5.0,38.0,True,WAS,10,False,0.0,0
2011_09_STL_ARI,2011,9,2011-11-06,ARI,LA,3.0,9.0,19,13,1.0,41.5,True,ARI,6,True,1.0,1
2011_09_TB_NO,2011,9,2011-11-06,NO,TB,17.0,3.0,27,16,9.0,50.5,False,TB,14,False,0.0,0
2011_10_ARI_PHI,2011,10,2011-11-13,PHI,ARI,14.0,7.0,17,21,13.5,47.0,False,ARI,7,False,0.0,1
2011_10_BAL_SEA,2011,10,2011-11-13,SEA,BAL,19.0,7.0,22,17,-7.0,38.5,False,BAL,12,True,7.0,0
2011_10_BUF_DAL,2011,10,2011-11-13,DAL,BUF,28.0,7.0,44,7,4.5,48.5,False,BUF,21,False,0.0,0
2011_10_DEN_KC,2011,10,2011-11-13,KC,DEN,0.0,10.0,10,17,3.0,42.0,True,KC,10,True,3.0,0
2011_10_DET_CHI,2011,10,2011-11-13,CHI,DET,20.0,3.0,37,13,2.5,42.5,False,DET,17,False,0.0,0
2011_10_HOU_TB,2011,10,2011-11-13,TB,HOU,3.0,16.0,9,37,-3.5,45.5,True,TB,13,False,0.0,0
2011_10_MIN_GB,2011,10,2011-11-14,GB,MIN,17.0,0.0,45,7,12.5,49.0,False,MIN,17,False,0.0,0
2011_10_NE_NYJ,2011,10,2011-11-13,NYJ,NE,9.0,13.0,16,37,2.5,47.0,True,NYJ,4,True,2.5,0
2011_10_NO_ATL,2011,10,2011-11-13,ATL,NO,6.0,10.0,23,26,1.0,49.5,True,ATL,4,True,1.0,0
2011_10_NYG_SF,2011,10,2011-11-13,SF,NYG,9.0,6.0,27,20,4.0,42.5,False,NYG,3,False,0.0,0
2011_10_OAK_SD,2011,10,2011-11-10,LAC,LV,3.0,17.0,17,24,7.5,47.5,True,LAC,14,True,7.5,0
2011_10_PIT_CIN,2011,10,2011-11-13,CIN,PIT,10.0,17.0,17,24,-3.5,40.5,True,CIN,7,False,0.0,0
2011_10_STL_CLE,2011,10,2011-11-13,CLE,LA,9.0,10.0,12,13,2.5,36.5,True,CLE,1,True,2.5,0
2011_10_TEN_CAR,2011,10,2011-11-13,CAR,TEN,0.0,17.0,3,30,3.5,47.5,True,CAR,17,True,3.5,0
2011_10_WAS_MIA,2011,10,2011-11-13,MIA,WAS,10.0,6.0,20,9,4.0,38.5,False,WAS,4,False,0.0,0
2011_11_ARI_SF,2011,11,2011-11-20,SF,ARI,9.0,0.0,23,7,10.0,40.5,False,ARI,9,False,0.0,0
2011_11_BUF_MIA,2011,11,2011-11-20,MIA,BUF,28.0,6.0,35,8,3.0,44.0,False,BUF,22,False,0.0,0
2011_11_CAR_DET,2011,11,2011-11-20,DET,CAR,14.0,27.0,49,35,7.0,47.5,True,DET,13,True,7.0,1
2011_11_CIN_BAL,2011,11,2011-11-20,BAL,CIN,14.0,7.0,31,24,7.0,39.5,False,CIN,7,False,0.0,0
2011_11_DAL_WAS,2011,11,2011-11-20,WAS,DAL,14.0,10.0,24,27,-7.0,43.0,False,DAL,4,True,7.0,1
2011_11_KC_NE,2011,11,2011-11-21,NE,KC,10.0,3.0,34,3,17.0,46.5,False,KC,7,False,0.0,0
2011_11_OAK_MIN,2011,11,2011-11-20,MIN,LV,7.0,24.0,21,27,1.0,46.0,True,MIN,17,True,1.0,0
2011_11_PHI_NYG,2011,11,2011-11-20,NYG,PHI,3.0,10.0,10,17,6.0,45.0,True,NYG,7,True,6.0,0
2011_11_SD_CHI,2011,11,2011-11-20,CHI,LAC,17.0,10.0,31,20,4.5,45.0,False,LAC,7,False,0.0,0
2011_11_SEA_STL,2011,11,2011-11-20,LA,SEA,7.0,10.0,7,24,3.0,40.5,True,LA,3,True,3.0,0
2011_11_TB_GB,2011,11,2011-11-20,GB,TB,21.0,10.0,35,26,13.5,48.5,False,TB,11,False,0.0,0
2011_11_TEN_ATL,2011,11,2011-11-20,ATL,TEN,13.0,3.0,23,17,6.0,44.0,False,TEN,10,False,0.0,0
2011_12_ARI_STL,2011,12,2011-11-27,LA,ARI,10.0,3.0,20,23,1.0,40.0,False,ARI,7,False,0.0,1
2011_12_CHI_OAK,2011,12,2011-11-27,LV,CHI,12.0,7.0,25,20,3.0,40.5,False,CHI,5,False,0.0,0
2011_12_CLE_CIN,2011,12,2011-11-27,CIN,CLE,7.0,17.0,23,20,6.5,38.5,True,CIN,10,True,6.5,1
2011_12_DEN_SD,2011,12,2011-11-27,LAC,DEN,10.0,7.0,13,16,4.5,42.5,False,DEN,3,False,0.0,1
2011_12_GB_DET,2011,12,2011-11-24,DET,GB,0.0,7.0,15,27,-4.0,55.0,True,DET,7,False,0.0,0
2011_12_HOU_JAX,2011,12,2011-11-27,JAX,HOU,10.0,20.0,13,20,-6.0,37.0,True,JAX,10,False,0.0,0
2011_12_MIA_DAL,2011,12,2011-11-24,DAL,MIA,10.0,6.0,20,19,7.0,45.5,False,MIA,4,False,0.0,0
2011_12_MIN_ATL,2011,12,2011-11-27,ATL,MIN,17.0,0.0,24,14,10.0,44.0,False,MIN,17,False,0.0,0
2011_12_NE_PHI,2011,12,2011-11-27,PHI,NE,13.0,24.0,20,38,-3.0,50.5,True,PHI,11,False,0.0,0
2011_12_NYG_NO,2011,12,2011-11-28,NO,NYG,21.0,3.0,49,24,7.0,51.0,False,NYG,18,False,0.0,0
2011_12_PIT_KC,2011,12,2011-11-27,KC,PIT,6.0,13.0,9,13,-10.5,41.5,True,KC,7,False,0.0,0
2011_12_SF_BAL,2011,12,2011-11-24,BAL,SF,6.0,3.0,16,6,3.0,38.5,False,SF,3,False,0.0,0
2011_13_ATL_HOU,2011,13,2011-12-04,HOU,ATL,10.0,3.0,17,10,-1.0,38.5,False,ATL,7,True,1.0,0
2011_13_BAL_CLE,2011,13,2011-12-04,CLE,BAL,0.0,10.0,10,24,-7.0,38.5,True,CLE,10,False,0.0,0
2011_13_CAR_TB,2011,13,2011-12-04,TB,CAR,12.0,24.0,19,38,-1.0,45.5,True,TB,12,False,0.0,0
2011_13_CIN_PIT,2011,13,2011-12-04,PIT,CIN,28.0,7.0,35,7,7.0,43.5,False,CIN,21,False,0.0,0
2011_13_DAL_ARI,2011,13,2011-12-04,ARI,DAL,3.0,10.0,19,13,-4.0,46.5,True,ARI,7,False,0.0,1
2011_13_DEN_MIN,2011,13,2011-12-04,MIN,DEN,15.0,7.0,32,35,1.0,37.5,False,DEN,8,False,0.0,1
2011_13_DET_NO,2011,13,2011-12-04,NO,DET,30.0,7.0,31,17,9.5,55.0,False,DET,23,False,0.0,0
2011_13_GB_NYG,2011,13,2011-12-04,NYG,GB,17.0,21.0,35,38,-7.0,53.5,True,NYG,4,False,0.0,0
2011_13_IND_NE,2011,13,2011-12-04,NE,IND,10.0,3.0,31,24,20.5,48.5,False,IND,7,False,0.0,0
2011_13_KC_CHI,2011,13,2011-12-04,CHI,KC,3.0,7.0,3,10,9.0,35.0,True,CHI,4,True,9.0,0
2011_13_NYJ_WAS,2011,13,2011-12-04,WAS,NYJ,13.0,10.0,19,34,-3.0,38.5,False,NYJ,3,True,3.0,1
2011_13_OAK_MIA,2011,13,2011-12-04,MIA,LV,13.0,0.0,34,14,3.5,43.0,False,LV,13,False,0.0,0
2011_13_PHI_SEA,2011,13,2011-12-01,SEA,PHI,17.0,7.0,31,14,-3.0,43.5,False,PHI,10,True,3.0,0
2011_13_SD_JAX,2011,13,2011-12-05,JAX,LAC,14.0,24.0,14,38,-3.0,39.5,True,JAX,10,False,0.0,0
2011_13_STL_SF,2011,13,2011-12-04,SF,LA,9.0,0.0,26,0,14.0,38.5,False,LA,9,False,0.0,0
2011_13_TEN_BUF,2011,13,2011-12-04,BUF,TEN,10.0,17.0,17,23,1.0,43.5,True,BUF,7,True,1.0,0
2011_14_ATL_CAR,2011,14,2011-12-11,CAR,ATL,23.0,7.0,23,31,-3.0,48.0,False,ATL,16,True,3.0,1
2011_14_BUF_SD,2011,14,2011-12-11,LAC,BUF,16.0,0.0,37,10,7.0,49.5,False,BUF,16,False,0.0,0
2011_14_CLE_PIT,2011,14,2011-12-08,PIT,CLE,7.0,3.0,14,3,14.0,40.0,False,CLE,4,False,0.0,0
2011_14_HOU_CIN,2011,14,2011-12-11,CIN,HOU,16.0,3.0,19,20,2.5,37.5,False,HOU,13,False,0.0,1
2011_14_IND_BAL,2011,14,2011-12-11,BAL,IND,17.0,3.0,24,10,16.5,41.5,False,IND,14,False,0.0,0
2011_14_KC_NYJ,2011,14,2011-12-11,NYJ,KC,28.0,3.0,37,10,10.5,35.5,False,KC,25,False,0.0,0
2011_14_MIN_DET,2011,14,2011-12-11,DET,MIN,31.0,14.0,34,28,10.0,48.0,False,MIN,17,False,0.0,0
2011_14_NE_WAS,2011,14,2011-12-11,WAS,NE,20.0,17.0,27,34,-7.5,46.5,False,NE,3,True,7.5,1
2011_14_NO_TEN,2011,14,2011-12-11,TEN,NO,3.0,6.0,17,22,-3.5,47.5,True,TEN,3,False,0.0,0
2011_14_NYG_DAL,2011,14,2011-12-11,DAL,NYG,17.0,15.0,34,37,4.5,48.5,False,NYG,2,False,0.0,1
2011_14_OAK_GB,2011,14,2011-12-11,GB,LV,31.0,0.0,46,16,11.5,49.5,False,LV,31,False,0.0,0
2011_14_PHI_MIA,2011,14,2011-12-11,MIA,PHI,7.0,24.0,10,26,3.0,44.5,True,MIA,17,True,3.0,0
2011_14_SF_ARI,2011,14,2011-12-11,ARI,SF,7.0,12.0,21,19,-3.5,39.0,True,ARI,5,False,0.0,1
2011_14_STL_SEA,2011,14,2011-12-12,SEA,LA,10.0,3.0,30,13,9.0,38.0,False,LA,7,False,0.0,0
2011_14_TB_JAX,2011,14,2011-12-11,JAX,TB,28.0,14.0,41,14,-3.0,41.5,False,TB,14,True,3.0,0
2011_15_BAL_SD,2011,15,2011-12-18,LAC,BAL,17.0,7.0,34,14,-1.0,44.5,False,BAL,10,True,1.0,0
2011_15_CAR_HOU,2011,15,2011-12-18,HOU,CAR,0.0,21.0,13,28,4.5,45.0,True,HOU,21,True,4.5,0
2011_15_CIN_STL,2011,15,2011-12-18,LA,CIN,6.0,3.0,13,20,-7.0,38.5,False,CIN,3,True,7.0,1
2011_15_CLE_ARI,2011,15,2011-12-18,ARI,CLE,7.0,10.0,20,17,6.0,37.0,True,ARI,3,True,6.0,1
2011_15_DAL_TB,2011,15,2011-12-17,TB,DAL,0.0,28.0,15,31,-7.0,47.0,True,TB,28,False,0.0,0
2011_15_DET_OAK,2011,15,2011-12-18,LV,DET,17.0,14.0,27,28,-1.0,47.5,False,DET,3,True,1.0,1
2011_15_GB_KC,2011,15,2011-12-18,KC,GB,6.0,0.0,19,14,-11.0,46.0,False,GB,6,True,11.0,0
2011_15_JAX_ATL,2011,15,2011-12-15,ATL,JAX,27.0,0.0,41,14,14.0,41.5,False,JAX,27,False,0.0,0
2011_15_MIA_BUF,2011,15,2011-12-18,BUF,MIA,7.0,13.0,23,30,-1.0,42.5,True,BUF,6,False,0.0,0
2011_15_NE_DEN,2011,15,2011-12-18,DEN,NE,16.0,27.0,23,41,-7.0,47.5,True,DEN,11,False,0.0,0
2011_15_NO_MIN,2011,15,2011-12-18,MIN,NO,13.0,21.0,20,42,-7.0,53.5,True,MIN,8,False,0.0,0
2011_15_NYJ_PHI,2011,15,2011-12-18,PHI,NYJ,28.0,13.0,45,19,3.0,44.0,False,NYJ,15,False,0.0,0
2011_15_PIT_SF,2011,15,2011-12-19,SF,PIT,6.0,0.0,20,3,3.0,37.0,False,PIT,6,False,0.0,0
2011_15_SEA_CHI,2011,15,2011-12-18,CHI,SEA,14.0,7.0,14,38,3.5,34.5,False,SEA,7,False,0.0,1
2011_15_TEN_IND,2011,15,2011-12-18,IND,TEN,3.0,6.0,27,13,-6.5,41.5,True,IND,3,False,0.0,1
2011_15_WAS_NYG,2011,15,2011-12-18,NYG,WAS,3.0,17.0,10,23,5.5,45.0,True,NYG,14,True,5.5,0
2011_16_ARI_CIN,2011,16,2011-12-24,CIN,ARI,20.0,0.0,23,16,3.5,41.0,False,ARI,20,False,0.0,0
2011_16_ATL_NO,2011,16,2011-12-26,NO,ATL,21.0,10.0,45,16,7.0,53.0,False,ATL,11,False,0.0,0
2011_16_CHI_GB,2011,16,2011-12-25,GB,CHI,14.0,3.0,35,21,13.0,41.5,False,CHI,11,False,0.0,0
2011_16_CLE_BAL,2011,16,2011-12-24,BAL,CLE,17.0,0.0,20,14,10.5,38.0,False,CLE,17,False,0.0,0
2011_16_DEN_BUF,2011,16,2011-12-24,BUF,DEN,17.0,7.0,40,14,-3.0,43.5,False,DEN,10,True,3.0,0
2011_16_HOU_IND,2011,16,2011-12-22,IND,HOU,6.0,10.0,19,16,-7.0,40.5,True,IND,4,False,0.0,1
2011_16_JAX_TEN,2011,16,2011-12-24,TEN,JAX,17.0,10.0,23,17,8.5,38.5,False,JAX,7,False,0.0,0
2011_16_MIA_NE,2011,16,2011-12-24,NE,MIA,0.0,17.0,27,24,7.5,49.0,True,NE,17,True,7.5,1
2011_16_NYG_NYJ,2011,16,2011-12-24,NYJ,NYG,7.0,10.0,14,29,1.5,45.5,True,NYJ,3,True,1.5,0
2011_16_PHI_DAL,2011,16,2011-12-24,DAL,PHI,0.0,14.0,7,20,-1.5,49.5,True,DAL,14,False,0.0,0
2011_16_SD_DET,2011,16,2011-12-24,DET,LAC,24.0,0.0,38,10,-1.0,52.5,False,LAC,24,True,1.0,0
2011_16_SF_SEA,2011,16,2011-12-24,SEA,SF,10.0,3.0,17,19,-1.5,36.5,False,SF,7,True,1.5,1
2011_16_STL_PIT,2011,16,2011-12-24,PIT,LA,10.0,0.0,27,0,10.0,33.5,False,LA,10,False,0.0,0
2011_16_TB_CAR,2011,16,2011-12-24,CAR,TB,20.0,10.0,48,16,9.0,48.5,False,TB,10,False,0.0,0
2011_17_BAL_CIN,2011,17,2012-01-01,CIN,BAL,3.0,17.0,16,24,-2.5,37.5,True,CIN,14,False,0.0,0
2011_17_BUF_NE,2011,17,2012-01-01,NE,BUF,14.0,21.0,49,21,10.0,49.5,True,NE,7,True,10.0,1
2011_17_CAR_NO,2011,17,2012-01-01,NO,CAR,24.0,17.0,45,17,7.0,54.5,False,CAR,7,False,0.0,0
2011_17_CHI_MIN,2011,17,2012-01-01,MIN,CHI,13.0,14.0,13,17,1.5,41.5,True,MIN,1,True,1.5,0
2011_17_DAL_NYG,2011,17,2012-01-01,NYG,DAL,21.0,0.0,31,14,3.0,48.0,False,DAL,21,False,0.0,0
2011_17_DET_GB,2011,17,2012-01-01,GB,DET,24.0,19.0,45,41,-6.5,41.5,False,DET,5,True,6.5,0
2011_17_IND_JAX,2011,17,2012-01-01,JAX,IND,10.0,3.0,19,13,3.0,36.5,False,IND,7,False,0.0,0
2011_17_KC_DEN,2011,17,2012-01-01,DEN,KC,0.0,7.0,3,7,1.0,37.0,True,DEN,7,True,1.0,0
2011_17_NYJ_MIA,2011,17,2012-01-01,MIA,NYJ,6.0,10.0,19,17,1.5,38.0,True,MIA,4,True,1.5,1
2011_17_PIT_CLE,2011,17,2012-01-01,CLE,PIT,6.0,3.0,9,13,-7.0,33.0,False,PIT,3,True,7.0,1
2011_17_SD_OAK,2011,17,2012-01-01,LV,LAC,13.0,24.0,26,38,2.5,50.5,True,LV,11,True,2.5,0
2011_17_SEA_ARI,2011,17,2012-01-01,ARI,SEA,10.0,3.0,23,20,2.5,40.5,False,SEA,7,False,0.0,0
2011_17_SF_STL,2011,17,2012-01-01,LA,SF,7.0,20.0,27,34,-12.5,35.5,True,LA,13,False,0.0,0
2011_17_TB_ATL,2011,17,2012-01-01,ATL,TB,42.0,7.0,45,24,10.0,45.5,False,TB,35,False,0.0,0
2011_17_TEN_HOU,2011,17,2012-01-01,HOU,TEN,10.0,13.0,22,23,-1.0,38.5,True,HOU,3,False,0.0,0
2011_17_WAS_PHI,2011,17,2012-01-01,PHI,WAS,10.0,0.0,34,10,7.0,44.0,False,WAS,10,False,0.0,0
2012_01_ATL_KC,2012,1,2012-09-09,KC,ATL,17.0,20.0,24,40,-1.0,43.0,True,KC,3,False,0.0,0
2012_01_BUF_NYJ,2012,1,2012-09-09,NYJ,BUF,27.0,7.0,48,28,3.0,39.5,False,BUF,20,False,0.0,0
2012_01_CAR_TB,2012,1,2012-09-09,TB,CAR,13.0,0.0,16,10,-3.0,45.5,False,CAR,13,True,3.0,0
2012_01_CIN_BAL,2012,1,2012-09-10,BAL,CIN,17.0,10.0,44,13,7.0,42.5,False,CIN,7,False,0.0,0
2012_01_DAL_NYG,2012,1,2012-09-05,NYG,DAL,3.0,7.0,17,24,3.5,45.5,True,NYG,4,True,3.5,0
2012_01_IND_CHI,2012,1,2012-09-09,CHI,IND,24.0,14.0,41,21,10.0,41.5,False,IND,10,False,0.0,0
2012_01_JAX_MIN,2012,1,2012-09-09,MIN,JAX,7.0,9.0,26,23,3.5,38.0,True,MIN,2,True,3.5,1
2012_01_MIA_HOU,2012,1,2012-09-09,HOU,MIA,24.0,3.0,30,10,13.0,41.5,False,MIA,21,False,0.0,0
2012_01_NE_TEN,2012,1,2012-09-09,TEN,NE,3.0,21.0,13,34,-4.5,48.0,True,TEN,18,False,0.0,0
2012_01_PHI_CLE,2012,1,2012-09-09,CLE,PHI,3.0,10.0,16,17,-9.0,42.0,True,CLE,7,False,0.0,0
2012_01_PIT_DEN,2012,1,2012-09-09,DEN,PIT,7.0,10.0,31,19,2.5,45.5,True,DEN,3,True,2.5,1
2012_01_SD_OAK,2012,1,2012-09-10,LV,LAC,6.0,10.0,14,22,1.0,47.5,True,LV,4,True,1.0,0
2012_01_SEA_ARI,2012,1,2012-09-09,ARI,SEA,10.0,3.0,20,16,-1.0,40.5,False,SEA,7,True,1.0,0
2012_01_SF_GB,2012,1,2012-09-09,GB,SF,7.0,16.0,22,30,6.0,46.5,True,GB,9,True,6.0,0
2012_01_STL_DET,2012,1,2012-09-09,DET,LA,10.0,13.0,27,23,9.0,46.0,True,DET,3,True,9.0,1
2012_01_WAS_NO,2012,1,2012-09-09,NO,WAS,7.0,16.0,32,40,9.5,50.0,True,NO,9,True,9.5,0
2012_02_BAL_PHI,2012,2,2012-09-16,PHI,BAL,7.0,17.0,24,23,3.0,46.5,True,PHI,10,True,3.0,1
2012_02_CHI_GB,2012,2,2012-09-13,GB,CHI,13.0,0.0,23,10,5.0,50.5,False,CHI,13,False,0.0,0
2012_02_CLE_CIN,2012,2,2012-09-16,CIN,CLE,17.0,10.0,34,27,7.0,39.5,False,CLE,7,False,0.0,0
2012_02_DAL_SEA,2012,2,2012-09-16,SEA,DAL,13.0,7.0,27,7,-3.0,43.0,False,DAL,6,True,3.0,0
2012_02_DEN_ATL,2012,2,2012-09-17,ATL,DEN,20.0,7.0,27,21,3.0,50.0,False,DEN,13,False,0.0,0
2012_02_DET_SF,2012,2,2012-09-16,SF,DET,14.0,6.0,27,19,7.0,46.0,False,DET,8,False,0.0,0
2012_02_HOU_JAX,2012,2,2012-09-16,JAX,HOU,0.0,17.0,7,27,-6.5,40.0,True,JAX,17,False,0.0,0
2012_02_KC_BUF,2012,2,2012-09-16,BUF,KC,21.0,0.0,35,17,3.0,45.0,False,KC,21,False,0.0,0
2012_02_MIN_IND,2012,2,2012-09-16,IND,MIN,17.0,6.0,23,20,-3.0,45.5,False,MIN,11,True,3.0,0
2012_02_NO_CAR,2012,2,2012-09-16,CAR,NO,21.0,13.0,35,27,-3.0,53.0,False,NO,8,True,3.0,0
2012_02_NYJ_PIT,2012,2,2012-09-16,PIT,NYJ,13.0,10.0,27,10,4.5,43.0,False,NYJ,3,False,0.0,0
2012_02_OAK_MIA,2012,2,2012-09-16,MIA,LV,7.0,10.0,35,13,-1.0,41.0,True,MIA,3,False,0.0,1
2012_02_TB_NYG,2012,2,2012-09-16,NYG,TB,13.0,24.0,41,34,9.0,43.5,True,NYG,11,True,9.0,1
2012_02_TEN_SD,2012,2,2012-09-16,LAC,TEN,17.0,3.0,38,10,6.5,43.5,False,TEN,14,False,0.0,0
2012_02_WAS_STL,2012,2,2012-09-16,LA,WAS,16.0,21.0,31,28,-3.5,42.5,True,LA,5,False,0.0,1
2012_03_ATL_SD,2012,3,2012-09-23,LAC,ATL,0.0,20.0,3,27,3.0,47.0,True,LAC,20,True,3.0,0
2012_03_BUF_CLE,2012,3,2012-09-23,CLE,BUF,7.0,14.0,14,24,-2.5,45.0,True,CLE,7,False,0.0,0
2012_03_CIN_WAS,2012,3,2012-09-23,WAS,CIN,10.0,24.0,31,38,3.0,49.5,True,WAS,14,True,3.0,0
2012_03_DET_TEN,2012,3,2012-09-23,TEN,DET,20.0,9.0,44,41,-3.5,47.0,False,DET,11,True,3.5,0
2012_03_GB_SEA,2012,3,2012-09-24,SEA,GB,7.0,0.0,14,12,-3.0,45.5,False,GB,7,True,3.0,0
2012_03_HOU_DEN,2012,3,2012-09-23,DEN,HOU,11.0,21.0,25,31,-1.0,43.5,True,DEN,10,False,0.0,0
2012_03_JAX_IND,2012,3,2012-09-23,IND,JAX,14.0,3.0,17,22,3.0,41.5,False,JAX,11,False,0.0,1
2012_03_KC_NO,2012,3,2012-09-23,NO,KC,10.0,6.0,24,27,9.0,51.5,False,KC,4,False,0.0,1
2012_03_NE_BAL,2012,3,2012-09-23,BAL,NE,14.0,20.0,31,30,2.5,48.5,True,BAL,6,True,2.5,1
2012_03_NYG_CAR,2012,3,2012-09-20,CAR,NYG,0.0,20.0,7,36,2.5,49.0,True,CAR,20,True,2.5,0
2012_03_NYJ_MIA,2012,3,2012-09-23,MIA,NYJ,10.0,3.0,20,23,-2.5,40.5,False,NYJ,7,True,2.5,1
2012_03_PHI_ARI,2012,3,2012-09-23,ARI,PHI,24.0,0.0,27,6,-3.0,42.5,False,PHI,24,True,3.0,0
2012_03_PIT_OAK,2012,3,2012-09-23,LV,PIT,14.0,17.0,34,31,-3.5,45.5,True,LV,3,False,0.0,1
2012_03_SF_MIN,2012,3,2012-09-23,MIN,SF,17.0,3.0,24,13,-6.5,42.5,False,SF,14,True,6.5,0
2012_03_STL_CHI,2012,3,2012-09-23,CHI,LA,10.0,3.0,23,6,7.0,41.5,False,LA,7,False,0.0,0
2012_03_TB_DAL,2012,3,2012-09-23,DAL,TB,10.0,7.0,16,10,7.0,45.5,False,TB,3,False,0.0,0
2012_04_CAR_ATL,2012,4,2012-09-30,ATL,CAR,17.0,14.0,30,28,7.0,48.0,False,CAR,3,False,0.0,0
2012_04_CHI_DAL,2012,4,2012-10-01,DAL,CHI,7.0,10.0,18,34,3.0,41.0,True,DAL,3,True,3.0,0
2012_04_CIN_JAX,2012,4,2012-09-30,JAX,CIN,7.0,17.0,10,27,1.0,45.5,True,JAX,10,True,1.0,0
2012_04_CLE_BAL,2012,4,2012-09-27,BAL,CLE,9.0,7.0,23,16,11.5,44.0,False,CLE,2,False,0.0,0
2012_04_MIA_ARI,2012,4,2012-09-30,ARI,MIA,0.0,13.0,24,21,4.0,38.5,True,ARI,13,True,4.0,1
2012_04_MIN_DET,2012,4,2012-09-30,DET,MIN,6.0,13.0,13,20,3.5,48.0,True,DET,7,True,3.5,0
2012_04_NE_BUF,2012,4,2012-09-30,BUF,NE,14.0,7.0,28,52,-3.5,48.0,False,NE,7,True,3.5,1
2012_04_NO_GB,2012,4,2012-09-30,GB,NO,21.0,14.0,28,27,7.5,54.0,False,NO,7,False,0.0,0
2012_04_NYG_PHI,2012,4,2012-09-30,PHI,NYG,7.0,3.0,19,17,1.5,46.0,False,NYG,4,False,0.0,0
2012_04_OAK_DEN,2012,4,2012-09-30,DEN,LV,10.0,6.0,37,6,6.5,47.0,False,LV,4,False,0.0,0
2012_04_SD_KC,2012,4,2012-09-30,KC,LAC,6.0,27.0,20,37,-2.5,43.0,True,KC,21,False,0.0,0
2012_04_SEA_STL,2012,4,2012-09-30,LA,SEA,13.0,7.0,19,13,-2.0,39.5,False,SEA,6,True,2.0,0
2012_04_SF_NYJ,2012,4,2012-09-30,NYJ,SF,0.0,10.0,0,34,-3.5,40.5,True,NYJ,10,False,0.0,0
2012_04_TEN_HOU,2012,4,2012-09-30,HOU,TEN,14.0,7.0,38,14,13.0,44.5,False,TEN,7,False,0.0,0
2012_04_WAS_TB,2012,4,2012-09-30,TB,WAS,6.0,21.0,22,24,1.5,44.5,True,TB,15,True,1.5,0
2012_05_ARI_STL,2012,5,2012-10-04,LA,ARI,10.0,3.0,17,3,-1.0,37.5,False,ARI,7,True,1.0,0
2012_05_BUF_SF,2012,5,2012-10-07,SF,BUF,17.0,3.0,45,3,10.0,45.5,False,BUF,14,False,0.0,0
2012_05_CLE_NYG,2012,5,2012-10-07,NYG,CLE,27.0,17.0,41,27,7.5,44.0,False,CLE,10,False,0.0,0
2012_05_DEN_NE,2012,5,2012-10-07,NE,DEN,17.0,7.0,31,21,6.0,50.5,False,DEN,10,False,0.0,0
2012_05_GB_IND,2012,5,2012-10-07,IND,GB,3.0,21.0,30,27,-6.5,49.5,True,IND,18,False,0.0,1
2012_05_HOU_NYJ,2012,5,2012-10-08,NYJ,HOU,7.0,17.0,17,23,-9.5,40.5,True,NYJ,10,False,0.0,0
2012_05_MIA_CIN,2012,5,2012-10-07,CIN,MIA,6.0,7.0,13,17,3.0,45.0,True,CIN,1,True,3.0,0
2012_05_PHI_PIT,2012,5,2012-10-07,PIT,PHI,10.0,0.0,16,14,4.0,44.0,False,PHI,10,False,0.0,0
2012_05_SD_NO,2012,5,2012-10-07,NO,LAC,14.0,17.0,31,24,3.5,53.0,True,NO,3,True,3.5,1
2012_05_SEA_CAR,2012,5,2012-10-07,CAR,SEA,3.0,6.0,12,16,1.0,42.5,True,CAR,3,True,1.0,0
2012_05_TEN_MIN,2012,5,2012-10-07,MIN,TEN,13.0,0.0,30,7,6.0,44.0,False,TEN,13,False,0.0,0
2012_06_BUF_ARI,2012,6,2012-10-14,ARI,BUF,10.0,9.0,16,19,5.0,44.0,False,BUF,1,False,0.0,1
2012_06_CIN_CLE,2012,6,2012-10-14,CLE,CIN,7.0,14.0,34,24,-1.0,42.0,True,CLE,7,False,0.0,1
2012_06_DAL_BAL,2012,6,2012-10-14,BAL,DAL,17.0,10.0,31,29,3.0,45.5,False,DAL,7,False,0.0,0
2012_06_DEN_SD,2012,6,2012-10-15,LAC,DEN,24.0,0.0,24,35,1.0,47.5,False,DEN,24,False,0.0,1
2012_06_DET_PHI,2012,6,2012-10-14,PHI,DET,7.0,6.0,23,26,3.5,47.5,False,DET,1,False,0.0,1
2012_06_GB_HOU,2012,6,2012-10-14,HOU,GB,10.0,21.0,24,42,4.0,46.5,True,HOU,11,True,4.0,0
2012_06_IND_NYJ,2012,6,2012-10-14,NYJ,IND,21.0,6.0,35,9,3.5,43.5,False,IND,15,False,0.0,0
2012_06_KC_TB,2012,6,2012-10-14,TB,KC,7.0,3.0,38,10,5.0,39.5,False,KC,4,False,0.0,0
2012_06_MIN_WAS,2012,6,2012-10-14,WAS,MIN,17.0,9.0,38,26,-1.5,44.0,False,MIN,8,True,1.5,0
2012_06_NE_SEA,2012,6,2012-10-14,SEA,NE,10.0,17.0,24,23,-3.5,42.5,True,SEA,7,False,0.0,1
2012_06_NYG_SF,2012,6,2012-10-14,SF,NYG,3.0,10.0,3,26,7.0,46.5,True,SF,7,True,7.0,0
2012_06_OAK_ATL,2012,6,2012-10-14,ATL,LV,7.0,13.0,23,20,10.0,49.0,True,ATL,6,True,10.0,1
2012_06_PIT_TEN,2012,6,2012-10-11,TEN,PIT,16.0,10.0,26,23,-5.5,42.5,False,PIT,6,True,5.5,0
2012_06_STL_MIA,2012,6,2012-10-14,MIA,LA,10.0,6.0,17,14,5.5,38.0,False,LA,4,False,0.0,0
2012_07_ARI_MIN,2012,7,2012-10-21,MIN,ARI,14.0,7.0,21,14,7.0,38.5,False,ARI,7,False,0.0,0
2012_07_BAL_HOU,2012,7,2012-10-21,HOU,BAL,29.0,3.0,43,13,6.5,47.0,False,BAL,26,False,0.0,0
2012_07_CLE_IND,2012,7,2012-10-21,IND,CLE,14.0,6.0,17,13,1.0,46.5,False,CLE,8,False,0.0,0
2012_07_DAL_CAR,2012,7,2012-10-21,CAR,DAL,7.0,3.0,14,19,-2.5,45.0,False,DAL,4,True,2.5,1
2012_07_DET_CHI,2012,7,2012-10-22,CHI,DET,10.0,0.0,13,7,6.5,45.5,False,DET,10,False,0.0,0
2012_07_GB_STL,2012,7,2012-10-21,LA,GB,6.0,10.0,20,30,-4.0,45.0,True,LA,4,False,0.0,0
2012_07_JAX_OAK,2012,7,2012-10-21,LV,JAX,6.0,17.0,26,23,6.0,44.5,True,LV,11,True,6.0,1
2012_07_NO_TB,2012,7,2012-10-21,TB,NO,21.0,28.0,28,35,-1.0,49.5,True,TB,7,False,0.0,0
2012_07_NYJ_NE,2012,7,2012-10-21,NE,NYJ,16.0,10.0,29,26,11.0,47.5,False,NYJ,6,False,0.0,0
2012_07_SEA_SF,2012,7,2012-10-18,SF,SEA,3.0,6.0,13,6,7.5,37.5,True,SF,3,True,7.5,1
2012_07_TEN_BUF,2012,7,2012-10-21,BUF,TEN,20.0,21.0,34,35,4.0,47.0,True,BUF,1,True,4.0,0
2012_08_ATL_PHI,2012,8,2012-10-28,PHI,ATL,7.0,24.0,17,30,1.5,43.5,True,PHI,17,True,1.5,0
2012_08_CAR_CHI,2012,8,2012-10-28,CHI,CAR,7.0,13.0,23,22,7.0,41.5,True,CHI,6,True,7.0,1
2012_08_IND_TEN,2012,8,2012-10-28,TEN,IND,10.0,3.0,13,19,3.5,46.5,False,IND,7,False,0.0,1
2012_08_JAX_GB,2012,8,2012-10-28,GB,JAX,14.0,12.0,24,15,15.0,45.0,False,JAX,2,False,0.0,0
2012_08_MIA_NYJ,2012,8,2012-10-28,NYJ,MIA,0.0,20.0,9,30,1.0,38.5,True,NYJ,20,True,1.0,0
2012_08_NE_STL,2012,8,2012-10-28,LA,NE,7.0,28.0,7,45,-7.5,46.0,True,LA,21,False,0.0,0
2012_08_NO_DEN,2012,8,2012-10-28,DEN,NO,17.0,7.0,34,14,6.0,55.0,False,NO,10,False,0.0,0
2012_08_NYG_DAL,2012,8,2012-10-28,DAL,NYG,10.0,23.0,24,29,-1.5,47.5,True,DAL,13,False,0.0,0
2012_08_OAK_KC,2012,8,2012-10-28,KC,LV,6.0,13.0,16,26,1.0,41.5,True,KC,7,True,1.0,0
2012_08_SD_CLE,2012,8,2012-10-28,CLE,LAC,7.0,3.0,7,6,-2.5,40.5,False,LAC,4,True,2.5,0
2012_08_SEA_DET,2012,8,2012-10-28,DET,SEA,14.0,17.0,28,24,3.0,42.5,True,DET,3,True,3.0,1
2012_08_SF_ARI,2012,8,2012-10-29,ARI,SF,0.0,17.0,3,24,-7.0,37.5,True,ARI,17,False,0.0,0
2012_08_TB_MIN,2012,8,2012-10-25,MIN,TB,10.0,20.0,17,36,5.0,43.0,True,MIN,10,True,5.0,0
2012_08_WAS_PIT,2012,8,2012-10-28,PIT,WAS,20.0,6.0,27,12,4.5,44.5,False,WAS,14,False,0.0,0
2012_09_ARI_GB,2012,9,2012-11-04,GB,ARI,21.0,7.0,31,17,10.5,43.0,False,ARI,14,False,0.0,0
2012_09_BAL_CLE,2012,9,2012-11-04,CLE,BAL,9.0,14.0,15,25,-3.5,44.0,True,CLE,5,False,0.0,0
2012_09_BUF_HOU,2012,9,2012-11-04,HOU,BUF,7.0,6.0,21,9,11.0,47.5,False,BUF,1,False,0.0,0
2012_09_CAR_WAS,2012,9,2012-11-04,WAS,CAR,3.0,14.0,13,21,3.0,48.0,True,WAS,11,True,3.0,0
2012_09_CHI_TEN,2012,9,2012-11-04,TEN,CHI,5.0,31.0,20,51,-4.5,44.0,True,TEN,26,False,0.0,0
2012_09_DAL_ATL,2012,9,2012-11-04,ATL,DAL,3.0,6.0,19,13,4.0,47.0,True,ATL,3,True,4.0,1
2012_09_DEN_CIN,2012,9,2012-11-04,CIN,DEN,3.0,10.0,23,31,-5.0,47.5,True,CIN,7,False,0.0,0
2012_09_DET_JAX,2012,9,2012-11-04,JAX,DET,0.0,21.0,14,31,-6.0,44.0,True,JAX,21,False,0.0,0
2012_09_KC_SD,2012,9,2012-11-01,LAC,KC,10.0,3.0,31,13,7.5,41.0,False,KC,7,False,0.0,0
2012_09_MIA_IND,2012,9,2012-11-04,IND,MIA,13.0,17.0,23,20,-2.5,44.0,True,IND,4,False,0.0,1
2012_09_MIN_SEA,2012,9,2012-11-04,SEA,MIN,20.0,17.0,30,20,4.5,38.0,False,MIN,3,False,0.0,0
2012_09_PHI_NO,2012,9,2012-11-05,NO,PHI,21.0,3.0,28,13,2.5,52.0,False,PHI,18,False,0.0,0
2012_09_PIT_NYG,2012,9,2012-11-04,NYG,PIT,14.0,10.0,20,24,3.5,48.0,False,PIT,4,False,0.0,1
2012_09_TB_OAK,2012,9,2012-11-04,LV,TB,10.0,7.0,32,42,1.0,47.0,False,TB,3,False,0.0,1
2012_10_ATL_NO,2012,10,2012-11-11,NO,ATL,21.0,17.0,31,27,-1.0,54.0,False,ATL,4,True,1.0,0
2012_10_BUF_NE,2012,10,2012-11-11,NE,BUF,24.0,17.0,37,31,13.5,54.0,False,BUF,7,False,0.0,0
2012_10_DAL_PHI,2012,10,2012-11-11,PHI,DAL,7.0,10.0,23,38,-1.0,44.0,True,PHI,3,False,0.0,0
2012_10_DEN_CAR,2012,10,2012-11-11,CAR,DEN,7.0,17.0,14,36,-3.5,46.5,True,CAR,10,False,0.0,0
2012_10_DET_MIN,2012,10,2012-11-11,MIN,DET,13.0,3.0,34,24,-3.0,46.0,False,DET,10,True,3.0,0
2012_10_HOU_CHI,2012,10,2012-11-11,CHI,HOU,3.0,10.0,6,13,1.0,37.0,True,CHI,7,True,1.0,0
2012_10_IND_JAX,2012,10,2012-11-08,JAX,IND,3.0,17.0,10,27,-3.0,43.5,True,JAX,14,False,0.0,0
2012_10_NYG_CIN,2012,10,2012-11-11,CIN,NYG,17.0,6.0,31,13,-3.5,47.0,False,NYG,11,True,3.5,0
2012_10_NYJ_SEA,2012,10,2012-11-11,SEA,NYJ,14.0,7.0,28,7,5.0,38.0,False,NYJ,7,False,0.0,0
2012_10_OAK_BAL,2012,10,2012-11-11,BAL,LV,27.0,10.0,55,20,9.5,48.0,False,LV,17,False,0.0,0
2012_10_SD_TB,2012,10,2012-11-11,TB,LAC,17.0,21.0,34,24,3.0,46.5,True,TB,4,True,3.0,1
2012_10_STL_SF,2012,10,2012-11-11,SF,LA,7.0,14.0,24,24,13.5,38.0,True,SF,7,True,13.5,0
2012_10_TEN_MIA,2012,10,2012-11-11,MIA,TEN,3.0,24.0,3,37,6.5,44.0,True,MIA,21,True,6.5,0
2012_11_BAL_PIT,2012,11,2012-11-18,PIT,BAL,7.0,10.0,10,13,-3.0,41.0,True,PIT,3,False,0.0,0
2012_11_CHI_SF,2012,11,2012-11-19,SF,CHI,20.0,0.0,32,7,3.5,34.0,False,CHI,20,False,0.0,0
2012_11_CIN_KC,2012,11,2012-11-18,KC,CIN,6.0,21.0,6,28,-3.0,41.0,True,KC,15,False,0.0,0
2012_11_CLE_DAL,2012,11,2012-11-18,DAL,CLE,0.0,13.0,23,20,7.0,43.5,True,DAL,13,True,7.0,1
2012_11_GB_DET,2012,11,2012-11-18,DET,GB,10.0,7.0,20,24,-3.0,53.5,False,GB,3,True,3.0,1
2012_11_IND_NE,2012,11,2012-11-18,NE,IND,24.0,17.0,59,24,10.0,54.5,False,IND,7,False,0.0,0
2012_11_MIA_BUF,2012,11,2012-11-15,BUF,MIA,19.0,7.0,19,14,1.0,46.0,False,MIA,12,False,0.0,0
2012_11_NO_OAK,2012,11,2012-11-18,LV,NO,7.0,21.0,17,38,-6.0,56.5,True,LV,14,False,0.0,0
2012_11_NYJ_STL,2012,11,2012-11-18,LA,NYJ,7.0,13.0,13,27,3.5,38.0,True,LA,6,True,3.5,0
2012_11_PHI_WAS,2012,11,2012-11-18,WAS,PHI,17.0,3.0,31,6,3.5,46.0,False,PHI,14,False,0.0,0
2012_11_SD_DEN,2012,11,2012-11-18,DEN,LAC,17.0,7.0,30,23,7.5,47.5,False,LAC,10,False,0.0,0
2012_11_TB_CAR,2012,11,2012-11-18,CAR,TB,14.0,10.0,21,27,-1.0,46.0,False,TB,4,True,1.0,1
2012_12_BAL_SD,2012,12,2012-11-25,LAC,BAL,10.0,0.0,13,16,-1.0,46.5,False,BAL,10,True,1.0,1
2012_12_BUF_IND,2012,12,2012-11-25,IND,BUF,13.0,6.0,20,13,2.0,51.0,False,BUF,7,False,0.0,0
2012_12_CAR_PHI,2012,12,2012-11-26,PHI,CAR,15.0,14.0,22,30,-3.0,41.5,False,CAR,1,True,3.0,1
2012_12_DEN_KC,2012,12,2012-11-25,KC,DEN,6.0,7.0,9,17,-10.0,41.5,True,KC,1,False,0.0,0
2012_12_GB_NYG,2012,12,2012-11-25,NYG,GB,31.0,10.0,38,10,1.0,50.0,False,GB,21,False,0.0,0
2012_12_HOU_DET,2012,12,2012-11-22,DET,HOU,21.0,14.0,31,34,-3.5,48.5,False,HOU,7,True,3.5,1
2012_12_MIN_CHI,2012,12,2012-11-25,CHI,MIN,25.0,3.0,28,10,6.5,38.5,False,MIN,22,False,0.0,0
2012_12_NE_NYJ,2012,12,2012-11-22,NYJ,NE,3.0,35.0,19,49,-7.0,48.0,True,NYJ,32,False,0.0,0
2012_12_OAK_CIN,2012,12,2012-11-25,CIN,LV,24.0,0.0,34,10,9.5,50.5,False,LV,24,False,0.0,0
2012_12_PIT_CLE,2012,12,2012-11-25,CLE,PIT,13.0,14.0,20,14,-1.0,33.0,True,CLE,1,False,0.0,1
2012_12_STL_ARI,2012,12,2012-11-25,ARI,LA,17.0,14.0,17,31,1.0,36.0,False,LA,3,False,0.0,1
2012_12_TEN_JAX,2012,12,2012-11-25,JAX,TEN,7.0,6.0,24,19,-3.5,45.0,False,TEN,1,True,3.5,0
2012_12_WAS_DAL,2012,12,2012-11-22,DAL,WAS,3.0,28.0,31,38,3.5,47.0,True,DAL,25,True,3.5,0
2012_13_ARI_NYJ,2012,13,2012-12-02,NYJ,ARI,0.0,3.0,7,6,6.0,37.0,True,NYJ,3,True,6.0,1
2012_13_CAR_KC,2012,13,2012-12-02,KC,CAR,17.0,14.0,27,21,-5.0,41.0,False,CAR,3,True,5.0,0
2012_13_CIN_SD,2012,13,2012-12-02,LAC,CIN,13.0,10.0,13,20,1.0,45.0,False,CIN,3,False,0.0,1
2012_13_CLE_OAK,2012,13,2012-12-02,LV,CLE,3.0,10.0,17,20,-2.5,39.5,True,LV,7,False,0.0,0
2012_13_HOU_TEN,2012,13,2012-12-02,TEN,HOU,3.0,21.0,10,24,-7.0,47.5,True,TEN,18,False,0.0,0
2012_13_IND_DET,2012,13,2012-12-02,DET,IND,23.0,14.0,33,35,7.0,51.5,False,IND,9,False,0.0,1
2012_13_JAX_BUF,2012,13,2012-12-02,BUF,JAX,17.0,10.0,34,18,6.0,41.0,False,JAX,7,False,0.0,0
2012_13_MIN_GB,2012,13,2012-12-02,GB,MIN,10.0,14.0,23,14,7.0,47.0,True,GB,4,True,7.0,1
2012_13_NE_MIA,2012,13,2012-12-02,MIA,NE,10.0,17.0,16,23,-7.0,51.0,True,MIA,7,False,0.0,0
2012_13_NO_ATL,2012,13,2012-11-29,ATL,NO,17.0,7.0,23,13,3.5,54.5,False,NO,10,False,0.0,0
2012_13_NYG_WAS,2012,13,2012-12-03,WAS,NYG,10.0,13.0,17,16,-2.5,50.0,True,WAS,3,False,0.0,1
2012_13_PHI_DAL,2012,13,2012-12-02,DAL,PHI,10.0,17.0,38,33,10.5,44.0,True,DAL,7,True,10.5,1
2012_13_PIT_BAL,2012,13,2012-12-02,BAL,PIT,13.0,6.0,20,23,7.0,36.5,False,PIT,7,False,0.0,1
2012_13_SEA_CHI,2012,13,2012-12-02,CHI,SEA,7.0,10.0,17,23,3.0,36.5,True,CHI,3,True,3.0,0
2012_13_SF_STL,2012,13,2012-12-02,LA,SF,0.0,7.0,16,13,-7.0,40.5,True,LA,7,False,0.0,1
2012_13_TB_DEN,2012,13,2012-12-02,DEN,TB,7.0,10.0,31,23,9.5,50.0,True,DEN,3,True,9.5,1
2012_14_ARI_SEA,2012,14,2012-12-09,SEA,ARI,38.0,0.0,58,0,10.5,36.0,False,ARI,38,False,0.0,0
2012_14_ATL_CAR,2012,14,2012-12-09,CAR,ATL,16.0,0.0,30,20,-3.0,46.5,False,ATL,16,True,3.0,0
2012_14_BAL_WAS,2012,14,2012-12-09,WAS,BAL,14.0,21.0,31,28,1.0,47.5,True,WAS,7,True,1.0,1
2012_14_CHI_MIN,2012,14,2012-12-09,MIN,CHI,14.0,7.0,21,14,-1.0,40.5,False,CHI,7,True,1.0,0
2012_14_DAL_CIN,2012,14,2012-12-09,CIN,DAL,13.0,10.0,19,20,3.5,46.0,False,DAL,3,False,0.0,1
2012_14_DEN_OAK,2012,14,2012-12-06,LV,DEN,7.0,13.0,13,26,-10.0,47.0,True,LV,6,False,0.0,0
2012_14_DET_GB,2012,14,2012-12-09,GB,DET,10.0,14.0,27,20,6.0,49.5,True,GB,4,True,6.0,1
2012_14_HOU_NE,2012,14,2012-12-10,NE,HOU,21.0,0.0,42,14,5.5,50.5,False,HOU,21,False,0.0,0
2012_14_KC_CLE,2012,14,2012-12-09,CLE,KC,10.0,7.0,30,7,7.0,38.0,False,KC,3,False,0.0,0
2012_14_MIA_SF,2012,14,2012-12-09,SF,MIA,6.0,3.0,27,13,10.5,38.5,False,MIA,3,False,0.0,0
2012_14_NO_NYG,2012,14,2012-12-09,NYG,NO,21.0,13.0,52,27,4.0,52.5,False,NO,8,False,0.0,0
2012_14_NYJ_JAX,2012,14,2012-12-09,JAX,NYJ,3.0,0.0,10,17,-3.0,39.5,False,NYJ,3,True,3.0,1
2012_14_PHI_TB,2012,14,2012-12-09,TB,PHI,0.0,10.0,21,23,8.0,47.5,True,TB,10,True,8.0,0
2012_14_SD_PIT,2012,14,2012-12-09,PIT,LAC,3.0,13.0,24,34,7.0,37.5,True,PIT,10,True,7.0,0
2012_14_STL_BUF,2012,14,2012-12-09,BUF,LA,6.0,0.0,12,15,3.5,42.0,False,LA,6,False,0.0,1
2012_14_TEN_IND,2012,14,2012-12-09,IND,TEN,7.0,20.0,27,23,3.5,47.0,True,IND,13,True,3.5,1
2012_15_CAR_SD,2012,15,2012-12-16,LAC,CAR,0.0,24.0,7,31,3.0,45.0,True,LAC,24,True,3.0,0
2012_15_CIN_PHI,2012,15,2012-12-13,PHI,CIN,13.0,10.0,13,34,-4.5,45.0,False,CIN,3,True,4.5,1
2012_15_DEN_BAL,2012,15,2012-12-16,BAL,DEN,0.0,17.0,17,34,-3.0,48.0,True,BAL,17,False,0.0,0
2012_15_DET_ARI,2012,15,2012-12-16,ARI,DET,21.0,7.0,38,10,-5.5,43.5,False,DET,14,True,5.5,0
2012_15_GB_CHI,2012,15,2012-12-16,CHI,GB,7.0,14.0,13,21,-3.0,43.0,True,CHI,7,False,0.0,0
2012_15_IND_HOU,2012,15,2012-12-16,HOU,IND,20.0,10.0,29,17,10.5,47.5,False,IND,10,False,0.0,0
2012_15_JAX_MIA,2012,15,2012-12-16,MIA,JAX,10.0,3.0,24,3,7.5,38.5,False,JAX,7,False,0.0,0
2012_15_KC_OAK,2012,15,2012-12-16,LV,KC,9.0,0.0,15,0,4.5,44.0,False,KC,9,False,0.0,0
2012_15_MIN_STL,2012,15,2012-12-16,LA,MIN,7.0,30.0,22,36,1.0,39.0,True,LA,23,True,1.0,0
2012_15_NYG_ATL,2012,15,2012-12-16,ATL,NYG,17.0,0.0,34,0,1.0,50.0,False,NYG,17,False,0.0,0
2012_15_NYJ_TEN,2012,15,2012-12-17,TEN,NYJ,7.0,3.0,14,10,1.0,40.0,False,NYJ,4,False,0.0,0
2012_15_SEA_BUF,2012,15,2012-12-16,BUF,SEA,17.0,31.0,17,50,-4.5,44.0,True,BUF,14,False,0.0,0
2012_15_SF_NE,2012,15,2012-12-16,NE,SF,3.0,17.0,34,41,4.0,47.0,True,NE,14,True,4.0,0
2012_15_TB_NO,2012,15,2012-12-16,NO,TB,24.0,0.0,41,0,3.5,54.5,False,TB,24,False,0.0,0
2012_15_WAS_CLE,2012,15,2012-12-16,CLE,WAS,14.0,10.0,21,38,4.0,40.5,False,WAS,4,False,0.0,1
2012_16_ATL_DET,2012,16,2012-12-22,DET,ATL,6.0,21.0,18,31,-3.5,50.0,True,DET,15,False,0.0,0
2012_16_BUF_MIA,2012,16,2012-12-23,MIA,BUF,14.0,3.0,24,10,5.0,43.5,False,BUF,11,False,0.0,0
2012_16_CHI_ARI,2012,16,2012-12-23,ARI,CHI,6.0,21.0,13,28,-7.0,35.5,True,ARI,15,False,0.0,0
2012_16_CIN_PIT,2012,16,2012-12-23,PIT,CIN,7.0,10.0,10,13,3.5,40.0,True,PIT,3,True,3.5,0
2012_16_CLE_DEN,2012,16,2012-12-23,DEN,CLE,14.0,3.0,34,12,11.0,43.5,False,CLE,11,False,0.0,0
2012_16_IND_KC,2012,16,2012-12-23,KC,IND,3.0,13.0,13,20,-4.5,41.5,True,KC,10,False,0.0,0
2012_16_MIN_HOU,2012,16,2012-12-23,HOU,MIN,3.0,13.0,6,23,7.5,43.0,True,HOU,10,True,7.5,0
2012_16_NO_DAL,2012,16,2012-12-23,DAL,NO,14.0,17.0,31,34,1.0,55.0,True,DAL,3,True,1.0,0
2012_16_NYG_BAL,2012,16,2012-12-23,BAL,NYG,24.0,7.0,33,14,-1.0,48.0,False,NYG,17,True,1.0,0
2012_16_OAK_CAR,2012,16,2012-12-23,CAR,LV,14.0,3.0,17,6,9.5,47.5,False,LV,11,False,0.0,0
2012_16_SD_NYJ,2012,16,2012-12-23,NYJ,LAC,14.0,10.0,17,27,3.0,37.0,False,LAC,4,False,0.0,1
2012_16_SF_SEA,2012,16,2012-12-23,SEA,SF,28.0,6.0,42,13,2.5,40.0,False,SF,22,False,0.0,0
2012_16_STL_TB,2012,16,2012-12-23,TB,LA,6.0,14.0,13,28,3.0,43.5,True,TB,8,True,3.0,0
2012_16_TEN_GB,2012,16,2012-12-23,GB,TEN,20.0,0.0,55,7,10.5,44.0,False,TEN,20,False,0.0,0
2012_16_WAS_PHI,2012,16,2012-12-23,PHI,WAS,10.0,13.0,20,27,-3.5,46.0,True,PHI,3,False,0.0,0
2012_17_ARI_SF,2012,17,2012-12-30,SF,ARI,7.0,6.0,27,13,16.0,39.0,False,ARI,1,False,0.0,0
2012_17_CAR_NO,2012,17,2012-12-30,NO,CAR,17.0,13.0,38,44,4.0,53.5,False,CAR,4,False,0.0,1
2012_17_CHI_DET,2012,17,2012-12-30,DET,CHI,10.0,20.0,24,26,-3.0,46.0,True,DET,10,False,0.0,0
2012_17_CLE_PIT,2012,17,2012-12-30,PIT,CLE,10.0,3.0,24,10,10.0,36.5,False,CLE,7,False,0.0,0
2012_17_GB_MIN,2012,17,2012-12-30,MIN,GB,20.0,10.0,37,34,-3.0,45.5,False,GB,10,True,3.0,0
2012_17_HOU_IND,2012,17,2012-12-30,IND,HOU,14.0,6.0,28,16,-6.5,47.0,False,HOU,8,True,6.5,0
2012_17_JAX_TEN,2012,17,2012-12-30,TEN,JAX,21.0,14.0,38,20,6.0,42.0,False,JAX,7,False,0.0,0
2012_17_KC_DEN,2012,17,2012-12-30,DEN,KC,21.0,3.0,38,3,17.0,41.0,False,KC,18,False,0.0,0
2012_17_MIA_NE,2012,17,2012-12-30,NE,MIA,21.0,0.0,28,0,11.5,48.0,False,MIA,21,False,0.0,0
2012_17_NYJ_BUF,2012,17,2012-12-30,BUF,NYJ,14.0,9.0,28,9,3.5,40.5,False,NYJ,5,False,0.0,0
2012_17_OAK_SD,2012,17,2012-12-30,LAC,LV,17.0,7.0,24,21,9.5,41.0,False,LV,10,False,0.0,0
2012_17_PHI_NYG,2012,17,2012-12-30,NYG,PHI,35.0,7.0,42,7,6.5,44.0,False,PHI,28,False,0.0,0
2012_17_STL_SEA,2012,17,2012-12-30,SEA,LA,3.0,7.0,20,13,11.0,41.5,True,SEA,4,True,11.0,1
2012_17_TB_ATL,2012,17,2012-12-30,ATL,TB,3.0,13.0,17,22,3.0,46.0,True,ATL,10,True,3.0,0
2013_01_ATL_NO,2013,1,2013-09-08,NO,ATL,13.0,10.0,23,17,3.5,54.5,False,ATL,3,False,0.0,0
2013_01_BAL_DEN,2013,1,2013-09-05,DEN,BAL,14.0,17.0,49,27,7.5,48.5,True,DEN,3,True,7.5,1
2013_01_CIN_CHI,2013,1,2013-09-08,CHI,CIN,10.0,14.0,24,21,3.0,41.5,True,CHI,4,True,3.0,1
2013_01_HOU_SD,2013,1,2013-09-09,LAC,HOU,21.0,7.0,28,31,-5.0,44.0,False,HOU,14,True,5.0,1
2013_01_KC_JAX,2013,1,2013-09-08,JAX,KC,2.0,21.0,2,28,-3.5,42.5,True,JAX,19,False,0.0,0
2013_01_MIA_CLE,2013,1,2013-09-08,CLE,MIA,7.0,6.0,10,23,2.5,40.5,False,MIA,1,False,0.0,1
2013_01_MIN_DET,2013,1,2013-09-08,DET,MIN,13.0,14.0,34,24,4.0,46.0,True,DET,1,True,4.0,1
2013_01_NE_BUF,2013,1,2013-09-08,BUF,NE,14.0,17.0,21,23,-10.0,50.5,True,BUF,3,False,0.0,0
2013_01_NYG_DAL,2013,1,2013-09-08,DAL,NYG,13.0,10.0,36,31,3.5,49.5,False,NYG,3,False,0.0,0
2013_01_OAK_IND,2013,1,2013-09-08,IND,LV,14.0,7.0,21,17,11.0,45.0,False,LV,7,False,0.0,0
2013_01_PHI_WAS,2013,1,2013-09-09,WAS,PHI,7.0,26.0,27,33,4.0,51.0,True,WAS,19,True,4.0,0
2013_01_SEA_CAR,2013,1,2013-09-08,CAR,SEA,7.0,3.0,7,12,-3.0,44.5,False,SEA,4,True,3.0,1
2013_01_TB_NYJ,2013,1,2013-09-08,NYJ,TB,12.0,14.0,18,17,-4.0,40.0,True,NYJ,2,False,0.0,1
2013_01_TEN_PIT,2013,1,2013-09-08,PIT,TEN,2.0,7.0,9,16,6.0,42.0,True,PIT,5,True,6.0,0
2013_02_CAR_BUF,2013,2,2013-09-15,BUF,CAR,3.0,7.0,24,23,-3.5,43.5,True,BUF,4,False,0.0,1
2013_02_CLE_BAL,2013,2,2013-09-15,BAL,CLE,0.0,6.0,14,6,5.5,43.5,True,BAL,6,True,5.5,1
2013_02_DAL_KC,2013,2,2013-09-15,KC,DAL,7.0,10.0,17,16,3.0,45.0,True,KC,3,True,3.0,1
2013_02_DEN_NYG,2013,2,2013-09-15,NYG,DEN,9.0,10.0,23,41,-3.5,52.5,True,NYG,1,False,0.0,0
2013_02_DET_ARI,2013,2,2013-09-15,ARI,DET,10.0,14.0,25,21,-1.0,47.5,True,ARI,4,False,0.0,1
2013_02_JAX_OAK,2013,2,2013-09-15,LV,JAX,10.0,3.0,19,9,3.5,40.5,False,JAX,7,False,0.0,0
2013_02_MIN_CHI,2013,2,2013-09-15,CHI,MIN,24.0,21.0,31,30,6.0,41.0,False,MIN,3,False,0.0,0
2013_02_NO_TB,2013,2,2013-09-15,TB,NO,7.0,10.0,14,16,-3.0,48.5,True,TB,3,False,0.0,0
2013_02_NYJ_NE,2013,2,2013-09-12,NE,NYJ,13.0,3.0,13,10,10.5,43.0,False,NYJ,10,False,0.0,0
2013_02_SD_PHI,2013,2,2013-09-15,PHI,LAC,10.0,13.0,30,33,7.5,51.0,True,PHI,3,True,7.5,0
2013_02_SF_SEA,2013,2,2013-09-15,SEA,SF,5.0,0.0,29,3,3.0,43.5,False,SF,5,False,0.0,0
2013_02_STL_ATL,2013,2,2013-09-15,ATL,LA,24.0,3.0,31,24,4.0,47.5,False,LA,21,False,0.0,0
2013_02_TEN_HOU,2013,2,2013-09-15,HOU,TEN,7.0,10.0,30,24,7.5,42.5,True,HOU,3,True,7.5,1
2013_02_WAS_GB,2013,2,2013-09-15,GB,WAS,24.0,0.0,38,20,9.0,48.5,False,WAS,24,False,0.0,0
2013_03_ARI_NO,2013,3,2013-09-22,NO,ARI,14.0,7.0,31,7,8.0,48.5,False,ARI,7,False,0.0,0
2013_03_ATL_MIA,2013,3,2013-09-22,MIA,ATL,10.0,13.0,27,23,3.0,45.5,True,MIA,3,True,3.0,1
2013_03_BUF_NYJ,2013,3,2013-09-22,NYJ,BUF,17.0,6.0,27,20,2.5,41.0,False,BUF,11,False,0.0,0
2013_03_CHI_PIT,2013,3,2013-09-22,PIT,CHI,10.0,24.0,23,40,-2.5,40.5,True,PIT,14,False,0.0,0
2013_03_CLE_MIN,2013,3,2013-09-22,MIN,CLE,17.0,24.0,27,31,7.0,40.0,True,MIN,7,True,7.0,0
2013_03_DET_WAS,2013,3,2013-09-22,WAS,DET,14.0,17.0,20,27,-1.0,48.5,True,WAS,3,False,0.0,0
2013_03_GB_CIN,2013,3,2013-09-22,CIN,GB,14.0,16.0,34,30,-3.0,49.5,True,CIN,2,False,0.0,1
2013_03_HOU_BAL,2013,3,2013-09-22,BAL,HOU,17.0,9.0,30,9,1.0,44.5,False,HOU,8,False,0.0,0
2013_03_IND_SF,2013,3,2013-09-22,SF,IND,7.0,10.0,7,27,10.5,45.5,True,SF,3,True,10.5,0
2013_03_JAX_SEA,2013,3,2013-09-22,SEA,JAX,24.0,0.0,45,17,19.5,39.0,False,JAX,24,False,0.0,0
2013_03_KC_PHI,2013,3,2013-09-19,PHI,KC,6.0,16.0,16,26,3.0,50.0,True,PHI,10,True,3.0,0
2013_03_NYG_CAR,2013,3,2013-09-22,CAR,NYG,17.0,0.0,38,0,-1.0,46.5,False,NYG,17,True,1.0,0
2013_03_OAK_DEN,2013,3,2013-09-23,DEN,LV,27.0,7.0,37,21,16.0,48.5,False,LV,20,False,0.0,0
2013_03_STL_DAL,2013,3,2013-09-22,DAL,LA,17.0,0.0,31,7,3.5,47.5,False,LA,17,False,0.0,0
2013_03_TB_NE,2013,3,2013-09-22,NE,TB,17.0,3.0,23,3,7.5,44.5,False,TB,14,False,0.0,0
2013_04_ARI_TB,2013,4,2013-09-29,TB,ARI,10.0,0.0,10,13,2.5,40.0,False,ARI,10,False,0.0,1
2013_04_BAL_BUF,2013,4,2013-09-29,BUF,BAL,20.0,7.0,23,20,-4.0,45.0,False,BAL,13,True,4.0,0
2013_04_CHI_DET,2013,4,2013-09-29,DET,CHI,30.0,13.0,40,32,3.0,48.0,False,CHI,17,False,0.0,0
2013_04_CIN_CLE,2013,4,2013-09-29,CLE,CIN,7.0,3.0,17,6,-3.5,42.5,False,CIN,4,True,3.5,0
2013_04_DAL_SD,2013,4,2013-09-29,LAC,DAL,13.0,21.0,30,21,-1.0,47.0,True,LAC,8,False,0.0,1
2013_04_IND_JAX,2013,4,2013-09-29,JAX,IND,3.0,20.0,3,37,-9.5,42.5,True,JAX,17,False,0.0,0
2013_04_MIA_NO,2013,4,2013-09-30,NO,MIA,21.0,10.0,38,17,7.0,48.5,False,MIA,11,False,0.0,0
2013_04_NYG_KC,2013,4,2013-09-29,KC,NYG,10.0,7.0,31,7,3.5,43.5,False,NYG,3,False,0.0,0
2013_04_NYJ_TEN,2013,4,2013-09-29,TEN,NYJ,24.0,6.0,38,13,3.5,40.5,False,NYJ,18,False,0.0,0
2013_04_PHI_DEN,2013,4,2013-09-29,DEN,PHI,21.0,13.0,52,20,10.5,57.5,False,PHI,8,False,0.0,0
2013_04_PIT_MIN,2013,4,2013-09-29,MIN,PIT,20.0,10.0,34,27,-3.0,41.5,False,PIT,10,True,3.0,0
2013_04_SEA_HOU,2013,4,2013-09-29,HOU,SEA,20.0,3.0,20,23,-1.0,41.0,False,SEA,17,True,1.0,1
2013_04_SF_STL,2013,4,2013-09-26,LA,SF,3.0,14.0,11,35,-3.0,43.0,True,LA,11,False,0.0,0
2013_04_WAS_OAK,2013,4,2013-09-29,LV,WAS,14.0,10.0,14,24,-3.5,45.5,False,WAS,4,True,3.5,1
2013_05_BAL_MIA,2013,5,2013-10-06,MIA,BAL,13.0,6.0,23,26,2.5,42.5,False,BAL,7,False,0.0,1
2013_05_BUF_CLE,2013,5,2013-10-03,CLE,BUF,17.0,10.0,37,24,3.5,40.5,False,BUF,7,False,0.0,0
2013_05_CAR_ARI,2013,5,2013-10-06,ARI,CAR,3.0,6.0,22,6,-3.0,41.0,True,ARI,3,False,0.0,1
2013_05_DEN_DAL,2013,5,2013-10-06,DAL,DEN,20.0,28.0,48,51,-7.5,56.5,True,DAL,8,False,0.0,0
2013_05_DET_GB,2013,5,2013-10-06,GB,DET,6.0,3.0,22,9,10.0,53.0,False,DET,3,False,0.0,0
2013_05_HOU_SF,2013,5,2013-10-06,SF,HOU,21.0,0.0,34,3,4.0,43.0,False,HOU,21,False,0.0,0
2013_05_JAX_STL,2013,5,2013-10-06,LA,JAX,24.0,10.0,34,20,11.0,40.5,False,JAX,14,False,0.0,0
2013_05_KC_TEN,2013,5,2013-10-06,TEN,KC,0.0,13.0,17,26,-2.5,38.0,True,TEN,13,False,0.0,0
2013_05_NO_CHI,2013,5,2013-10-06,CHI,NO,7.0,20.0,18,26,1.0,50.5,True,CHI,13,True,1.0,0
2013_05_NYJ_ATL,2013,5,2013-10-07,ATL,NYJ,7.0,17.0,28,30,10.0,45.0,True,ATL,10,True,10.0,0
2013_05_PHI_NYG,2013,5,2013-10-06,NYG,PHI,7.0,19.0,21,36,-1.0,53.5,True,NYG,12,False,0.0,0
2013_05_SD_OAK,2013,5,2013-10-06,LV,LAC,17.0,0.0,27,17,-6.0,46.0,False,LAC,17,True,6.0,0
2013_05_SEA_IND,2013,5,2013-10-06,IND,SEA,17.0,19.0,34,28,-3.0,43.5,True,IND,2,False,0.0,1
2013_06_ARI_SF,2013,6,2013-10-13,SF,ARI,22.0,14.0,32,20,10.0,40.5,False,ARI,8,False,0.0,0
2013_06_CAR_MIN,2013,6,2013-10-13,MIN,CAR,3.0,14.0,10,35,2.5,44.5,True,MIN,11,True,2.5,0
2013_06_CIN_BUF,2013,6,2013-10-13,BUF,CIN,10.0,17.0,24,27,-6.0,41.0,True,BUF,7,False,0.0,0
2013_06_DET_CLE,2013,6,2013-10-13,CLE,DET,17.0,7.0,17,31,-1.0,44.0,False,DET,10,True,1.0,1
2013_06_GB_BAL,2013,6,2013-10-13,BAL,GB,0.0,3.0,17,19,-1.0,48.5,True,BAL,3,False,0.0,0
2013_06_IND_SD,2013,6,2013-10-14,LAC,IND,10.0,6.0,19,9,-1.0,50.5,False,IND,4,True,1.0,0
2013_06_JAX_DEN,2013,6,2013-10-13,DEN,JAX,14.0,12.0,35,19,27.0,53.0,False,JAX,2,False,0.0,0
2013_06_NO_NE,2013,6,2013-10-13,NE,NO,17.0,7.0,30,27,2.5,51.5,False,NO,10,False,0.0,0
2013_06_NYG_CHI,2013,6,2013-10-10,CHI,NYG,24.0,14.0,27,21,9.5,46.5,False,NYG,10,False,0.0,0
2013_06_PHI_TB,2013,6,2013-10-13,TB,PHI,17.0,14.0,20,31,-2.5,44.5,False,PHI,3,True,2.5,1
2013_06_PIT_NYJ,2013,6,2013-10-13,NYJ,PIT,6.0,9.0,6,19,-1.0,40.5,True,NYJ,3,False,0.0,0
2013_06_STL_HOU,2013,6,2013-10-13,HOU,LA,6.0,17.0,13,38,9.5,43.0,True,HOU,11,True,9.5,0
2013_06_TEN_SEA,2013,6,2013-10-13,SEA,TEN,7.0,10.0,20,13,11.0,42.0,True,SEA,3,True,11.0,1
2013_06_WAS_DAL,2013,6,2013-10-13,DAL,WAS,14.0,6.0,31,16,5.5,52.0,False,WAS,8,False,0.0,0
2013_07_BAL_PIT,2013,7,2013-10-20,PIT,BAL,10.0,6.0,19,16,2.5,41.0,False,BAL,4,False,0.0,0
2013_07_BUF_MIA,2013,7,2013-10-20,MIA,BUF,14.0,17.0,21,23,6.0,43.5,True,MIA,3,True,6.0,0
2013_07_CHI_WAS,2013,7,2013-10-20,WAS,CHI,24.0,17.0,45,41,-1.0,47.5,False,CHI,7,True,1.0,0
2013_07_CIN_DET,2013,7,2013-10-20,DET,CIN,10.0,14.0,24,27,2.5,45.5,True,DET,4,True,2.5,0
2013_07_CLE_GB,2013,7,2013-10-20,GB,CLE,17.0,3.0,31,13,7.5,45.0,False,CLE,14,False,0.0,0
2013_07_DAL_PHI,2013,7,2013-10-20,PHI,DAL,0.0,3.0,3,17,3.0,55.0,True,PHI,3,True,3.0,0
2013_07_DEN_IND,2013,7,2013-10-20,IND,DEN,26.0,14.0,39,33,-6.0,54.5,False,DEN,12,True,6.0,0
2013_07_HOU_KC,2013,7,2013-10-20,KC,HOU,14.0,10.0,17,16,7.0,38.5,False,HOU,4,False,0.0,0
2013_07_MIN_NYG,2013,7,2013-10-21,NYG,MIN,10.0,7.0,23,7,4.0,47.5,False,MIN,3,False,0.0,0
2013_07_NE_NYJ,2013,7,2013-10-20,NYJ,NE,10.0,21.0,30,27,-3.5,43.0,True,NYJ,11,False,0.0,1
2013_07_SD_JAX,2013,7,2013-10-20,JAX,LAC,3.0,14.0,6,24,-7.5,44.5,True,JAX,11,False,0.0,0
2013_07_SEA_ARI,2013,7,2013-10-17,ARI,SEA,10.0,17.0,22,34,-5.0,41.0,True,ARI,7,False,0.0,0
2013_07_SF_TEN,2013,7,2013-10-20,TEN,SF,0.0,17.0,17,31,-3.0,41.0,True,TEN,17,False,0.0,0
2013_07_STL_CAR,2013,7,2013-10-20,CAR,LA,17.0,5.0,30,15,8.0,42.0,False,LA,12,False,0.0,0
2013_07_TB_ATL,2013,7,2013-10-20,ATL,TB,24.0,10.0,31,23,6.0,43.0,False,TB,14,False,0.0,0
2013_08_ATL_ARI,2013,8,2013-10-27,ARI,ATL,21.0,6.0,27,13,2.5,44.5,False,ATL,15,False,0.0,0
2013_08_BUF_NO,2013,8,2013-10-27,NO,BUF,21.0,10.0,35,17,10.5,48.0,False,BUF,11,False,0.0,0
2013_08_CAR_TB,2013,8,2013-10-24,TB,CAR,6.0,14.0,13,31,-6.5,39.0,True,TB,8,False,0.0,0
2013_08_CLE_KC,2013,8,2013-10-27,KC,CLE,20.0,10.0,23,17,7.0,39.0,False,CLE,10,False,0.0,0
2013_08_DAL_DET,2013,8,2013-10-27,DET,DAL,7.0,10.0,31,30,3.0,51.0,True,DET,3,True,3.0,1
2013_08_GB_MIN,2013,8,2013-10-27,MIN,GB,17.0,24.0,31,44,-7.0,47.5,True,MIN,7,False,0.0,0
2013_08_MIA_NE,2013,8,2013-10-27,NE,MIA,3.0,17.0,27,17,6.5,46.5,True,NE,14,True,6.5,1
2013_08_NYG_PHI,2013,8,2013-10-27,PHI,NYG,0.0,12.0,7,15,5.5,49.0,True,PHI,12,True,5.5,0
2013_08_NYJ_CIN,2013,8,2013-10-27,CIN,NYJ,28.0,6.0,49,9,6.0,40.5,False,NYJ,22,False,0.0,0
2013_08_PIT_OAK,2013,8,2013-10-27,LV,PIT,21.0,3.0,21,18,-2.5,40.0,False,PIT,18,True,2.5,0
2013_08_SEA_STL,2013,8,2013-10-28,LA,SEA,3.0,7.0,9,14,-13.0,43.0,True,LA,4,False,0.0,0
2013_08_SF_JAX,2013,8,2013-10-27,JAX,SF,3.0,28.0,10,42,-16.0,40.0,True,JAX,25,False,0.0,0
2013_09_ATL_CAR,2013,9,2013-11-03,CAR,ATL,14.0,10.0,34,10,10.0,46.5,False,ATL,4,False,0.0,0
2013_09_BAL_CLE,2013,9,2013-11-03,CLE,BAL,14.0,10.0,24,18,-1.0,41.5,False,BAL,4,True,1.0,0
2013_09_CHI_GB,2013,9,2013-11-04,GB,CHI,10.0,17.0,20,27,10.0,50.5,True,GB,7,True,10.0,0
2013_09_CIN_MIA,2013,9,2013-10-31,MIA,CIN,10.0,3.0,22,20,-3.0,42.0,False,CIN,7,True,3.0,0
2013_09_IND_HOU,2013,9,2013-11-03,HOU,IND,21.0,3.0,24,27,-1.0,42.5,False,IND,18,True,1.0,1
2013_09_KC_BUF,2013,9,2013-11-03,BUF,KC,10.0,3.0,13,23,-4.5,40.5,False,KC,7,True,4.5,1
2013_09_MIN_DAL,2013,9,2013-11-03,DAL,MIN,6.0,10.0,27,23,10.0,51.0,True,DAL,4,True,10.0,1
2013_09_NO_NYJ,2013,9,2013-11-03,NYJ,NO,20.0,14.0,26,20,-6.0,45.5,False,NO,6,True,6.0,0
2013_09_PHI_OAK,2013,9,2013-11-03,LV,PHI,13.0,28.0,20,49,-1.0,45.5,True,LV,15,False,0.0,0
2013_09_PIT_NE,2013,9,2013-11-03,NE,PIT,24.0,10.0,55,31,5.5,42.5,False,PIT,14,False,0.0,0
2013_09_SD_WAS,2013,9,2013-11-03,WAS,LAC,7.0,14.0,30,24,1.0,49.5,True,WAS,7,True,1.0,1
2013_09_TB_SEA,2013,9,2013-11-03,SEA,TB,7.0,21.0,27,24,16.0,40.0,True,SEA,14,True,16.0,1
2013_10_BUF_PIT,2013,10,2013-11-10,PIT,BUF,10.0,3.0,23,10,3.0,42.5,False,BUF,7,False,0.0,0
2013_10_CAR_SF,2013,10,2013-11-10,SF,CAR,9.0,7.0,9,10,6.0,43.0,False,CAR,2,False,0.0,1
2013_10_CIN_BAL,2013,10,2013-11-10,BAL,CIN,17.0,0.0,20,17,1.0,44.0,False,CIN,17,False,0.0,0
2013_10_DAL_NO,2013,10,2013-11-10,NO,DAL,28.0,10.0,49,17,6.0,54.0,False,DAL,18,False,0.0,0
2013_10_DEN_SD,2013,10,2013-11-10,LAC,DEN,6.0,21.0,20,28,-7.0,56.0,True,LAC,15,False,0.0,0
2013_10_HOU_ARI,2013,10,2013-11-10,ARI,HOU,14.0,17.0,27,24,4.0,41.5,True,ARI,3,True,4.0,1
2013_10_JAX_TEN,2013,10,2013-11-10,TEN,JAX,7.0,13.0,27,29,11.5,41.5,True,TEN,6,True,11.5,0
2013_10_MIA_TB,2013,10,2013-11-11,TB,MIA,15.0,7.0,22,19,-1.0,39.0,False,MIA,8,True,1.0,0
2013_10_OAK_NYG,2013,10,2013-11-10,NYG,LV,14.0,17.0,24,20,7.5,41.0,True,NYG,3,True,7.5,1
2013_10_PHI_GB,2013,10,2013-11-10,GB,PHI,3.0,10.0,13,27,-1.0,47.0,True,GB,7,False,0.0,0
2013_10_SEA_ATL,2013,10,2013-11-10,ATL,SEA,3.0,23.0,10,33,-3.5,47.0,True,ATL,20,False,0.0,0
2013_10_STL_IND,2013,10,2013-11-10,IND,LA,0.0,28.0,8,38,7.5,43.0,True,IND,28,True,7.5,0
2013_10_WAS_MIN,2013,10,2013-11-07,MIN,WAS,14.0,24.0,34,27,-1.0,48.0,True,MIN,10,False,0.0,1
2013_11_ATL_TB,2013,11,2013-11-17,TB,ATL,24.0,6.0,41,28,1.0,44.0,False,ATL,18,False,0.0,0
2013_11_BAL_CHI,2013,11,2013-11-17,CHI,BAL,13.0,17.0,23,20,4.0,41.0,True,CHI,4,True,4.0,1
2013_11_CLE_CIN,2013,11,2013-11-17,CIN,CLE,31.0,13.0,41,20,4.0,40.0,False,CLE,18,False,0.0,0
2013_11_DET_PIT,2013,11,2013-11-17,PIT,DET,20.0,27.0,37,27,-3.0,45.0,True,PIT,7,False,0.0,1
2013_11_GB_NYG,2013,11,2013-11-17,NYG,GB,10.0,6.0,27,13,3.5,41.0,False,GB,4,False,0.0,0
2013_11_IND_TEN,2013,11,2013-11-14,TEN,IND,17.0,6.0,27,30,-2.5,42.0,False,IND,11,True,2.5,1
2013_11_KC_DEN,2013,11,2013-11-17,DEN,KC,17.0,10.0,27,17,7.5,48.5,False,KC,7,False,0.0,0
2013_11_MIN_SEA,2013,11,2013-11-17,SEA,MIN,17.0,13.0,41,20,13.0,45.0,False,MIN,4,False,0.0,0
2013_11_NE_CAR,2013,11,2013-11-18,CAR,NE,10.0,3.0,24,20,3.0,46.5,False,NE,7,False,0.0,0
2013_11_NYJ_BUF,2013,11,2013-11-17,BUF,NYJ,20.0,0.0,37,14,-1.0,39.5,False,NYJ,20,True,1.0,0
2013_11_OAK_HOU,2013,11,2013-11-17,HOU,LV,17.0,14.0,23,28,10.5,41.0,False,LV,3,False,0.0,1
2013_11_SF_NO,2013,11,2013-11-17,NO,SF,14.0,10.0,23,20,3.5,50.0,False,SF,4,False,0.0,0
2013_11_WAS_PHI,2013,11,2013-11-17,PHI,WAS,17.0,0.0,24,16,4.5,54.5,False,WAS,17,False,0.0,0
2013_12_CAR_MIA,2013,12,2013-11-24,MIA,CAR,16.0,6.0,16,20,-4.5,40.0,False,CAR,10,True,4.5,1
2013_12_CHI_STL,2013,12,2013-11-24,LA,CHI,24.0,14.0,42,21,1.0,46.0,False,CHI,10,False,0.0,0
2013_12_DAL_NYG,2013,12,2013-11-24,NYG,DAL,6.0,14.0,21,24,1.0,44.5,True,NYG,8,True,1.0,0
2013_12_DEN_NE,2013,12,2013-11-24,NE,DEN,0.0,24.0,34,31,1.0,54.0,True,NE,24,True,1.0,1
2013_12_IND_ARI,2013,12,2013-11-24,ARI,IND,27.0,3.0,40,11,3.5,44.5,False,IND,24,False,0.0,0
2013_12_JAX_HOU,2013,12,2013-11-24,HOU,JAX,3.0,10.0,6,13,10.5,44.0,True,HOU,7,True,10.5,0
2013_12_MIN_GB,2013,12,2013-11-24,GB,MIN,7.0,13.0,26,26,6.0,44.5,True,GB,6,True,6.0,0
2013_12_NO_ATL,2013,12,2013-11-21,ATL,NO,13.0,14.0,13,17,-7.5,52.5,True,ATL,1,False,0.0,0
2013_12_NYJ_BAL,2013,12,2013-11-24,BAL,NYJ,9.0,3.0,19,3,4.0,38.0,False,NYJ,6,False,0.0,0
2013_12_PIT_CLE,2013,12,2013-11-24,CLE,PIT,3.0,13.0,11,27,2.5,40.0,True,CLE,10,True,2.5,0
2013_12_SD_KC,2013,12,2013-11-24,KC,LAC,14.0,10.0,38,41,3.5,43.0,False,LAC,4,False,0.0,1
2013_12_SF_WAS,2013,12,2013-11-25,WAS,SF,3.0,10.0,6,27,-5.5,45.5,True,WAS,7,False,0.0,0
2013_12_TB_DET,2013,12,2013-11-24,DET,TB,14.0,17.0,21,24,7.0,48.5,True,DET,3,True,7.0,0
2013_12_TEN_OAK,2013,12,2013-11-24,LV,TEN,9.0,6.0,19,23,-2.5,42.0,False,TEN,3,True,2.5,1
2013_13_ARI_PHI,2013,13,2013-12-01,PHI,ARI,17.0,7.0,24,21,3.5,48.0,False,ARI,10,False,0.0,0
2013_13_CHI_MIN,2013,13,2013-12-01,MIN,CHI,7.0,6.0,23,20,2.5,48.5,False,CHI,1,False,0.0,0
2013_13_DEN_KC,2013,13,2013-12-01,KC,DEN,21.0,14.0,28,35,-5.0,50.5,False,DEN,7,True,5.0,1
2013_13_GB_DET,2013,13,2013-11-28,DET,GB,17.0,10.0,40,10,7.0,48.5,False,GB,7,False,0.0,0
2013_13_JAX_CLE,2013,13,2013-12-01,CLE,JAX,14.0,20.0,28,32,7.5,39.5,True,CLE,6,True,7.5,0
2013_13_MIA_NYJ,2013,13,2013-12-01,NYJ,MIA,0.0,6.0,3,23,-1.0,39.5,True,NYJ,6,False,0.0,0
2013_13_NE_HOU,2013,13,2013-12-01,HOU,NE,17.0,7.0,31,34,-7.0,49.5,False,NE,10,True,7.0,1
2013_13_NO_SEA,2013,13,2013-12-02,SEA,NO,27.0,7.0,34,7,6.5,48.5,False,NO,20,False,0.0,0
2013_13_OAK_DAL,2013,13,2013-11-28,DAL,LV,14.0,21.0,31,24,10.0,49.5,True,DAL,7,True,10.0,1
2013_13_PIT_BAL,2013,13,2013-11-28,BAL,PIT,10.0,0.0,22,20,3.0,40.5,False,PIT,10,False,0.0,0
2013_13_STL_SF,2013,13,2013-12-01,SF,LA,13.0,3.0,23,13,7.5,40.5,False,LA,10,False,0.0,0
2013_13_TB_CAR,2013,13,2013-12-01,CAR,TB,17.0,6.0,27,6,7.5,41.0,False,TB,11,False,0.0,0
2013_13_TEN_IND,2013,13,2013-12-01,IND,TEN,12.0,7.0,22,14,3.5,46.0,False,TEN,5,False,0.0,0
2013_14_ATL_GB,2013,14,2013-12-08,GB,ATL,10.0,21.0,22,21,3.5,47.0,True,GB,11,True,3.5,1
2013_14_BUF_TB,2013,14,2013-12-08,TB,BUF,24.0,3.0,27,6,3.0,42.5,False,BUF,21,False,0.0,0
2013_14_CAR_NO,2013,14,2013-12-08,NO,CAR,21.0,6.0,31,13,3.0,47.0,False,CAR,15,False,0.0,0
2013_14_CLE_NE,2013,14,2013-12-08,NE,CLE,0.0,6.0,27,26,9.5,47.5,True,NE,6,True,9.5,1
2013_14_DAL_CHI,2013,14,2013-12-09,CHI,DAL,24.0,14.0,45,28,2.0,49.0,False,DAL,10,False,0.0,0
2013_14_DET_PHI,2013,14,2013-12-08,PHI,DET,0.0,8.0,34,20,2.5,54.0,True,PHI,8,True,2.5,1
2013_14_HOU_JAX,2013,14,2013-12-05,JAX,HOU,17.0,7.0,27,20,-3.0,43.5,False,HOU,10,True,3.0,0
2013_14_IND_CIN,2013,14,2013-12-08,CIN,IND,14.0,0.0,42,28,7.0,43.0,False,IND,14,False,0.0,0
2013_14_KC_WAS,2013,14,2013-12-08,WAS,KC,10.0,38.0,10,45,-3.5,44.0,True,WAS,28,False,0.0,0
2013_14_MIA_PIT,2013,14,2013-12-08,PIT,MIA,7.0,10.0,28,34,3.0,40.5,True,PIT,3,True,3.0,0
2013_14_MIN_BAL,2013,14,2013-12-08,BAL,MIN,7.0,3.0,29,26,6.0,41.5,False,MIN,4,False,0.0,0
2013_14_NYG_SD,2013,14,2013-12-08,LAC,NYG,24.0,0.0,37,14,4.5,46.5,False,NYG,24,False,0.0,0
2013_14_OAK_NYJ,2013,14,2013-12-08,NYJ,LV,20.0,3.0,37,27,3.0,39.0,False,LV,17,False,0.0,0
2013_14_SEA_SF,2013,14,2013-12-08,SF,SEA,16.0,14.0,19,17,2.5,41.0,False,SEA,2,False,0.0,0
2013_14_STL_ARI,2013,14,2013-12-08,ARI,LA,14.0,3.0,30,10,4.0,41.0,False,LA,11,False,0.0,0
2013_14_TEN_DEN,2013,14,2013-12-08,DEN,TEN,20.0,21.0,51,28,13.0,49.5,True,DEN,1,True,13.0,1
2013_15_BAL_DET,2013,15,2013-12-16,DET,BAL,7.0,9.0,16,18,4.5,49.0,True,DET,2,True,4.5,0
2013_15_BUF_JAX,2013,15,2013-12-15,JAX,BUF,10.0,20.0,20,27,-4.0,43.0,True,JAX,10,False,0.0,0
2013_15_CIN_PIT,2013,15,2013-12-15,PIT,CIN,27.0,7.0,30,20,-2.0,44.0,False,CIN,20,True,2.0,0
2013_15_GB_DAL,2013,15,2013-12-15,DAL,GB,26.0,3.0,36,37,4.0,49.5,False,GB,23,False,0.0,1
2013_15_HOU_IND,2013,15,2013-12-15,IND,HOU,20.0,3.0,25,3,6.0,47.0,False,HOU,17,False,0.0,0
2013_15_KC_OAK,2013,15,2013-12-15,LV,KC,17.0,35.0,31,56,-6.5,44.0,True,LV,18,False,0.0,0
2013_15_NE_MIA,2013,15,2013-12-15,MIA,NE,7.0,10.0,24,20,2.5,46.5,True,MIA,3,True,2.5,1
2013_15_NO_STL,2013,15,2013-12-15,LA,NO,24.0,3.0,27,16,-6.5,48.0,False,NO,21,True,6.5,0
2013_15_NYJ_CAR,2013,15,2013-12-15,CAR,NYJ,16.0,6.0,30,20,10.0,40.5,False,NYJ,10,False,0.0,0
2013_15_PHI_MIN,2013,15,2013-12-15,MIN,PHI,17.0,9.0,48,30,-6.5,53.0,False,PHI,8,True,6.5,0
2013_15_SD_DEN,2013,15,2013-12-12,DEN,LAC,10.0,17.0,20,27,10.0,56.5,True,DEN,7,True,10.0,0
2013_15_SEA_NYG,2013,15,2013-12-15,NYG,SEA,0.0,13.0,0,23,-9.5,43.5,True,NYG,13,False,0.0,0
2013_15_SF_TB,2013,15,2013-12-15,TB,SF,7.0,17.0,14,33,-4.5,41.0,True,TB,10,False,0.0,0
2013_15_WAS_ATL,2013,15,2013-12-15,ATL,WAS,17.0,20.0,27,26,5.5,50.0,True,ATL,3,True,5.5,1
2013_16_ATL_SF,2013,16,2013-12-23,SF,ATL,3.0,10.0,34,24,15.5,46.0,True,SF,7,True,15.5,1
2013_16_CHI_PHI,2013,16,2013-12-22,PHI,CHI,24.0,3.0,54,11,2.5,53.5,False,CHI,21,False,0.0,0
2013_16_DAL_WAS,2013,16,2013-12-22,WAS,DAL,6.0,14.0,23,24,-3.0,51.0,True,WAS,8,False,0.0,0
2013_16_DEN_HOU,2013,16,2013-12-22,HOU,DEN,6.0,16.0,13,37,-9.0,53.0,True,HOU,10,False,0.0,0
2013_16_IND_KC,2013,16,2013-12-22,KC,IND,7.0,13.0,7,23,7.5,46.5,True,KC,6,True,7.5,0
2013_16_MIA_BUF,2013,16,2013-12-22,BUF,MIA,10.0,0.0,19,0,1.0,42.0,False,MIA,10,False,0.0,0
2013_16_MIN_CIN,2013,16,2013-12-22,CIN,MIN,28.0,7.0,42,14,7.5,48.0,False,MIN,21,False,0.0,0
2013_16_NE_BAL,2013,16,2013-12-22,BAL,NE,0.0,17.0,7,41,-1.0,45.0,True,BAL,17,False,0.0,0
2013_16_NO_CAR,2013,16,2013-12-22,CAR,NO,7.0,6.0,17,13,3.5,44.5,False,NO,1,False,0.0,0
2013_16_NYG_DET,2013,16,2013-12-22,DET,NYG,3.0,13.0,20,23,9.5,47.0,True,DET,10,True,9.5,0
2013_16_PIT_GB,2013,16,2013-12-22,GB,PIT,14.0,10.0,31,38,-1.0,43.5,False,PIT,4,True,1.0,1
2013_16_TB_STL,2013,16,2013-12-22,LA,TB,14.0,10.0,23,13,3.5,43.0,False,TB,4,False,0.0,0
2013_16_TEN_JAX,2013,16,2013-12-22,JAX,TEN,13.0,6.0,16,20,-4.0,44.0,False,TEN,7,True,4.0,1
2013_17_BAL_CIN,2013,17,2013-12-29,CIN,BAL,17.0,6.0,34,17,6.5,43.0,False,BAL,11,False,0.0,0
2013_17_BUF_NE,2013,17,2013-12-29,NE,BUF,16.0,3.0,34,20,7.5,46.5,False,BUF,13,False,0.0,0
2013_17_CAR_ATL,2013,17,2013-12-29,ATL,CAR,10.0,14.0,20,21,-5.5,46.5,True,ATL,4,False,0.0,0
2013_17_CLE_PIT,2013,17,2013-12-29,PIT,CLE,14.0,0.0,20,7,9.5,44.5,False,CLE,14,False,0.0,0
2013_17_DEN_OAK,2013,17,2013-12-29,LV,DEN,0.0,31.0,14,34,-10.0,53.5,True,LV,31,False,0.0,0
2013_17_DET_MIN,2013,17,2013-12-29,MIN,DET,7.0,0.0,14,13,-2.5,50.0,False,DET,7,True,2.5,0
2013_17_GB_CHI,2013,17,2013-12-29,CHI,GB,7.0,13.0,28,33,-3.0,51.0,True,CHI,6,False,0.0,0
2013_17_HOU_TEN,2013,17,2013-12-29,TEN,HOU,6.0,7.0,16,10,7.0,44.5,True,TEN,1,True,7.0,1
2013_17_JAX_IND,2013,17,2013-12-29,IND,JAX,20.0,3.0,30,10,11.0,45.0,False,JAX,17,False,0.0,0
2013_17_KC_SD,2013,17,2013-12-29,LAC,KC,14.0,21.0,27,24,15.5,45.0,True,LAC,7,True,15.5,1
2013_17_NYJ_MIA,2013,17,2013-12-29,MIA,NYJ,7.0,14.0,7,20,7.5,41.0,True,MIA,7,True,7.5,0
2013_17_PHI_DAL,2013,17,2013-12-29,DAL,PHI,10.0,17.0,22,24,-7.5,54.0,True,DAL,7,False,0.0,0
2013_17_SF_ARI,2013,17,2013-12-29,ARI,SF,7.0,17.0,20,23,3.0,41.0,True,ARI,10,True,3.0,0
2013_17_STL_SEA,2013,17,2013-12-29,SEA,LA,13.0,0.0,27,9,13.0,41.0,False,LA,13,False,0.0,0
2013_17_TB_NO,2013,17,2013-12-29,NO,TB,28.0,14.0,42,17,11.0,47.0,False,TB,14,False,0.0,0
2013_17_WAS_NYG,2013,17,2013-12-29,NYG,WAS,10.0,6.0,20,6,3.5,44.0,False,WAS,4,False,0.0,0
2014_01_BUF_CHI,2014,1,2014-09-07,CHI,BUF,7.0,17.0,20,23,7.0,47.0,True,CHI,10,True,7.0,0
2014_01_CAR_TB,2014,1,2014-09-07,TB,CAR,0.0,10.0,14,20,5.5,38.5,True,TB,10,True,5.5,0
2014_01_CIN_BAL,2014,1,2014-09-07,BAL,CIN,0.0,15.0,16,23,1.0,43.5,True,BAL,15,True,1.0,0
2014_01_CLE_PIT,2014,1,2014-09-07,PIT,CLE,27.0,3.0,30,27,5.5,41.5,False,CLE,24,False,0.0,0
2014_01_GB_SEA,2014,1,2014-09-04,SEA,GB,17.0,10.0,36,16,4.5,46.5,False,GB,7,False,0.0,0
2014_01_IND_DEN,2014,1,2014-09-07,DEN,IND,24.0,7.0,31,24,8.0,52.5,False,IND,17,False,0.0,0
2014_01_JAX_PHI,2014,1,2014-09-07,PHI,JAX,0.0,17.0,34,17,10.0,49.0,True,PHI,17,True,10.0,1
2014_01_MIN_STL,2014,1,2014-09-07,LA,MIN,0.0,13.0,6,34,3.0,43.5,True,LA,13,True,3.0,0
2014_01_NE_MIA,2014,1,2014-09-07,MIA,NE,10.0,20.0,33,20,-3.5,47.5,True,MIA,10,False,0.0,1
2014_01_NO_ATL,2014,1,2014-09-07,ATL,NO,10.0,20.0,37,34,-3.0,51.0,True,ATL,10,False,0.0,1
2014_01_NYG_DET,2014,1,2014-09-08,DET,NYG,14.0,7.0,35,14,6.5,45.0,False,NYG,7,False,0.0,0
2014_01_OAK_NYJ,2014,1,2014-09-07,NYJ,LV,10.0,7.0,19,14,6.5,41.0,False,LV,3,False,0.0,0
2014_01_SD_ARI,2014,1,2014-09-08,ARI,LAC,6.0,3.0,18,17,3.0,45.5,False,LAC,3,False,0.0,0
2014_01_SF_DAL,2014,1,2014-09-07,DAL,SF,3.0,28.0,17,28,-3.5,49.0,True,DAL,25,False,0.0,0
2014_01_TEN_KC,2014,1,2014-09-07,KC,TEN,3.0,10.0,10,26,3.0,45.5,True,KC,7,True,3.0,0
2014_01_WAS_HOU,2014,1,2014-09-07,HOU,WAS,14.0,6.0,17,6,3.0,43.5,False,WAS,8,False,0.0,0
2014_02_ARI_NYG,2014,2,2014-09-14,NYG,ARI,7.0,10.0,14,25,1.0,41.5,True,NYG,3,True,1.0,0
2014_02_ATL_CIN,2014,2,2014-09-14,CIN,ATL,10.0,3.0,24,10,5.5,48.5,False,ATL,7,False,0.0,0
2014_02_CHI_SF,2014,2,2014-09-14,SF,CHI,17.0,7.0,20,28,7.0,47.0,False,CHI,10,False,0.0,1
2014_02_DAL_TEN,2014,2,2014-09-14,TEN,DAL,0.0,16.0,10,26,3.0,49.5,True,TEN,16,True,3.0,0
2014_02_DET_CAR,2014,2,2014-09-14,CAR,DET,6.0,0.0,24,7,1.0,43.5,False,DET,6,False,0.0,0
2014_02_HOU_OAK,2014,2,2014-09-14,LV,HOU,0.0,17.0,14,30,-3.0,41.0,True,LV,17,False,0.0,0
2014_02_JAX_WAS,2014,2,2014-09-14,WAS,JAX,21.0,7.0,41,10,5.0,43.0,False,JAX,14,False,0.0,0
2014_02_KC_DEN,2014,2,2014-09-14,DEN,KC,21.0,10.0,24,17,13.0,49.0,False,KC,11,False,0.0,0
2014_02_MIA_BUF,2014,2,2014-09-14,BUF,MIA,9.0,0.0,29,10,1.0,43.0,False,MIA,9,False,0.0,0
2014_02_NE_MIN,2014,2,2014-09-14,MIN,NE,7.0,24.0,7,30,-3.5,49.0,True,MIN,17,False,0.0,0
2014_02_NO_CLE,2014,2,2014-09-14,CLE,NO,16.0,10.0,26,24,-4.5,49.5,False,NO,6,True,4.5,0
2014_02_NYJ_GB,2014,2,2014-09-14,GB,NYJ,16.0,21.0,31,24,7.0,46.5,True,GB,5,True,7.0,1
2014_02_PHI_IND,2014,2,2014-09-15,IND,PHI,17.0,6.0,27,30,3.0,53.5,False,PHI,11,False,0.0,1
2014_02_PIT_BAL,2014,2,2014-09-11,BAL,PIT,10.0,3.0,26,6,2.5,44.0,False,PIT,7,False,0.0,0
2014_02_SEA_SD,2014,2,2014-09-14,LAC,SEA,20.0,14.0,30,21,-4.5,45.0,False,SEA,6,True,4.5,0
2014_02_STL_TB,2014,2,2014-09-14,TB,LA,7.0,10.0,17,19,4.0,37.5,True,TB,3,True,4.0,0
2014_03_BAL_CLE,2014,3,2014-09-21,CLE,BAL,7.0,10.0,21,23,-2.0,43.0,True,CLE,3,False,0.0,0
2014_03_CHI_NYJ,2014,3,2014-09-22,NYJ,CHI,13.0,17.0,19,27,1.5,44.5,True,NYJ,4,True,1.5,0
2014_03_DAL_STL,2014,3,2014-09-21,LA,DAL,21.0,10.0,31,34,-1.5,45.0,False,DAL,11,True,1.5,1
2014_03_DEN_SEA,2014,3,2014-09-21,SEA,DEN,17.0,3.0,26,20,4.0,48.0,False,DEN,14,False,0.0,0
2014_03_GB_DET,2014,3,2014-09-21,DET,GB,12.0,7.0,19,7,1.5,51.0,False,GB,5,False,0.0,0
2014_03_HOU_NYG,2014,3,2014-09-21,NYG,HOU,14.0,0.0,30,17,1.0,41.5,False,HOU,14,False,0.0,0
2014_03_IND_JAX,2014,3,2014-09-21,JAX,IND,0.0,30.0,17,44,-6.0,45.5,True,JAX,30,False,0.0,0
2014_03_KC_MIA,2014,3,2014-09-21,MIA,KC,3.0,14.0,15,34,6.0,43.0,True,MIA,11,True,6.0,0
2014_03_MIN_NO,2014,3,2014-09-21,NO,MIN,13.0,6.0,20,9,10.0,49.5,False,MIN,7,False,0.0,0
2014_03_OAK_NE,2014,3,2014-09-21,NE,LV,10.0,3.0,16,9,14.0,47.5,False,LV,7,False,0.0,0
2014_03_PIT_CAR,2014,3,2014-09-21,CAR,PIT,3.0,9.0,19,37,3.0,42.5,True,CAR,6,True,3.0,0
2014_03_SD_BUF,2014,3,2014-09-21,BUF,LAC,3.0,13.0,10,22,2.5,45.5,True,BUF,10,True,2.5,0
2014_03_SF_ARI,2014,3,2014-09-21,ARI,SF,6.0,14.0,23,14,-3.0,41.0,True,ARI,8,False,0.0,1
2014_03_TB_ATL,2014,3,2014-09-18,ATL,TB,35.0,0.0,56,14,6.5,47.0,False,TB,35,False,0.0,0
2014_03_TEN_CIN,2014,3,2014-09-21,CIN,TEN,19.0,0.0,33,7,6.5,44.5,False,TEN,19,False,0.0,0
2014_03_WAS_PHI,2014,3,2014-09-21,PHI,WAS,21.0,20.0,37,34,4.0,50.5,False,WAS,1,False,0.0,0
2014_04_ATL_MIN,2014,4,2014-09-28,MIN,ATL,24.0,14.0,41,28,-5.5,48.0,False,ATL,10,True,5.5,0
2014_04_BUF_HOU,2014,4,2014-09-28,HOU,BUF,7.0,10.0,23,17,3.0,44.0,True,HOU,3,True,3.0,1
2014_04_CAR_BAL,2014,4,2014-09-28,BAL,CAR,21.0,7.0,38,10,3.5,42.5,False,CAR,14,False,0.0,0
2014_04_DET_NYJ,2014,4,2014-09-28,NYJ,DET,3.0,17.0,17,24,2.0,43.5,True,NYJ,14,True,2.0,0
2014_04_GB_CHI,2014,4,2014-09-28,CHI,GB,17.0,21.0,17,38,-2.0,51.0,True,CHI,4,False,0.0,0
2014_04_JAX_SD,2014,4,2014-09-28,LAC,JAX,17.0,14.0,33,14,13.0,45.0,False,JAX,3,False,0.0,0
2014_04_MIA_OAK,2014,4,2014-09-28,LV,MIA,7.0,24.0,14,38,-4.0,41.0,True,LV,17,False,0.0,0
2014_04_NE_KC,2014,4,2014-09-29,KC,NE,17.0,0.0,41,14,-3.0,45.0,False,NE,17,True,3.0,0
2014_04_NO_DAL,2014,4,2014-09-28,DAL,NO,24.0,0.0,38,17,-3.0,53.5,False,NO,24,True,3.0,0
2014_04_NYG_WAS,2014,4,2014-09-25,WAS,NYG,7.0,24.0,14,45,3.0,44.5,True,WAS,17,True,3.0,0
2014_04_PHI_SF,2014,4,2014-09-28,SF,PHI,13.0,21.0,26,21,3.5,48.5,True,SF,8,True,3.5,1
2014_04_TB_PIT,2014,4,2014-09-28,PIT,TB,17.0,10.0,24,27,7.5,44.5,False,TB,7,False,0.0,1
2014_04_TEN_IND,2014,4,2014-09-28,IND,TEN,20.0,10.0,41,17,7.5,45.5,False,TEN,10,False,0.0,0
2014_05_ARI_DEN,2014,5,2014-10-05,DEN,ARI,21.0,13.0,41,20,8.0,47.0,False,ARI,8,False,0.0,0
2014_05_ATL_NYG,2014,5,2014-10-05,NYG,ATL,10.0,13.0,30,20,4.0,50.5,True,NYG,3,True,4.0,1
2014_05_BAL_IND,2014,5,2014-10-05,IND,BAL,6.0,3.0,20,13,2.5,49.5,False,BAL,3,False,0.0,0
2014_05_BUF_DET,2014,5,2014-10-05,DET,BUF,14.0,3.0,14,17,4.5,43.0,False,BUF,11,False,0.0,1
2014_05_CHI_CAR,2014,5,2014-10-05,CAR,CHI,14.0,21.0,31,24,1.5,46.5,True,CAR,7,True,1.5,1
2014_05_CIN_NE,2014,5,2014-10-05,NE,CIN,20.0,3.0,43,17,-2.5,46.0,False,CIN,17,True,2.5,0
2014_05_CLE_TEN,2014,5,2014-10-05,TEN,CLE,28.0,10.0,28,29,-1.0,44.5,False,CLE,18,True,1.0,1
2014_05_HOU_DAL,2014,5,2014-10-05,DAL,HOU,3.0,0.0,20,17,5.0,47.5,False,HOU,3,False,0.0,0
2014_05_KC_SF,2014,5,2014-10-05,SF,KC,13.0,10.0,22,17,4.0,43.5,False,KC,3,False,0.0,0
2014_05_MIN_GB,2014,5,2014-10-02,GB,MIN,28.0,0.0,42,10,8.5,46.5,False,MIN,28,False,0.0,0
2014_05_NYJ_SD,2014,5,2014-10-05,LAC,NYJ,21.0,0.0,31,0,7.0,44.5,False,NYJ,21,False,0.0,0
2014_05_PIT_JAX,2014,5,2014-10-05,JAX,PIT,6.0,10.0,9,17,-6.0,47.0,True,JAX,4,False,0.0,0
2014_05_SEA_WAS,2014,5,2014-10-06,WAS,SEA,7.0,17.0,17,27,-7.0,45.5,True,WAS,10,False,0.0,0
2014_05_STL_PHI,2014,5,2014-10-05,PHI,LA,20.0,7.0,34,28,3.5,48.0,False,LA,13,False,0.0,0
2014_05_TB_NO,2014,5,2014-10-05,NO,TB,13.0,10.0,37,31,11.0,47.5,False,TB,3,False,0.0,0
2014_06_BAL_TB,2014,6,2014-10-12,TB,BAL,0.0,38.0,17,48,-3.5,44.0,True,TB,38,False,0.0,0
2014_06_CAR_CIN,2014,6,2014-10-12,CIN,CAR,17.0,10.0,37,37,7.0,43.5,False,CAR,7,False,0.0,0
2014_06_CHI_ATL,2014,6,2014-10-12,ATL,CHI,3.0,13.0,13,27,3.5,55.5,True,ATL,10,True,3.5,0
2014_06_DAL_SEA,2014,6,2014-10-12,SEA,DAL,10.0,17.0,23,30,10.0,47.0,True,SEA,7,True,10.0,0
2014_06_DEN_NYJ,2014,6,2014-10-12,NYJ,DEN,7.0,17.0,17,31,-10.0,47.0,True,NYJ,10,False,0.0,0
2014_06_DET_MIN,2014,6,2014-10-12,MIN,DET,0.0,10.0,3,17,1.0,43.0,True,MIN,10,True,1.0,0
2014_06_GB_MIA,2014,6,2014-10-12,MIA,GB,3.0,10.0,24,27,-1.5,46.5,True,MIA,7,False,0.0,0
2014_06_IND_HOU,2014,6,2014-10-09,HOU,IND,14.0,27.0,28,33,-2.5,46.0,True,HOU,13,False,0.0,0
2014_06_JAX_TEN,2014,6,2014-10-12,TEN,JAX,10.0,7.0,16,14,4.0,42.5,False,JAX,3,False,0.0,0
2014_06_NE_BUF,2014,6,2014-10-12,BUF,NE,7.0,13.0,22,37,1.0,44.0,True,BUF,6,True,1.0,0
2014_06_NYG_PHI,2014,6,2014-10-12,PHI,NYG,20.0,0.0,27,0,1.0,50.5,False,NYG,20,False,0.0,0
2014_06_PIT_CLE,2014,6,2014-10-12,CLE,PIT,21.0,3.0,31,10,2.5,46.5,False,PIT,18,False,0.0,0
2014_06_SF_STL,2014,6,2014-10-13,LA,SF,14.0,10.0,17,31,-3.5,44.0,False,SF,4,True,3.5,1
2014_06_WAS_ARI,2014,6,2014-10-12,ARI,WAS,14.0,13.0,30,20,5.0,47.0,False,WAS,1,False,0.0,0
2014_07_ARI_OAK,2014,7,2014-10-19,LV,ARI,10.0,14.0,13,24,-3.5,46.0,True,LV,4,False,0.0,0
2014_07_ATL_BAL,2014,7,2014-10-19,BAL,ATL,17.0,0.0,29,7,7.0,49.5,False,ATL,17,False,0.0,0
2014_07_CAR_GB,2014,7,2014-10-19,GB,CAR,28.0,3.0,38,17,6.5,48.5,False,CAR,25,False,0.0,0
2014_07_CIN_IND,2014,7,2014-10-19,IND,CIN,10.0,0.0,27,0,3.0,50.5,False,CIN,10,False,0.0,0
2014_07_CLE_JAX,2014,7,2014-10-19,JAX,CLE,7.0,6.0,24,6,-4.0,44.5,False,CLE,1,True,4.0,0
2014_07_HOU_PIT,2014,7,2014-10-20,PIT,HOU,24.0,13.0,30,23,3.0,44.5,False,HOU,11,False,0.0,0
2014_07_KC_SD,2014,7,2014-10-19,LAC,KC,14.0,10.0,20,23,3.0,46.0,False,KC,4,False,0.0,1
2014_07_MIA_CHI,2014,7,2014-10-19,CHI,MIA,0.0,14.0,14,27,3.0,47.5,True,CHI,14,True,3.0,0
2014_07_MIN_BUF,2014,7,2014-10-19,BUF,MIN,10.0,13.0,17,16,7.0,43.5,True,BUF,3,True,7.0,1
2014_07_NO_DET,2014,7,2014-10-19,DET,NO,3.0,7.0,24,23,1.5,45.5,True,DET,4,True,1.5,1
2014_07_NYJ_NE,2014,7,2014-10-16,NE,NYJ,17.0,12.0,27,25,9.5,44.5,False,NYJ,5,False,0.0,0
2014_07_SEA_STL,2014,7,2014-10-19,LA,SEA,21.0,6.0,28,26,-7.0,43.5,False,SEA,15,True,7.0,0
2014_07_SF_DEN,2014,7,2014-10-19,DEN,SF,21.0,10.0,42,17,7.0,48.0,False,SF,11,False,0.0,0
2014_07_TEN_WAS,2014,7,2014-10-19,WAS,TEN,6.0,10.0,19,17,6.0,46.0,True,WAS,4,True,6.0,1
2014_08_BAL_CIN,2014,8,2014-10-26,CIN,BAL,7.0,6.0,27,24,-2.5,44.5,False,BAL,1,True,2.5,0
2014_08_BUF_NYJ,2014,8,2014-10-26,NYJ,BUF,17.0,24.0,23,43,3.0,40.0,True,NYJ,7,True,3.0,0
2014_08_CHI_NE,2014,8,2014-10-26,NE,CHI,38.0,7.0,51,23,5.5,51.0,False,CHI,31,False,0.0,0
2014_08_DET_ATL,2014,8,2014-10-26,ATL,DET,21.0,0.0,21,22,-3.5,45.0,False,DET,21,True,3.5,1
2014_08_HOU_TEN,2014,8,2014-10-26,TEN,HOU,3.0,13.0,16,30,-3.5,43.0,True,TEN,10,False,0.0,0
2014_08_IND_PIT,2014,8,2014-10-26,PIT,IND,35.0,20.0,51,34,-5.0,48.0,False,IND,15,True,5.0,0
2014_08_MIA_JAX,2014,8,2014-10-26,JAX,MIA,3.0,10.0,13,27,-7.0,42.0,True,JAX,7,False,0.0,0
2014_08_MIN_TB,2014,8,2014-10-26,TB,MIN,0.0,3.0,13,19,1.0,43.0,True,TB,3,True,1.0,0
2014_08_OAK_CLE,2014,8,2014-10-26,CLE,LV,9.0,6.0,23,13,6.5,44.5,False,LV,3,False,0.0,0
2014_08_SD_DEN,2014,8,2014-10-23,DEN,LAC,14.0,7.0,35,21,9.0,51.0,False,LAC,7,False,0.0,0
2014_08_SEA_CAR,2014,8,2014-10-26,CAR,SEA,6.0,3.0,9,13,-6.0,44.5,False,SEA,3,True,6.0,1
2014_08_STL_KC,2014,8,2014-10-26,KC,LA,10.0,7.0,34,7,7.5,44.5,False,LA,3,False,0.0,0
2014_08_WAS_DAL,2014,8,2014-10-27,DAL,WAS,7.0,3.0,17,20,9.5,49.0,False,WAS,4,False,0.0,1
2014_09_ARI_DAL,2014,9,2014-11-02,DAL,ARI,10.0,14.0,17,28,1.5,45.0,True,DAL,4,True,1.5,0
2014_09_BAL_PIT,2014,9,2014-11-02,PIT,BAL,22.0,10.0,43,23,2.5,47.5,False,BAL,12,False,0.0,0
2014_09_DEN_NE,2014,9,2014-11-02,NE,DEN,27.0,7.0,43,21,-3.0,52.5,False,DEN,20,True,3.0,0
2014_09_IND_NYG,2014,9,2014-11-03,NYG,IND,3.0,16.0,24,40,-3.0,51.0,True,NYG,13,False,0.0,0
2014_09_JAX_CIN,2014,9,2014-11-02,CIN,JAX,12.0,3.0,33,23,10.0,44.0,False,JAX,9,False,0.0,0
2014_09_NO_CAR,2014,9,2014-10-30,CAR,NO,0.0,14.0,10,28,-3.0,48.5,True,CAR,14,False,0.0,0
2014_09_NYJ_KC,2014,9,2014-11-02,KC,NYJ,21.0,10.0,24,10,9.5,41.5,False,NYJ,11,False,0.0,0
2014_09_OAK_SEA,2014,9,2014-11-02,SEA,LV,24.0,3.0,30,24,13.5,43.5,False,LV,21,False,0.0,0
2014_09_PHI_HOU,2014,9,2014-11-02,HOU,PHI,14.0,17.0,21,31,-1.5,48.5,True,HOU,3,False,0.0,0
2014_09_SD_MIA,2014,9,2014-11-02,MIA,LAC,20.0,0.0,37,0,3.0,45.5,False,LAC,20,False,0.0,0
2014_09_TB_CLE,2014,9,2014-11-02,CLE,TB,9.0,10.0,22,17,7.0,44.0,True,CLE,1,True,7.0,1
2014_09_WAS_MIN,2014,9,2014-11-02,MIN,WAS,7.0,10.0,29,26,-1.0,43.5,True,MIN,3,False,0.0,1
2014_10_ATL_TB,2014,10,2014-11-09,TB,ATL,10.0,13.0,17,27,-3.5,47.0,True,TB,3,False,0.0,0
2014_10_CAR_PHI,2014,10,2014-11-10,PHI,CAR,31.0,7.0,45,21,7.0,48.5,False,CAR,24,False,0.0,0
2014_10_CHI_GB,2014,10,2014-11-09,GB,CHI,42.0,0.0,55,14,9.5,53.0,False,CHI,42,False,0.0,0
2014_10_CLE_CIN,2014,10,2014-11-06,CIN,CLE,3.0,17.0,3,24,6.5,45.5,True,CIN,14,True,6.5,0
2014_10_DAL_JAX,2014,10,2014-11-09,JAX,DAL,7.0,24.0,17,31,-7.5,45.0,True,JAX,17,False,0.0,0
2014_10_DEN_OAK,2014,10,2014-11-09,LV,DEN,10.0,20.0,17,41,-13.0,50.5,True,LV,10,False,0.0,0
2014_10_KC_BUF,2014,10,2014-11-09,BUF,KC,10.0,3.0,13,17,2.0,42.0,False,KC,7,False,0.0,1
2014_10_MIA_DET,2014,10,2014-11-09,DET,MIA,10.0,3.0,20,16,3.0,43.0,False,MIA,7,False,0.0,0
2014_10_NYG_SEA,2014,10,2014-11-09,SEA,NYG,14.0,17.0,38,17,9.0,44.5,True,SEA,3,True,9.0,1
2014_10_PIT_NYJ,2014,10,2014-11-09,NYJ,PIT,17.0,3.0,20,13,-4.5,47.0,False,PIT,14,True,4.5,0
2014_10_SF_NO,2014,10,2014-11-09,NO,SF,10.0,21.0,24,27,6.0,49.5,True,NO,11,True,6.0,0
2014_10_STL_ARI,2014,10,2014-11-09,ARI,LA,10.0,14.0,31,14,7.0,43.0,True,ARI,4,True,7.0,1
2014_11_ATL_CAR,2014,11,2014-11-16,CAR,ATL,3.0,6.0,17,19,-2.5,46.5,True,CAR,3,False,0.0,0
2014_11_BUF_MIA,2014,11,2014-11-13,MIA,BUF,3.0,6.0,22,9,4.0,40.5,True,MIA,3,True,4.0,1
2014_11_CIN_NO,2014,11,2014-11-16,NO,CIN,3.0,13.0,10,27,8.5,51.0,True,NO,10,True,8.5,0
2014_11_DEN_STL,2014,11,2014-11-16,LA,DEN,13.0,7.0,22,7,-8.0,49.5,False,DEN,6,True,8.0,0
2014_11_DET_ARI,2014,11,2014-11-16,ARI,DET,14.0,6.0,14,6,-1.0,41.5,False,DET,8,True,1.0,0
2014_11_HOU_CLE,2014,11,2014-11-16,CLE,HOU,7.0,14.0,7,23,4.5,42.0,True,CLE,7,True,4.5,0
2014_11_MIN_CHI,2014,11,2014-11-16,CHI,MIN,14.0,10.0,21,13,2.5,46.5,False,MIN,4,False,0.0,0
2014_11_NE_IND,2014,11,2014-11-16,IND,NE,10.0,14.0,20,42,3.0,58.0,True,IND,4,True,3.0,0
2014_11_OAK_SD,2014,11,2014-11-16,LAC,LV,10.0,3.0,13,6,10.5,45.5,False,LV,7,False,0.0,0
2014_11_PHI_GB,2014,11,2014-11-16,GB,PHI,30.0,6.0,53,20,4.5,55.5,False,PHI,24,False,0.0,0
2014_11_PIT_TEN,2014,11,2014-11-17,TEN,PIT,17.0,13.0,24,27,-7.0,46.5,False,PIT,4,True,7.0,1
2014_11_SEA_KC,2014,11,2014-11-16,KC,SEA,14.0,13.0,24,20,-1.0,43.5,False,SEA,1,True,1.0,0
2014_11_SF_NYG,2014,11,2014-11-16,NYG,SF,7.0,9.0,10,16,-4.0,45.0,True,NYG,2,False,0.0,0
2014_11_TB_WAS,2014,11,2014-11-16,WAS,TB,7.0,13.0,7,27,6.5,45.5,True,WAS,6,True,6.5,0
2014_12_ARI_SEA,2014,12,2014-11-23,SEA,ARI,9.0,3.0,19,3,7.5,42.0,False,ARI,6,False,0.0,0
2014_12_BAL_NO,2014,12,2014-11-24,NO,BAL,17.0,14.0,27,34,2.5,50.5,False,BAL,3,False,0.0,1
2014_12_CIN_HOU,2014,12,2014-11-23,HOU,CIN,3.0,9.0,13,22,3.0,44.5,True,HOU,6,True,3.0,0
2014_12_CLE_ATL,2014,12,2014-11-23,ATL,CLE,14.0,13.0,24,26,3.0,48.5,False,CLE,1,False,0.0,1
2014_12_DAL_NYG,2014,12,2014-11-23,NYG,DAL,21.0,10.0,28,31,-4.0,48.5,False,DAL,11,True,4.0,1
2014_12_DET_NE,2014,12,2014-11-23,NE,DET,24.0,6.0,34,9,7.5,47.5,False,DET,18,False,0.0,0
2014_12_GB_MIN,2014,12,2014-11-23,MIN,GB,10.0,14.0,21,24,-7.5,50.0,True,MIN,4,False,0.0,0
2014_12_JAX_IND,2014,12,2014-11-23,IND,JAX,6.0,3.0,23,3,13.0,49.0,False,JAX,3,False,0.0,0
2014_12_KC_OAK,2014,12,2014-11-20,LV,KC,14.0,3.0,24,20,-7.5,42.0,False,KC,11,True,7.5,0
2014_12_MIA_DEN,2014,12,2014-11-23,DEN,MIA,17.0,21.0,39,36,6.5,47.5,True,DEN,4,True,6.5,1
2014_12_NYJ_BUF,2014,12,2014-11-24,BUF,NYJ,14.0,3.0,38,3,2.5,42.0,False,NYJ,11,False,0.0,0
2014_12_STL_SD,2014,12,2014-11-23,LAC,LA,6.0,10.0,27,24,4.0,43.5,True,LAC,4,True,4.0,1
2014_12_TB_CHI,2014,12,2014-11-23,CHI,TB,0.0,10.0,21,13,4.0,47.0,True,CHI,10,True,4.0,1
2014_12_TEN_PHI,2014,12,2014-11-23,PHI,TEN,27.0,17.0,43,24,11.0,49.0,False,TEN,10,False,0.0,0
2014_12_WAS_SF,2014,12,2014-11-23,SF,WAS,10.0,7.0,17,13,9.0,44.0,False,WAS,3,False,0.0,0
2014_13_ARI_ATL,2014,13,2014-11-30,ATL,ARI,20.0,10.0,29,18,-1.5,45.5,False,ARI,10,True,1.5,0
2014_13_CAR_MIN,2014,13,2014-11-30,MIN,CAR,28.0,6.0,31,13,2.5,41.5,False,CAR,22,False,0.0,0
2014_13_CHI_DET,2014,13,2014-11-27,DET,CHI,24.0,14.0,34,17,7.5,46.0,False,CHI,10,False,0.0,0
2014_13_CIN_TB,2014,13,2014-11-30,TB,CIN,10.0,7.0,13,14,-6.0,43.5,False,CIN,3,True,6.0,1
2014_13_CLE_BUF,2014,13,2014-11-30,BUF,CLE,0.0,3.0,26,10,3.0,42.0,True,BUF,3,True,3.0,1
2014_13_DEN_KC,2014,13,2014-11-30,KC,DEN,7.0,20.0,16,29,1.0,49.0,True,KC,13,True,1.0,0
2014_13_MIA_NYJ,2014,13,2014-12-01,NYJ,MIA,10.0,3.0,13,16,-6.5,41.5,False,MIA,7,True,6.5,1
2014_13_NE_GB,2014,13,2014-11-30,GB,NE,23.0,14.0,26,21,3.0,57.0,False,NE,9,False,0.0,0
2014_13_NO_PIT,2014,13,2014-11-30,PIT,NO,6.0,14.0,32,35,3.5,54.5,True,PIT,8,True,3.5,0
2014_13_NYG_JAX,2014,13,2014-11-30,JAX,NYG,3.0,21.0,25,24,-3.0,44.0,True,JAX,18,False,0.0,1
2014_13_OAK_STL,2014,13,2014-11-30,LA,LV,38.0,0.0,52,0,6.5,43.0,False,LV,38,False,0.0,0
2014_13_PHI_DAL,2014,13,2014-11-27,DAL,PHI,7.0,23.0,10,33,3.0,56.5,True,DAL,16,True,3.0,0
2014_13_SD_BAL,2014,13,2014-11-30,BAL,LAC,16.0,10.0,33,34,6.5,45.5,False,LAC,6,False,0.0,1
2014_13_SEA_SF,2014,13,2014-11-27,SF,SEA,0.0,13.0,3,19,1.0,40.0,True,SF,13,True,1.0,0
2014_13_TEN_HOU,2014,13,2014-11-30,HOU,TEN,17.0,0.0,45,21,7.0,43.0,False,TEN,17,False,0.0,0
2014_13_WAS_IND,2014,13,2014-11-30,IND,WAS,21.0,10.0,49,27,7.5,48.5,False,WAS,11,False,0.0,0
2014_14_ATL_GB,2014,14,2014-12-08,GB,ATL,31.0,7.0,43,37,13.5,54.5,False,ATL,24,False,0.0,0
2014_14_BAL_MIA,2014,14,2014-12-07,MIA,BAL,10.0,7.0,13,28,3.0,45.0,False,BAL,3,False,0.0,1
2014_14_BUF_DEN,2014,14,2014-12-07,DEN,BUF,14.0,3.0,24,17,9.0,47.0,False,BUF,11,False,0.0,0
2014_14_CAR_NO,2014,14,2014-12-07,NO,CAR,3.0,24.0,10,41,8.5,50.5,True,NO,21,True,8.5,0
2014_14_DAL_CHI,2014,14,2014-12-04,CHI,DAL,7.0,14.0,28,41,-3.5,50.5,True,CHI,7,False,0.0,0
2014_14_HOU_JAX,2014,14,2014-12-07,JAX,HOU,13.0,10.0,13,27,-6.5,41.5,False,HOU,3,True,6.5,1
2014_14_IND_CLE,2014,14,2014-12-07,CLE,IND,14.0,7.0,24,25,-3.0,50.0,False,IND,7,True,3.0,1
2014_14_KC_ARI,2014,14,2014-12-07,ARI,KC,6.0,14.0,17,14,-2.5,41.5,True,ARI,8,False,0.0,1
2014_14_NE_SD,2014,14,2014-12-07,LAC,NE,14.0,13.0,14,23,-4.0,53.0,False,NE,1,True,4.0,1
2014_14_NYG_TEN,2014,14,2014-12-07,TEN,NYG,0.0,23.0,7,36,-3.0,46.5,True,TEN,23,False,0.0,0
2014_14_NYJ_MIN,2014,14,2014-12-07,MIN,NYJ,21.0,15.0,30,24,4.5,40.5,False,NYJ,6,False,0.0,0
2014_14_PIT_CIN,2014,14,2014-12-07,CIN,PIT,14.0,10.0,21,42,3.0,47.0,False,PIT,4,False,0.0,1
2014_14_SEA_PHI,2014,14,2014-12-07,PHI,SEA,7.0,10.0,14,24,-1.5,48.0,True,PHI,3,False,0.0,0
2014_14_STL_WAS,2014,14,2014-12-07,WAS,LA,0.0,6.0,0,24,-2.5,44.5,True,WAS,6,False,0.0,0
2014_14_TB_DET,2014,14,2014-12-07,DET,TB,17.0,10.0,34,17,10.5,42.0,False,TB,7,False,0.0,0
2014_15_ARI_STL,2014,15,2014-12-11,LA,ARI,3.0,6.0,6,12,6.0,40.5,True,LA,3,True,6.0,0
2014_15_CIN_CLE,2014,15,2014-12-14,CLE,CIN,0.0,20.0,0,30,2.5,44.0,True,CLE,20,True,2.5,0
2014_15_DAL_PHI,2014,15,2014-12-14,PHI,DAL,10.0,21.0,27,38,3.5,54.5,True,PHI,11,True,3.5,0
2014_15_DEN_SD,2014,15,2014-12-14,LAC,DEN,3.0,9.0,10,22,-4.0,49.0,True,LAC,6,False,0.0,0
2014_15_HOU_IND,2014,15,2014-12-14,IND,HOU,14.0,7.0,17,10,7.0,49.0,False,HOU,7,False,0.0,0
2014_15_JAX_BAL,2014,15,2014-12-14,BAL,JAX,10.0,12.0,20,12,14.0,44.5,True,BAL,2,True,14.0,1
2014_15_MIA_NE,2014,15,2014-12-14,NE,MIA,14.0,13.0,41,13,9.5,49.0,False,MIA,1,False,0.0,0
2014_15_MIN_DET,2014,15,2014-12-14,DET,MIN,10.0,14.0,16,14,8.0,42.5,True,DET,4,True,8.0,1
2014_15_NO_CHI,2014,15,2014-12-15,CHI,NO,0.0,14.0,15,31,-3.0,53.5,True,CHI,14,False,0.0,0
2014_15_NYJ_TEN,2014,15,2014-12-14,TEN,NYJ,5.0,3.0,11,16,-3.5,42.0,False,NYJ,2,True,3.5,1
2014_15_OAK_KC,2014,15,2014-12-14,KC,LV,10.0,3.0,31,13,11.0,41.5,False,LV,7,False,0.0,0
2014_15_PIT_ATL,2014,15,2014-12-14,ATL,PIT,7.0,20.0,20,27,-3.0,55.0,True,ATL,13,False,0.0,0
2014_15_SF_SEA,2014,15,2014-12-14,SEA,SF,3.0,7.0,17,7,10.0,38.0,True,SEA,4,True,10.0,1
2014_15_TB_CAR,2014,15,2014-12-14,CAR,TB,9.0,10.0,19,17,3.5,41.0,True,CAR,1,True,3.5,1
2014_15_WAS_NYG,2014,15,2014-12-14,NYG,WAS,7.0,10.0,24,13,7.0,46.5,True,NYG,3,True,7.0,1
2014_16_ATL_NO,2014,16,2014-12-21,NO,ATL,7.0,13.0,14,30,6.0,56.0,True,NO,6,True,6.0,0
2014_16_BAL_HOU,2014,16,2014-12-21,HOU,BAL,16.0,0.0,25,13,-6.0,42.0,False,BAL,16,True,6.0,0
2014_16_BUF_OAK,2014,16,2014-12-21,LV,BUF,13.0,10.0,26,24,-7.0,42.0,False,BUF,3,True,7.0,0
2014_16_CLE_CAR,2014,16,2014-12-21,CAR,CLE,10.0,3.0,17,13,6.0,40.0,False,CLE,7,False,0.0,0
2014_16_DEN_CIN,2014,16,2014-12-22,CIN,DEN,20.0,7.0,37,28,-3.5,47.0,False,DEN,13,True,3.5,0
2014_16_GB_TB,2014,16,2014-12-21,TB,GB,3.0,10.0,3,20,-11.5,48.5,True,TB,7,False,0.0,0
2014_16_IND_DAL,2014,16,2014-12-21,DAL,IND,28.0,0.0,42,7,3.5,53.0,False,IND,28,False,0.0,0
2014_16_KC_PIT,2014,16,2014-12-21,PIT,KC,10.0,6.0,20,12,2.5,49.5,False,KC,4,False,0.0,0
2014_16_MIN_MIA,2014,16,2014-12-21,MIA,MIN,7.0,17.0,37,35,4.5,42.0,True,MIA,10,True,4.5,1
2014_16_NE_NYJ,2014,16,2014-12-21,NYJ,NE,10.0,7.0,16,17,-10.0,47.0,False,NE,3,True,10.0,1
2014_16_NYG_STL,2014,16,2014-12-21,LA,NYG,13.0,20.0,27,37,7.0,43.5,True,LA,7,True,7.0,0
2014_16_PHI_WAS,2014,16,2014-12-20,WAS,PHI,10.0,14.0,27,24,-7.0,51.0,True,WAS,4,False,0.0,1
2014_16_SD_SF,2014,16,2014-12-20,SF,LAC,28.0,7.0,35,38,2.0,40.5,False,LAC,21,False,0.0,1
2014_16_SEA_ARI,2014,16,2014-12-21,ARI,SEA,3.0,14.0,6,35,-9.5,36.5,True,ARI,11,False,0.0,0
2014_16_TEN_JAX,2014,16,2014-12-18,JAX,TEN,7.0,10.0,21,13,4.0,39.0,True,JAX,3,True,4.0,1
2014_17_ARI_SF,2014,17,2014-12-28,SF,ARI,13.0,17.0,20,17,6.0,38.0,True,SF,4,True,6.0,1
2014_17_BUF_NE,2014,17,2014-12-28,NE,BUF,6.0,17.0,9,17,4.5,43.5,True,NE,11,True,4.5,0
2014_17_CAR_ATL,2014,17,2014-12-28,ATL,CAR,3.0,24.0,3,34,2.5,48.0,True,ATL,21,True,2.5,0
2014_17_CIN_PIT,2014,17,2014-12-28,PIT,CIN,20.0,10.0,27,17,3.0,48.0,False,CIN,10,False,0.0,0
2014_17_DAL_WAS,2014,17,2014-12-28,WAS,DAL,10.0,27.0,17,44,-6.0,47.5,True,WAS,17,False,0.0,0
2014_17_DET_GB,2014,17,2014-12-28,GB,DET,14.0,7.0,30,20,9.0,46.5,False,DET,7,False,0.0,0
2014_17_IND_TEN,2014,17,2014-12-28,TEN,IND,7.0,17.0,10,27,-7.5,46.5,True,TEN,10,False,0.0,0
2014_17_JAX_HOU,2014,17,2014-12-28,HOU,JAX,14.0,10.0,23,17,8.5,38.5,False,JAX,4,False,0.0,0
2014_17_NO_TB,2014,17,2014-12-28,TB,NO,20.0,7.0,20,23,-6.0,47.0,False,NO,13,True,6.0,1
2014_17_NYJ_MIA,2014,17,2014-12-28,MIA,NYJ,17.0,14.0,24,37,7.0,41.0,False,NYJ,3,False,0.0,1
2014_17_OAK_DEN,2014,17,2014-12-28,DEN,LV,20.0,7.0,47,14,16.5,49.0,False,LV,13,False,0.0,0
2014_17_PHI_NYG,2014,17,2014-12-28,NYG,PHI,16.0,17.0,26,34,-1.0,51.5,True,NYG,1,False,0.0,0
2014_17_SD_KC,2014,17,2014-12-28,KC,LAC,16.0,7.0,19,7,3.0,42.5,False,LAC,9,False,0.0,0
2014_17_STL_SEA,2014,17,2014-12-28,SEA,LA,0.0,6.0,20,6,11.0,41.5,True,SEA,6,True,11.0,1
2015_01_BAL_DEN,2015,1,2015-09-13,DEN,BAL,9.0,3.0,19,13,4.5,46.5,False,BAL,6,False,0.0,0
2015_01_CAR_JAX,2015,1,2015-09-13,JAX,CAR,9.0,10.0,9,20,-3.0,41.0,True,JAX,1,False,0.0,0
2015_01_CIN_OAK,2015,1,2015-09-13,LV,CIN,0.0,24.0,13,33,-3.0,43.0,True,LV,24,False,0.0,0
2015_01_CLE_NYJ,2015,1,2015-09-13,NYJ,CLE,14.0,10.0,31,10,3.5,39.0,False,CLE,4,False,0.0,0
2015_01_DET_SD,2015,1,2015-09-13,LAC,DET,10.0,21.0,33,28,3.5,45.5,True,LAC,11,True,3.5,1
2015_01_GB_CHI,2015,1,2015-09-13,CHI,GB,13.0,10.0,23,31,-5.5,48.5,False,GB,3,True,5.5,1
2015_01_IND_BUF,2015,1,2015-09-13,BUF,IND,17.0,0.0,27,14,-1.0,44.5,False,IND,17,True,1.0,0
2015_01_KC_HOU,2015,1,2015-09-13,HOU,KC,9.0,27.0,20,27,-1.0,41.0,True,HOU,18,False,0.0,0
2015_01_MIA_WAS,2015,1,2015-09-13,WAS,MIA,10.0,7.0,10,17,-4.0,45.5,False,MIA,3,True,4.0,1
2015_01_MIN_SF,2015,1,2015-09-14,SF,MIN,7.0,0.0,20,3,-2.5,42.5,False,MIN,7,True,2.5,0
2015_01_NO_ARI,2015,1,2015-09-13,ARI,NO,14.0,10.0,31,19,2.0,48.5,False,NO,4,False,0.0,0
2015_01_NYG_DAL,2015,1,2015-09-13,DAL,NYG,6.0,10.0,27,26,7.0,52.0,True,DAL,4,True,7.0,1
2015_01_PHI_ATL,2015,1,2015-09-14,ATL,PHI,20.0,3.0,26,24,-3.5,55.0,False,PHI,17,True,3.5,0
2015_01_PIT_NE,2015,1,2015-09-10,NE,PIT,14.0,3.0,28,21,7.5,51.0,False,PIT,11,False,0.0,0
2015_01_TEN_TB,2015,1,2015-09-13,TB,TEN,7.0,35.0,14,42,3.0,40.5,True,TB,28,True,3.0,0
2015_02_ARI_CHI,2015,2,2015-09-20,CHI,ARI,20.0,28.0,23,48,-2.0,45.5,True,CHI,8,False,0.0,0
2015_02_ATL_NYG,2015,2,2015-09-20,NYG,ATL,13.0,10.0,20,24,2.0,49.5,False,ATL,3,False,0.0,1
2015_02_DAL_PHI,2015,2,2015-09-20,PHI,DAL,0.0,6.0,10,20,7.0,53.0,True,PHI,6,True,7.0,0
2015_02_DET_MIN,2015,2,2015-09-20,MIN,DET,17.0,10.0,26,16,2.5,44.0,False,DET,7,False,0.0,0
2015_02_HOU_CAR,2015,2,2015-09-20,CAR,HOU,10.0,3.0,24,17,3.0,41.0,False,HOU,7,False,0.0,0
2015_02_MIA_JAX,2015,2,2015-09-20,JAX,MIA,20.0,13.0,23,20,-5.0,42.5,False,MIA,7,True,5.0,0
2015_02_NE_BUF,2015,2,2015-09-20,BUF,NE,13.0,24.0,32,40,2.0,45.0,True,BUF,11,True,2.0,0
2015_02_NYJ_IND,2015,2,2015-09-21,IND,NYJ,0.0,10.0,7,20,6.0,45.5,True,IND,10,True,6.0,0
2015_02_SD_CIN,2015,2,2015-09-20,CIN,LAC,14.0,6.0,24,19,3.5,47.5,False,LAC,8,False,0.0,0
2015_02_SEA_GB,2015,2,2015-09-20,GB,SEA,13.0,3.0,27,17,3.5,49.0,False,SEA,10,False,0.0,0
2015_02_SF_PIT,2015,2,2015-09-20,PIT,SF,29.0,3.0,43,18,6.0,46.0,False,SF,26,False,0.0,0
2015_02_STL_WAS,2015,2,2015-09-20,WAS,LA,17.0,0.0,24,10,-3.0,41.0,False,LA,17,True,3.0,0
2015_02_TB_NO,2015,2,2015-09-20,NO,TB,7.0,10.0,19,26,9.5,47.0,True,NO,3,True,9.5,0
2015_02_TEN_CLE,2015,2,2015-09-20,CLE,TEN,21.0,0.0,28,14,1.0,41.0,False,TEN,21,False,0.0,0
2015_03_ATL_DAL,2015,3,2015-09-27,DAL,ATL,28.0,17.0,28,39,1.0,43.5,False,ATL,11,False,0.0,1
2015_03_BUF_MIA,2015,3,2015-09-27,MIA,BUF,0.0,27.0,14,41,1.0,43.5,True,MIA,27,True,1.0,0
2015_03_CHI_SEA,2015,3,2015-09-27,SEA,CHI,6.0,0.0,26,0,16.5,43.5,False,CHI,6,False,0.0,0
2015_03_CIN_BAL,2015,3,2015-09-27,BAL,CIN,0.0,14.0,24,28,2.5,45.5,True,BAL,14,True,2.5,0
2015_03_DEN_DET,2015,3,2015-09-27,DET,DEN,6.0,14.0,12,24,-3.0,45.0,True,DET,8,False,0.0,0
2015_03_IND_TEN,2015,3,2015-09-27,TEN,IND,10.0,14.0,33,35,-3.0,46.5,True,TEN,4,False,0.0,0
2015_03_JAX_NE,2015,3,2015-09-27,NE,JAX,20.0,3.0,51,17,14.5,48.5,False,JAX,17,False,0.0,0
2015_03_KC_GB,2015,3,2015-09-28,GB,KC,24.0,7.0,38,28,4.5,47.0,False,KC,17,False,0.0,0
2015_03_OAK_CLE,2015,3,2015-09-27,CLE,LV,3.0,17.0,20,27,3.5,43.5,True,CLE,14,True,3.5,0
2015_03_PHI_NYJ,2015,3,2015-09-27,NYJ,PHI,7.0,24.0,17,24,3.0,47.0,True,NYJ,17,True,3.0,0
2015_03_PIT_STL,2015,3,2015-09-27,LA,PIT,3.0,9.0,6,12,1.5,48.5,True,LA,6,True,1.5,0
2015_03_SD_MIN,2015,3,2015-09-27,MIN,LAC,10.0,7.0,31,14,2.5,45.5,False,LAC,3,False,0.0,0
2015_03_SF_ARI,2015,3,2015-09-27,ARI,SF,31.0,7.0,47,7,7.0,45.0,False,SF,24,False,0.0,0
2015_03_TB_HOU,2015,3,2015-09-27,HOU,TB,7.0,9.0,19,9,6.0,41.0,True,HOU,2,True,6.0,1
2015_03_WAS_NYG,2015,3,2015-09-24,NYG,WAS,15.0,6.0,32,21,3.0,45.0,False,WAS,9,False,0.0,0
2015_04_BAL_PIT,2015,4,2015-10-01,PIT,BAL,13.0,7.0,20,23,-3.0,44.0,False,BAL,6,True,3.0,1
2015_04_CAR_TB,2015,4,2015-10-04,TB,CAR,10.0,17.0,23,37,-3.0,40.0,True,TB,7,False,0.0,0
2015_04_DAL_NO,2015,4,2015-10-04,NO,DAL,7.0,10.0,26,20,3.0,48.0,True,NO,3,True,3.0,1
2015_04_DET_SEA,2015,4,2015-10-05,SEA,DET,10.0,3.0,13,10,10.0,43.0,False,DET,7,False,0.0,0
2015_04_GB_SF,2015,4,2015-10-04,SF,GB,3.0,7.0,3,17,-7.5,48.0,True,SF,4,False,0.0,0
2015_04_HOU_ATL,2015,4,2015-10-04,ATL,HOU,28.0,0.0,48,21,4.0,47.5,False,HOU,28,False,0.0,0
2015_04_JAX_IND,2015,4,2015-10-04,IND,JAX,10.0,13.0,16,13,4.0,43.0,True,IND,3,True,4.0,1
2015_04_KC_CIN,2015,4,2015-10-04,CIN,KC,14.0,12.0,36,21,3.5,45.0,False,KC,2,False,0.0,0
2015_04_MIN_DEN,2015,4,2015-10-04,DEN,MIN,13.0,10.0,23,20,7.0,43.5,False,MIN,3,False,0.0,0
2015_04_NYG_BUF,2015,4,2015-10-04,BUF,NYG,3.0,16.0,10,24,6.0,46.5,True,BUF,13,True,6.0,0
2015_04_NYJ_MIA,2015,4,2015-10-04,MIA,NYJ,7.0,20.0,14,27,-2.5,42.0,True,MIA,13,False,0.0,0
2015_04_OAK_CHI,2015,4,2015-10-04,CHI,LV,16.0,14.0,22,20,-3.0,44.5,False,LV,2,True,3.0,0
2015_04_PHI_WAS,2015,4,2015-10-04,WAS,PHI,13.0,0.0,23,20,-3.0,46.0,False,PHI,13,True,3.0,0
2015_04_STL_ARI,2015,4,2015-10-04,ARI,LA,9.0,10.0,22,24,7.0,43.5,True,ARI,1,True,7.0,0
2015_05_ARI_DET,2015,5,2015-10-11,DET,ARI,7.0,28.0,17,42,-4.5,46.0,True,DET,21,False,0.0,0
2015_05_BUF_TEN,2015,5,2015-10-11,TEN,BUF,3.0,0.0,13,14,1.0,43.0,False,BUF,3,False,0.0,1
2015_05_CHI_KC,2015,5,2015-10-11,KC,CHI,17.0,3.0,17,18,10.0,44.0,False,CHI,14,False,0.0,1
2015_05_CLE_BAL,2015,5,2015-10-11,BAL,CLE,14.0,9.0,30,33,6.0,43.0,False,CLE,5,False,0.0,1
2015_05_DEN_OAK,2015,5,2015-10-11,LV,DEN,7.0,3.0,10,16,-5.0,44.5,False,DEN,4,True,5.0,1
2015_05_IND_HOU,2015,5,2015-10-08,HOU,IND,10.0,13.0,20,27,4.5,40.5,True,HOU,3,True,4.5,0
2015_05_JAX_TB,2015,5,2015-10-11,TB,JAX,20.0,14.0,38,31,1.0,41.0,False,JAX,6,False,0.0,0
2015_05_NE_DAL,2015,5,2015-10-11,DAL,NE,3.0,13.0,6,30,-8.0,51.0,True,DAL,10,False,0.0,0
2015_05_NO_PHI,2015,5,2015-10-11,PHI,NO,10.0,7.0,39,17,6.5,49.5,False,NO,3,False,0.0,0
2015_05_PIT_SD,2015,5,2015-10-12,LAC,PIT,7.0,3.0,20,24,4.0,45.5,False,PIT,4,False,0.0,1
2015_05_SEA_CIN,2015,5,2015-10-11,CIN,SEA,7.0,10.0,27,24,3.0,44.5,True,CIN,3,True,3.0,1
2015_05_SF_NYG,2015,5,2015-10-11,NYG,SF,13.0,6.0,30,27,7.5,43.5,False,SF,7,False,0.0,0
2015_05_STL_GB,2015,5,2015-10-11,GB,LA,14.0,10.0,24,10,8.5,45.0,False,LA,4,False,0.0,0
2015_05_WAS_ATL,2015,5,2015-10-11,ATL,WAS,3.0,7.0,25,19,7.5,48.5,True,ATL,4,True,7.5,1
2015_06_ARI_PIT,2015,6,2015-10-18,PIT,ARI,3.0,10.0,25,13,-5.5,45.0,True,PIT,7,False,0.0,1
2015_06_ATL_NO,2015,6,2015-10-15,NO,ATL,14.0,7.0,31,21,-3.0,52.0,False,ATL,7,True,3.0,0
2015_06_BAL_SF,2015,6,2015-10-18,SF,BAL,16.0,6.0,25,20,-2.5,43.5,False,BAL,10,True,2.5,0
2015_06_CAR_SEA,2015,6,2015-10-18,SEA,CAR,10.0,7.0,23,27,7.0,41.0,False,CAR,3,False,0.0,1
2015_06_CHI_DET,2015,6,2015-10-18,DET,CHI,21.0,13.0,37,34,3.5,45.0,False,CHI,8,False,0.0,0
2015_06_CIN_BUF,2015,6,2015-10-18,BUF,CIN,14.0,17.0,21,34,-3.0,42.5,True,BUF,3,False,0.0,0
2015_06_DEN_CLE,2015,6,2015-10-18,CLE,DEN,0.0,10.0,23,26,-3.5,41.5,True,CLE,10,False,0.0,0
2015_06_HOU_JAX,2015,6,2015-10-18,JAX,HOU,7.0,10.0,20,31,2.5,43.5,True,JAX,3,True,2.5,0
2015_06_KC_MIN,2015,6,2015-10-18,MIN,KC,10.0,0.0,16,10,3.5,43.0,False,KC,10,False,0.0,0
2015_06_MIA_TEN,2015,6,2015-10-18,TEN,MIA,3.0,17.0,10,38,2.5,44.0,True,TEN,14,True,2.5,0
2015_06_NE_IND,2015,6,2015-10-18,IND,NE,21.0,20.0,27,34,-8.0,53.5,False,NE,1,True,8.0,1
2015_06_NYG_PHI,2015,6,2015-10-19,PHI,NYG,17.0,7.0,27,7,3.5,50.5,False,NYG,10,False,0.0,0
2015_06_SD_GB,2015,6,2015-10-18,GB,LAC,17.0,10.0,27,20,10.5,50.0,False,LAC,7,False,0.0,0
2015_06_WAS_NYJ,2015,6,2015-10-18,NYJ,WAS,10.0,13.0,34,20,7.5,39.5,True,NYJ,3,True,7.5,1
2015_07_ATL_TEN,2015,7,2015-10-25,TEN,ATL,7.0,3.0,7,10,-5.5,45.5,False,ATL,4,True,5.5,1
2015_07_BAL_ARI,2015,7,2015-10-26,ARI,BAL,14.0,10.0,26,18,10.0,49.5,False,BAL,4,False,0.0,0
2015_07_BUF_JAX,2015,7,2015-10-25,JAX,BUF,27.0,13.0,34,31,-3.5,41.0,False,BUF,14,True,3.5,0
2015_07_CLE_STL,2015,7,2015-10-25,LA,CLE,10.0,3.0,24,6,6.5,43.5,False,CLE,7,False,0.0,0
2015_07_DAL_NYG,2015,7,2015-10-25,NYG,DAL,10.0,13.0,27,20,3.0,44.5,True,NYG,3,True,3.0,1
2015_07_HOU_MIA,2015,7,2015-10-25,MIA,HOU,41.0,0.0,44,26,4.5,46.5,False,HOU,41,False,0.0,0
2015_07_MIN_DET,2015,7,2015-10-25,DET,MIN,17.0,15.0,19,28,1.0,44.5,False,MIN,2,False,0.0,1
2015_07_NO_IND,2015,7,2015-10-25,IND,NO,0.0,20.0,21,27,5.5,52.5,True,IND,20,True,5.5,0
2015_07_NYJ_NE,2015,7,2015-10-25,NE,NYJ,13.0,10.0,30,23,7.0,47.0,False,NYJ,3,False,0.0,0
2015_07_OAK_SD,2015,7,2015-10-25,LAC,LV,6.0,30.0,29,37,3.5,48.0,True,LAC,24,True,3.5,0
2015_07_PHI_CAR,2015,7,2015-10-25,CAR,PHI,14.0,6.0,27,16,3.0,46.0,False,PHI,8,False,0.0,0
2015_07_PIT_KC,2015,7,2015-10-25,KC,PIT,9.0,3.0,23,13,4.0,41.5,False,PIT,6,False,0.0,0
2015_07_SEA_SF,2015,7,2015-10-22,SF,SEA,0.0,17.0,3,20,-6.5,41.5,True,SF,17,False,0.0,0
2015_07_TB_WAS,2015,7,2015-10-25,WAS,TB,7.0,24.0,31,30,3.0,42.0,True,WAS,17,True,3.0,1
2015_08_ARI_CLE,2015,8,2015-11-01,CLE,ARI,20.0,10.0,20,34,-7.0,46.0,False,ARI,10,True,7.0,1
2015_08_CIN_PIT,2015,8,2015-11-01,PIT,CIN,7.0,6.0,10,16,1.0,49.0,False,CIN,1,False,0.0,1
2015_08_DET_KC,2015,8,2015-11-01,KC,DET,24.0,3.0,45,10,3.0,45.0,False,DET,21,False,0.0,0
2015_08_GB_DEN,2015,8,2015-11-01,DEN,GB,17.0,7.0,29,10,-2.5,46.0,False,GB,10,True,2.5,0
2015_08_IND_CAR,2015,8,2015-11-02,CAR,IND,10.0,6.0,29,26,5.0,44.5,False,IND,4,False,0.0,0
2015_08_MIA_NE,2015,8,2015-10-29,NE,MIA,19.0,0.0,36,7,8.0,51.0,False,MIA,19,False,0.0,0
2015_08_NYG_NO,2015,8,2015-11-01,NO,NYG,28.0,21.0,52,49,3.0,51.5,False,NYG,7,False,0.0,0
2015_08_NYJ_OAK,2015,8,2015-11-01,LV,NYJ,21.0,6.0,34,20,-3.0,43.5,False,NYJ,15,True,3.0,0
2015_08_SD_BAL,2015,8,2015-11-01,BAL,LAC,13.0,16.0,29,26,4.5,50.0,True,BAL,3,True,4.5,1
2015_08_SEA_DAL,2015,8,2015-11-01,DAL,SEA,6.0,10.0,12,13,-4.5,41.5,True,DAL,4,False,0.0,0
2015_08_SF_STL,2015,8,2015-11-01,LA,SF,20.0,6.0,27,6,8.0,41.0,False,SF,14,False,0.0,0
2015_08_TB_ATL,2015,8,2015-11-01,ATL,TB,3.0,13.0,20,23,8.0,47.5,True,ATL,10,True,8.0,0
2015_08_TEN_HOU,2015,8,2015-11-01,HOU,TEN,10.0,3.0,20,6,3.5,43.0,False,TEN,7,False,0.0,0
2015_09_ATL_SF,2015,9,2015-11-08,SF,ATL,17.0,13.0,17,16,-9.5,43.5,False,ATL,4,True,9.5,0
2015_09_CHI_SD,2015,9,2015-11-09,LAC,CHI,16.0,7.0,19,22,3.5,49.0,False,CHI,9,False,0.0,1
2015_09_CLE_CIN,2015,9,2015-11-05,CIN,CLE,14.0,10.0,31,10,13.0,45.5,False,CLE,4,False,0.0,0
2015_09_DEN_IND,2015,9,2015-11-08,IND,DEN,17.0,7.0,27,24,-3.5,45.0,False,DEN,10,True,3.5,0
2015_09_GB_CAR,2015,9,2015-11-08,CAR,GB,27.0,7.0,37,29,-2.0,45.5,False,GB,20,True,2.0,0
2015_09_JAX_NYJ,2015,9,2015-11-08,NYJ,JAX,14.0,10.0,28,23,7.5,42.0,False,JAX,4,False,0.0,0
2015_09_MIA_BUF,2015,9,2015-11-08,BUF,MIA,19.0,7.0,33,17,4.0,44.0,False,MIA,12,False,0.0,0
2015_09_NYG_TB,2015,9,2015-11-08,TB,NYG,9.0,17.0,18,32,-1.5,49.0,True,TB,8,False,0.0,0
2015_09_OAK_PIT,2015,9,2015-11-08,PIT,LV,21.0,14.0,38,35,6.0,47.5,False,LV,7,False,0.0,0
2015_09_STL_MIN,2015,9,2015-11-08,MIN,LA,10.0,15.0,21,18,2.0,40.0,True,MIN,5,True,2.0,1
2015_09_TEN_NO,2015,9,2015-11-08,NO,TEN,21.0,17.0,28,34,7.0,50.0,False,TEN,4,False,0.0,1
2015_09_WAS_NE,2015,9,2015-11-08,NE,WAS,17.0,3.0,27,10,13.5,51.5,False,WAS,14,False,0.0,0
2015_10_ARI_SEA,2015,10,2015-11-15,SEA,ARI,7.0,22.0,32,39,3.0,43.5,True,SEA,15,True,3.0,0
2015_10_BUF_NYJ,2015,10,2015-11-12,NYJ,BUF,3.0,12.0,17,22,2.5,41.5,True,NYJ,9,True,2.5,0
2015_10_CAR_TEN,2015,10,2015-11-15,TEN,CAR,10.0,14.0,10,27,-3.5,42.5,True,TEN,4,False,0.0,0
2015_10_CHI_STL,2015,10,2015-11-15,LA,CHI,10.0,24.0,13,37,7.5,42.0,True,LA,14,True,7.5,0
2015_10_CLE_PIT,2015,10,2015-11-15,PIT,CLE,21.0,3.0,30,9,7.0,43.5,False,CLE,18,False,0.0,0
2015_10_DAL_TB,2015,10,2015-11-15,TB,DAL,3.0,6.0,10,6,-1.0,43.5,True,TB,3,False,0.0,1
2015_10_HOU_CIN,2015,10,2015-11-16,CIN,HOU,6.0,3.0,6,10,10.0,46.5,False,HOU,3,False,0.0,1
2015_10_JAX_BAL,2015,10,2015-11-15,BAL,JAX,14.0,10.0,20,22,4.0,47.0,False,JAX,4,False,0.0,1
2015_10_KC_DEN,2015,10,2015-11-15,DEN,KC,0.0,19.0,13,29,4.0,42.0,True,DEN,19,True,4.0,0
2015_10_MIA_PHI,2015,10,2015-11-15,PHI,MIA,16.0,13.0,19,20,5.5,49.0,False,MIA,3,False,0.0,1
2015_10_MIN_OAK,2015,10,2015-11-15,LV,MIN,14.0,20.0,14,30,3.0,44.0,True,LV,6,True,3.0,0
2015_10_NE_NYG,2015,10,2015-11-15,NYG,NE,17.0,10.0,26,27,-7.0,52.5,False,NE,7,True,7.0,1
2015_10_NO_WAS,2015,10,2015-11-15,WAS,NO,27.0,14.0,47,14,-1.0,52.0,False,NO,13,True,1.0,0
2015_11_BUF_NE,2015,11,2015-11-23,NE,BUF,10.0,3.0,20,13,7.0,47.5,False,BUF,7,False,0.0,0
2015_11_CIN_ARI,2015,11,2015-11-22,ARI,CIN,7.0,14.0,34,31,4.0,48.0,True,ARI,7,True,4.0,1
2015_11_DAL_MIA,2015,11,2015-11-22,MIA,DAL,7.0,14.0,14,24,-2.5,45.0,True,MIA,7,False,0.0,0
2015_11_DEN_CHI,2015,11,2015-11-22,CHI,DEN,6.0,10.0,15,17,-2.5,41.5,True,CHI,4,False,0.0,0
2015_11_GB_MIN,2015,11,2015-11-22,MIN,GB,6.0,16.0,13,30,-1.0,45.0,True,MIN,10,False,0.0,0
2015_11_IND_ATL,2015,11,2015-11-22,ATL,IND,14.0,7.0,21,24,3.5,47.5,False,IND,7,False,0.0,1
2015_11_KC_SD,2015,11,2015-11-22,LAC,KC,3.0,12.0,3,33,-3.0,45.5,True,LAC,9,False,0.0,0
2015_11_NYJ_HOU,2015,11,2015-11-22,HOU,NYJ,10.0,3.0,24,17,-4.0,40.0,False,NYJ,7,True,4.0,0
2015_11_OAK_DET,2015,11,2015-11-22,DET,LV,9.0,0.0,18,13,-2.0,50.0,False,LV,9,True,2.0,0
2015_11_SF_SEA,2015,11,2015-11-22,SEA,SF,20.0,7.0,29,13,14.0,40.0,False,SF,13,False,0.0,0
2015_11_STL_BAL,2015,11,2015-11-22,BAL,LA,3.0,7.0,16,13,3.0,41.0,True,BAL,4,True,3.0,1
2015_11_TB_PHI,2015,11,2015-11-22,PHI,TB,14.0,28.0,17,45,7.0,46.0,True,PHI,14,True,7.0,0
2015_11_WAS_CAR,2015,11,2015-11-22,CAR,WAS,31.0,14.0,44,16,7.0,44.0,False,WAS,17,False,0.0,0
2015_12_ARI_SF,2015,12,2015-11-29,SF,ARI,3.0,6.0,13,19,-7.5,45.0,True,SF,3,False,0.0,0
2015_12_BAL_CLE,2015,12,2015-11-30,CLE,BAL,13.0,17.0,27,33,6.0,41.0,True,CLE,4,True,6.0,0
2015_12_BUF_KC,2015,12,2015-11-29,KC,BUF,14.0,16.0,30,22,4.5,41.0,True,KC,2,True,4.5,1
2015_12_CAR_DAL,2015,12,2015-11-26,DAL,CAR,3.0,23.0,14,33,-1.0,44.5,True,DAL,20,False,0.0,0
2015_12_CHI_GB,2015,12,2015-11-26,GB,CHI,13.0,14.0,13,17,7.5,45.0,True,GB,1,True,7.5,0
2015_12_MIA_NYJ,2015,12,2015-11-29,NYJ,MIA,14.0,0.0,38,20,4.5,44.0,False,MIA,14,False,0.0,0
2015_12_MIN_ATL,2015,12,2015-11-29,ATL,MIN,3.0,7.0,10,20,2.0,45.0,True,ATL,4,True,2.0,0
2015_12_NE_DEN,2015,12,2015-11-29,DEN,NE,7.0,14.0,30,24,-2.5,43.0,True,DEN,7,False,0.0,1
2015_12_NO_HOU,2015,12,2015-11-29,HOU,NO,14.0,6.0,24,6,3.5,50.5,False,NO,8,False,0.0,0
2015_12_NYG_WAS,2015,12,2015-11-29,WAS,NYG,17.0,0.0,20,14,-1.0,47.5,False,NYG,17,True,1.0,0
2015_12_OAK_TEN,2015,12,2015-11-29,TEN,LV,6.0,10.0,21,24,-1.0,45.0,True,TEN,4,False,0.0,0
2015_12_PHI_DET,2015,12,2015-11-26,DET,PHI,24.0,7.0,45,14,3.0,46.5,False,PHI,17,False,0.0,0
2015_12_PIT_SEA,2015,12,2015-11-29,SEA,PIT,14.0,18.0,39,30,3.0,46.5,True,SEA,4,True,3.0,1
2015_12_SD_JAX,2015,12,2015-11-29,JAX,LAC,9.0,21.0,25,31,5.0,47.0,True,JAX,12,True,5.0,0
2015_12_STL_CIN,2015,12,2015-11-29,CIN,LA,17.0,7.0,31,7,10.5,42.0,False,LA,10,False,0.0,0
2015_12_TB_IND,2015,12,2015-11-29,IND,TB,6.0,12.0,25,12,3.0,46.5,True,IND,6,True,3.0,1
2015_13_ARI_STL,2015,13,2015-12-06,LA,ARI,0.0,10.0,3,27,-3.5,43.0,True,LA,10,False,0.0,0
2015_13_ATL_TB,2015,13,2015-12-06,TB,ATL,7.0,9.0,23,19,1.0,46.5,True,TB,2,True,1.0,1
2015_13_BAL_MIA,2015,13,2015-12-06,MIA,BAL,15.0,3.0,15,13,3.5,43.0,False,BAL,12,False,0.0,0
2015_13_CAR_NO,2015,13,2015-12-06,NO,CAR,16.0,13.0,38,41,-5.5,50.5,False,CAR,3,True,5.5,1
2015_13_CIN_CLE,2015,13,2015-12-06,CLE,CIN,3.0,20.0,3,37,-7.5,44.0,True,CLE,17,False,0.0,0
2015_13_DEN_SD,2015,13,2015-12-06,LAC,DEN,3.0,17.0,3,17,-6.0,45.0,True,LAC,14,False,0.0,0
2015_13_GB_DET,2015,13,2015-12-03,DET,GB,17.0,0.0,23,27,-2.5,46.0,False,GB,17,True,2.5,1
2015_13_HOU_BUF,2015,13,2015-12-06,BUF,HOU,21.0,13.0,30,21,3.0,42.0,False,HOU,8,False,0.0,0
2015_13_IND_PIT,2015,13,2015-12-06,PIT,IND,21.0,10.0,45,10,10.0,50.5,False,IND,11,False,0.0,0
2015_13_JAX_TEN,2015,13,2015-12-06,TEN,JAX,21.0,12.0,42,39,3.0,43.5,False,JAX,9,False,0.0,0
2015_13_KC_OAK,2015,13,2015-12-06,LV,KC,14.0,7.0,20,34,-3.0,45.5,False,KC,7,True,3.0,1
2015_13_NYJ_NYG,2015,13,2015-12-06,NYG,NYJ,20.0,10.0,20,23,-2.0,45.5,False,NYJ,10,True,2.0,1
2015_13_SEA_MIN,2015,13,2015-12-06,MIN,SEA,0.0,21.0,7,38,-2.5,43.0,True,MIN,21,False,0.0,0
2015_14_ATL_CAR,2015,14,2015-12-13,CAR,ATL,28.0,0.0,38,0,8.5,45.5,False,ATL,28,False,0.0,0
2015_14_BUF_PHI,2015,14,2015-12-13,PHI,BUF,17.0,10.0,23,20,1.0,48.0,False,BUF,7,False,0.0,0
2015_14_DAL_GB,2015,14,2015-12-13,GB,DAL,14.0,0.0,28,7,6.0,43.0,False,DAL,14,False,0.0,0
2015_14_DET_STL,2015,14,2015-12-13,LA,DET,7.0,0.0,21,14,-3.0,41.5,False,DET,7,True,3.0,0
2015_14_IND_JAX,2015,14,2015-12-13,JAX,IND,9.0,13.0,51,16,1.0,45.5,True,JAX,4,True,1.0,1
2015_14_NE_HOU,2015,14,2015-12-13,HOU,NE,6.0,17.0,6,27,-4.0,46.0,True,HOU,11,False,0.0,0
2015_14_NO_TB,2015,14,2015-12-13,TB,NO,10.0,17.0,17,24,6.0,52.0,True,TB,7,True,6.0,0
2015_14_OAK_DEN,2015,14,2015-12-13,DEN,LV,9.0,0.0,12,15,6.0,43.0,False,LV,9,False,0.0,1
2015_14_PIT_CIN,2015,14,2015-12-13,CIN,PIT,7.0,16.0,20,33,1.0,49.0,True,CIN,9,True,1.0,0
2015_14_SD_KC,2015,14,2015-12-13,KC,LAC,10.0,0.0,10,3,11.5,42.0,False,LAC,10,False,0.0,0
2015_14_SEA_BAL,2015,14,2015-12-13,BAL,SEA,6.0,14.0,6,35,-10.5,42.0,True,BAL,8,False,0.0,0
2015_14_SF_CLE,2015,14,2015-12-13,CLE,SF,10.0,3.0,24,10,2.5,43.0,False,SF,7,False,0.0,0
2015_14_TEN_NYJ,2015,14,2015-12-13,NYJ,TEN,27.0,0.0,30,8,8.0,43.0,False,TEN,27,False,0.0,0
2015_14_WAS_CHI,2015,14,2015-12-13,CHI,WAS,7.0,14.0,21,24,4.0,42.5,True,CHI,7,True,4.0,0
2015_15_ARI_PHI,2015,15,2015-12-20,PHI,ARI,10.0,17.0,17,40,-3.5,50.5,True,PHI,7,False,0.0,0
2015_15_ATL_JAX,2015,15,2015-12-20,JAX,ATL,3.0,17.0,17,23,2.0,47.5,True,JAX,14,True,2.0,0
2015_15_BUF_WAS,2015,15,2015-12-20,WAS,BUF,21.0,0.0,35,25,-2.5,46.0,False,BUF,21,True,2.5,0
2015_15_CAR_NYG,2015,15,2015-12-20,NYG,CAR,7.0,21.0,35,38,-4.5,46.5,True,NYG,14,False,0.0,0
2015_15_CHI_MIN,2015,15,2015-12-20,MIN,CHI,17.0,7.0,38,17,4.0,43.5,False,CHI,10,False,0.0,0
2015_15_CIN_SF,2015,15,2015-12-20,SF,CIN,0.0,21.0,14,24,-7.0,41.0,True,SF,21,False,0.0,0
2015_15_CLE_SEA,2015,15,2015-12-20,SEA,CLE,20.0,10.0,30,13,14.5,45.0,False,CLE,10,False,0.0,0
2015_15_DEN_PIT,2015,15,2015-12-20,PIT,DEN,13.0,27.0,34,27,7.5,45.5,True,PIT,14,True,7.5,1
2015_15_DET_NO,2015,15,2015-12-21,NO,DET,3.0,21.0,27,35,2.5,52.0,True,NO,18,True,2.5,0
2015_15_GB_OAK,2015,15,2015-12-20,LV,GB,13.0,14.0,20,30,-4.0,47.0,True,LV,1,False,0.0,0
2015_15_HOU_IND,2015,15,2015-12-20,IND,HOU,10.0,3.0,10,16,2.5,42.0,False,HOU,7,False,0.0,1
2015_15_KC_BAL,2015,15,2015-12-20,BAL,KC,14.0,24.0,14,34,-6.5,41.0,True,BAL,10,False,0.0,0
2015_15_MIA_SD,2015,15,2015-12-20,LAC,MIA,23.0,0.0,30,14,1.0,46.5,False,MIA,23,False,0.0,0
2015_15_NYJ_DAL,2015,15,2015-12-19,DAL,NYJ,10.0,9.0,16,19,-3.0,41.0,False,NYJ,1,True,3.0,1
2015_15_TB_STL,2015,15,2015-12-17,LA,TB,21.0,3.0,31,23,1.0,41.0,False,TB,18,False,0.0,0
2015_15_TEN_NE,2015,15,2015-12-20,NE,TEN,24.0,3.0,33,16,14.5,48.0,False,TEN,21,False,0.0,0
2015_16_CHI_TB,2015,16,2015-12-27,TB,CHI,7.0,10.0,21,26,3.0,44.0,True,TB,3,True,3.0,0
2015_16_CIN_DEN,2015,16,2015-12-28,DEN,CIN,3.0,14.0,20,17,3.5,39.0,True,DEN,11,True,3.5,1
2015_16_CLE_KC,2015,16,2015-12-27,KC,CLE,17.0,3.0,17,13,11.5,42.5,False,CLE,14,False,0.0,0
2015_16_GB_ARI,2015,16,2015-12-27,ARI,GB,17.0,0.0,38,8,6.0,50.0,False,GB,17,False,0.0,0
2015_16_HOU_TEN,2015,16,2015-12-27,TEN,HOU,0.0,17.0,6,34,-3.5,39.0,True,TEN,17,False,0.0,0
2015_16_IND_MIA,2015,16,2015-12-27,MIA,IND,6.0,15.0,12,18,2.5,44.0,True,MIA,9,True,2.5,0
2015_16_JAX_NO,2015,16,2015-12-27,NO,JAX,24.0,6.0,38,27,2.5,52.5,False,JAX,18,False,0.0,0
2015_16_NE_NYJ,2015,16,2015-12-27,NYJ,NE,10.0,3.0,26,20,-2.5,45.5,False,NE,7,True,2.5,0
2015_16_NYG_MIN,2015,16,2015-12-27,MIN,NYG,19.0,3.0,49,17,7.0,44.5,False,NYG,16,False,0.0,0
2015_16_PIT_BAL,2015,16,2015-12-27,BAL,PIT,13.0,3.0,20,17,-11.0,47.5,False,PIT,10,True,11.0,0
2015_16_SD_OAK,2015,16,2015-12-24,LV,LAC,10.0,17.0,23,20,4.0,45.0,True,LV,7,True,4.0,1
2015_16_SF_DET,2015,16,2015-12-27,DET,SF,20.0,17.0,32,17,8.5,42.5,False,SF,3,False,0.0,0
2015_16_STL_SEA,2015,16,2015-12-27,SEA,LA,3.0,16.0,17,23,11.0,42.0,True,SEA,13,True,11.0,0
2015_16_WAS_PHI,2015,16,2015-12-26,PHI,WAS,10.0,16.0,24,38,3.5,48.0,True,PHI,6,True,3.5,0
2015_17_BAL_CIN,2015,17,2016-01-03,CIN,BAL,7.0,9.0,24,16,10.0,40.5,True,CIN,2,True,10.0,1
2015_17_DET_CHI,2015,17,2016-01-03,CHI,DET,0.0,10.0,20,24,-2.5,45.0,True,CHI,10,False,0.0,0
2015_17_JAX_HOU,2015,17,2016-01-03,HOU,JAX,20.0,3.0,30,6,5.0,45.0,False,JAX,17,False,0.0,0
2015_17_MIN_GB,2015,17,2016-01-03,GB,MIN,3.0,6.0,13,20,3.0,44.0,True,GB,3,True,3.0,0
2015_17_NE_MIA,2015,17,2016-01-03,MIA,NE,10.0,3.0,20,10,-10.0,46.5,False,NE,7,True,10.0,0
2015_17_NO_ATL,2015,17,2016-01-03,ATL,NO,17.0,14.0,17,20,6.0,53.5,False,NO,3,False,0.0,1
2015_17_NYJ_BUF,2015,17,2016-01-03,BUF,NYJ,16.0,7.0,22,17,-2.5,41.0,False,NYJ,9,True,2.5,0
2015_17_OAK_KC,2015,17,2016-01-03,KC,LV,14.0,10.0,23,17,6.5,43.5,False,LV,4,False,0.0,0
2015_17_PHI_NYG,2015,17,2016-01-03,NYG,PHI,20.0,21.0,30,35,4.0,51.0,True,NYG,1,True,4.0,0
2015_17_PIT_CLE,2015,17,2016-01-03,CLE,PIT,9.0,14.0,12,28,-13.0,47.0,True,CLE,5,False,0.0,0
2015_17_SD_DEN,2015,17,2016-01-03,DEN,LAC,7.0,6.0,27,20,10.0,42.0,False,LAC,1,False,0.0,0
2015_17_SEA_ARI,2015,17,2016-01-03,ARI,SEA,6.0,30.0,6,36,6.0,46.5,True,ARI,24,True,6.0,0
2015_17_STL_SF,2015,17,2016-01-03,SF,LA,10.0,16.0,19,16,-3.0,39.0,True,SF,6,False,0.0,1
2015_17_TB_CAR,2015,17,2016-01-03,CAR,TB,24.0,3.0,38,10,10.0,44.0,False,TB,21,False,0.0,0
2015_17_TEN_IND,2015,17,2016-01-03,IND,TEN,20.0,14.0,30,24,3.5,39.0,False,TEN,6,False,0.0,0
2015_17_WAS_DAL,2015,17,2016-01-03,DAL,WAS,14.0,24.0,23,34,3.0,41.0,True,DAL,10,True,3.0,0
2016_01_BUF_BAL,2016,1,2016-09-11,BAL,BUF,10.0,7.0,13,7,3.0,44.5,False,BUF,3,False,0.0,0
2016_01_CAR_DEN,2016,1,2016-09-08,DEN,CAR,7.0,17.0,21,20,-3.0,40.5,True,DEN,10,False,0.0,1
2016_01_CHI_HOU,2016,1,2016-09-11,HOU,CHI,10.0,14.0,23,14,5.5,43.0,True,HOU,4,True,5.5,1
2016_01_CIN_NYJ,2016,1,2016-09-11,NYJ,CIN,16.0,13.0,22,23,1.0,42.0,False,CIN,3,False,0.0,1
2016_01_CLE_PHI,2016,1,2016-09-11,PHI,CLE,13.0,7.0,29,10,3.5,41.0,False,CLE,6,False,0.0,0
2016_01_DET_IND,2016,1,2016-09-11,IND,DET,10.0,21.0,35,39,2.5,51.5,True,IND,11,True,2.5,0
2016_01_GB_JAX,2016,1,2016-09-11,JAX,GB,17.0,21.0,23,27,-3.5,47.0,True,JAX,4,False,0.0,0
2016_01_LA_SF,2016,1,2016-09-12,SF,LA,14.0,0.0,28,0,-2.5,44.0,False,LA,14,True,2.5,0
2016_01_MIA_SEA,2016,1,2016-09-11,SEA,MIA,6.0,3.0,12,10,10.5,43.5,False,MIA,3,False,0.0,0
2016_01_MIN_TEN,2016,1,2016-09-11,TEN,MIN,10.0,0.0,16,25,-2.5,40.0,False,MIN,10,True,2.5,1
2016_01_NE_ARI,2016,1,2016-09-11,ARI,NE,7.0,10.0,21,23,9.0,44.5,True,ARI,3,True,9.0,0
2016_01_NYG_DAL,2016,1,2016-09-11,DAL,NYG,9.0,13.0,19,20,1.0,47.5,True,DAL,4,True,1.0,0
2016_01_OAK_NO,2016,1,2016-09-11,NO,LV,17.0,10.0,34,35,2.5,50.0,False,LV,7,False,0.0,1
2016_01_PIT_WAS,2016,1,2016-09-12,WAS,PIT,6.0,14.0,16,38,-2.5,49.0,True,WAS,8,False,0.0,0
2016_01_SD_KC,2016,1,2016-09-11,KC,LAC,3.0,21.0,33,27,6.5,45.5,True,KC,18,True,6.5,1
2016_01_TB_ATL,2016,1,2016-09-11,ATL,TB,13.0,17.0,24,31,2.5,46.5,True,ATL,4,True,2.5,0
2016_02_ATL_OAK,2016,2,2016-09-18,LV,ATL,7.0,13.0,28,35,4.0,47.5,True,LV,6,True,4.0,0
2016_02_BAL_CLE,2016,2,2016-09-18,CLE,BAL,20.0,12.0,20,25,-4.0,42.0,False,BAL,8,True,4.0,1
2016_02_CIN_PIT,2016,2,2016-09-18,PIT,CIN,10.0,6.0,24,16,3.0,48.0,False,CIN,4,False,0.0,0
2016_02_DAL_WAS,2016,2,2016-09-18,WAS,DAL,10.0,13.0,23,27,3.5,47.0,True,WAS,3,True,3.5,0
2016_02_GB_MIN,2016,2,2016-09-18,MIN,GB,10.0,7.0,17,14,-1.5,43.0,False,GB,3,True,1.5,0
2016_02_IND_DEN,2016,2,2016-09-18,DEN,IND,13.0,6.0,34,20,5.0,47.0,False,IND,7,False,0.0,0
2016_02_JAX_SD,2016,2,2016-09-18,LAC,JAX,21.0,0.0,38,14,3.0,47.5,False,JAX,21,False,0.0,0
2016_02_KC_HOU,2016,2,2016-09-18,HOU,KC,13.0,3.0,19,12,-1.0,41.5,False,KC,10,True,1.0,0
2016_02_MIA_NE,2016,2,2016-09-18,NE,MIA,24.0,3.0,31,24,5.5,42.0,False,MIA,21,False,0.0,0
2016_02_NO_NYG,2016,2,2016-09-18,NYG,NO,7.0,3.0,16,13,3.5,54.0,False,NO,4,False,0.0,0
2016_02_NYJ_BUF,2016,2,2016-09-15,BUF,NYJ,10.0,20.0,31,37,1.5,40.5,True,BUF,10,True,1.5,0
2016_02_PHI_CHI,2016,2,2016-09-19,CHI,PHI,7.0,9.0,14,29,3.0,42.5,True,CHI,2,True,3.0,0
2016_02_SEA_LA,2016,2,2016-09-18,LA,SEA,6.0,3.0,9,3,-5.5,38.0,False,SEA,3,True,5.5,0
2016_02_SF_CAR,2016,2,2016-09-18,CAR,SF,17.0,10.0,46,27,12.0,44.5,False,SF,7,False,0.0,0
2016_02_TB_ARI,2016,2,2016-09-18,ARI,TB,24.0,0.0,40,7,7.5,49.5,False,TB,24,False,0.0,0
2016_02_TEN_DET,2016,2,2016-09-18,DET,TEN,12.0,3.0,15,16,6.0,48.0,False,TEN,9,False,0.0,1
2016_03_ARI_BUF,2016,3,2016-09-25,BUF,ARI,17.0,7.0,33,18,-5.0,48.0,False,ARI,10,True,5.0,0
2016_03_ATL_NO,2016,3,2016-09-26,NO,ATL,17.0,28.0,32,45,2.5,54.0,True,NO,11,True,2.5,0
2016_03_BAL_JAX,2016,3,2016-09-25,JAX,BAL,7.0,13.0,17,19,-1.0,45.0,True,JAX,6,False,0.0,0
2016_03_CHI_DAL,2016,3,2016-09-25,DAL,CHI,24.0,3.0,31,17,6.5,45.0,False,CHI,21,False,0.0,0
2016_03_CLE_MIA,2016,3,2016-09-25,MIA,CLE,10.0,13.0,30,24,10.0,42.0,True,MIA,3,True,10.0,1
2016_03_DEN_CIN,2016,3,2016-09-25,CIN,DEN,14.0,16.0,17,29,3.5,42.0,True,CIN,2,True,3.5,0
2016_03_DET_GB,2016,3,2016-09-25,GB,DET,31.0,10.0,34,27,6.0,47.5,False,DET,21,False,0.0,0
2016_03_HOU_NE,2016,3,2016-09-22,NE,HOU,10.0,0.0,27,0,1.0,38.5,False,HOU,10,False,0.0,0
2016_03_LA_TB,2016,3,2016-09-25,TB,LA,20.0,17.0,32,37,3.5,40.5,False,LA,3,False,0.0,1
2016_03_MIN_CAR,2016,3,2016-09-25,CAR,MIN,10.0,8.0,10,22,6.0,43.0,False,MIN,2,False,0.0,1
2016_03_NYJ_KC,2016,3,2016-09-25,KC,NYJ,17.0,3.0,24,3,3.0,44.5,False,NYJ,14,False,0.0,0
2016_03_OAK_TEN,2016,3,2016-09-25,TEN,LV,3.0,17.0,10,17,-1.5,47.0,True,TEN,14,False,0.0,0
2016_03_PIT_PHI,2016,3,2016-09-25,PHI,PIT,13.0,3.0,34,3,-3.5,46.5,False,PIT,10,True,3.5,0
2016_03_SF_SEA,2016,3,2016-09-25,SEA,SF,24.0,3.0,37,18,10.5,42.0,False,SF,21,False,0.0,0
2016_03_WAS_NYG,2016,3,2016-09-25,NYG,WAS,21.0,16.0,27,29,3.5,47.0,False,WAS,5,False,0.0,1
2016_04_BUF_NE,2016,4,2016-10-02,NE,BUF,0.0,13.0,0,16,3.5,41.0,True,NE,13,True,3.5,0
2016_04_CAR_ATL,2016,4,2016-10-02,ATL,CAR,17.0,10.0,48,33,-2.5,48.5,False,CAR,7,True,2.5,0
2016_04_DEN_TB,2016,4,2016-10-02,TB,DEN,7.0,17.0,7,27,-3.5,43.0,True,TB,10,False,0.0,0
2016_04_DET_CHI,2016,4,2016-10-02,CHI,DET,7.0,3.0,17,14,-3.0,48.0,False,DET,4,True,3.0,0
2016_04_IND_JAX,2016,4,2016-10-02,JAX,IND,17.0,6.0,30,27,1.0,48.0,False,IND,11,False,0.0,0
2016_04_KC_PIT,2016,4,2016-10-02,PIT,KC,29.0,0.0,43,14,3.0,48.0,False,KC,29,False,0.0,0
2016_04_MIA_CIN,2016,4,2016-09-29,CIN,MIA,16.0,7.0,22,7,7.5,46.0,False,MIA,9,False,0.0,0
2016_04_NO_SD,2016,4,2016-10-02,LAC,NO,24.0,14.0,34,35,4.0,54.0,False,NO,10,False,0.0,1
2016_04_NYG_MIN,2016,4,2016-10-03,MIN,NYG,14.0,3.0,24,10,3.5,42.5,False,NYG,11,False,0.0,0
2016_04_OAK_BAL,2016,4,2016-10-02,BAL,LV,6.0,14.0,27,28,3.5,45.0,True,BAL,8,True,3.5,0
2016_04_SEA_NYJ,2016,4,2016-10-02,NYJ,SEA,10.0,14.0,17,27,-1.0,40.0,True,NYJ,4,False,0.0,0
2016_04_TEN_HOU,2016,4,2016-10-02,HOU,TEN,20.0,17.0,27,20,4.0,40.0,False,TEN,3,False,0.0,0
2016_05_ATL_DEN,2016,5,2016-10-09,DEN,ATL,3.0,13.0,16,23,3.5,44.5,True,DEN,10,True,3.5,0
2016_05_BUF_LA,2016,5,2016-10-09,LA,BUF,13.0,16.0,19,30,-2.5,41.5,True,LA,3,False,0.0,0
2016_05_CHI_IND,2016,5,2016-10-09,IND,CHI,16.0,13.0,29,23,4.0,47.5,False,CHI,3,False,0.0,0
2016_05_CIN_DAL,2016,5,2016-10-09,DAL,CIN,21.0,0.0,28,14,-2.5,46.0,False,CIN,21,True,2.5,0
2016_05_HOU_MIN,2016,5,2016-10-09,MIN,HOU,24.0,6.0,31,13,6.0,39.0,False,HOU,18,False,0.0,0
2016_05_NE_CLE,2016,5,2016-10-09,CLE,NE,7.0,23.0,13,33,-10.0,47.5,True,CLE,16,False,0.0,0
2016_05_NYG_GB,2016,5,2016-10-09,GB,NYG,17.0,6.0,23,16,7.0,49.0,False,NYG,11,False,0.0,0
2016_05_NYJ_PIT,2016,5,2016-10-09,PIT,NYJ,14.0,13.0,31,13,10.0,50.0,False,NYJ,1,False,0.0,0
2016_05_PHI_DET,2016,5,2016-10-09,DET,PHI,21.0,10.0,24,23,-3.5,46.0,False,PHI,11,True,3.5,0
2016_05_SD_OAK,2016,5,2016-10-09,LV,LAC,9.0,10.0,34,31,3.5,50.5,True,LV,1,True,3.5,1
2016_05_TB_CAR,2016,5,2016-10-10,CAR,TB,0.0,6.0,14,17,6.0,46.5,True,CAR,6,True,6.0,0
2016_05_TEN_MIA,2016,5,2016-10-09,MIA,TEN,14.0,21.0,17,30,2.5,44.5,True,MIA,7,True,2.5,0
2016_05_WAS_BAL,2016,5,2016-10-09,BAL,WAS,10.0,6.0,10,16,4.0,44.5,False,WAS,4,False,0.0,1
2016_06_ATL_SEA,2016,6,2016-10-16,SEA,ATL,17.0,3.0,26,24,7.0,45.5,False,ATL,14,False,0.0,0
2016_06_BAL_NYG,2016,6,2016-10-16,NYG,BAL,7.0,10.0,27,23,3.5,42.5,True,NYG,3,True,3.5,1
2016_06_CAR_NO,2016,6,2016-10-16,NO,CAR,24.0,10.0,41,38,-2.5,53.5,False,CAR,14,True,2.5,0
2016_06_CIN_NE,2016,6,2016-10-16,NE,CIN,10.0,7.0,35,17,7.5,48.5,False,CIN,3,False,0.0,0
2016_06_CLE_TEN,2016,6,2016-10-16,TEN,CLE,14.0,13.0,28,26,7.5,45.0,False,CLE,1,False,0.0,0
2016_06_DAL_GB,2016,6,2016-10-16,GB,DAL,6.0,17.0,16,30,5.0,47.0,True,GB,11,True,5.0,0
2016_06_DEN_SD,2016,6,2016-10-13,LAC,DEN,10.0,3.0,21,13,-3.0,44.0,False,DEN,7,True,3.0,0
2016_06_IND_HOU,2016,6,2016-10-16,HOU,IND,3.0,13.0,26,23,3.0,47.5,True,HOU,10,True,3.0,1
2016_06_JAX_CHI,2016,6,2016-10-16,CHI,JAX,10.0,0.0,16,17,2.5,46.0,False,JAX,10,False,0.0,1
2016_06_KC_OAK,2016,6,2016-10-16,LV,KC,10.0,13.0,10,26,-1.0,46.5,True,LV,3,False,0.0,0
2016_06_NYJ_ARI,2016,6,2016-10-17,ARI,NYJ,14.0,3.0,28,3,7.5,46.0,False,NYJ,11,False,0.0,0
2016_06_PHI_WAS,2016,6,2016-10-16,WAS,PHI,21.0,14.0,27,20,-3.0,45.0,False,PHI,7,True,3.0,0
2016_06_PIT_MIA,2016,6,2016-10-16,MIA,PIT,16.0,8.0,30,15,-7.5,49.5,False,PIT,8,True,7.5,0
2016_06_SF_BUF,2016,6,2016-10-16,BUF,SF,17.0,13.0,45,16,7.5,44.0,False,SF,4,False,0.0,0
2016_07_BAL_NYJ,2016,7,2016-10-23,NYJ,BAL,14.0,13.0,24,16,2.0,40.5,False,BAL,1,False,0.0,0
2016_07_BUF_MIA,2016,7,2016-10-23,MIA,BUF,6.0,10.0,28,25,-2.5,46.0,True,MIA,4,False,0.0,1
2016_07_CHI_GB,2016,7,2016-10-20,GB,CHI,6.0,3.0,26,10,7.5,46.5,False,CHI,3,False,0.0,0
2016_07_CLE_CIN,2016,7,2016-10-23,CIN,CLE,21.0,10.0,31,17,11.5,46.5,False,CLE,11,False,0.0,0
2016_07_HOU_DEN,2016,7,2016-10-24,DEN,HOU,14.0,6.0,27,9,8.5,40.0,False,HOU,8,False,0.0,0
2016_07_IND_TEN,2016,7,2016-10-23,TEN,IND,13.0,17.0,26,34,4.0,48.5,True,TEN,4,True,4.0,0
2016_07_MIN_PHI,2016,7,2016-10-23,PHI,MIN,11.0,3.0,21,10,-2.5,39.0,False,MIN,8,True,2.5,0
2016_07_NE_PIT,2016,7,2016-10-23,PIT,NE,10.0,14.0,16,27,-7.5,49.0,True,PIT,4,False,0.0,0
2016_07_NO_KC,2016,7,2016-10-23,KC,NO,21.0,7.0,27,21,6.0,51.0,False,NO,14,False,0.0,0
2016_07_OAK_JAX,2016,7,2016-10-23,JAX,LV,6.0,20.0,16,33,1.5,47.5,True,JAX,14,True,1.5,0
2016_07_SD_ATL,2016,7,2016-10-23,ATL,LAC,27.0,17.0,30,33,4.5,52.5,False,LAC,10,False,0.0,1
2016_07_SEA_ARI,2016,7,2016-10-23,ARI,SEA,3.0,0.0,6,6,2.5,43.0,False,SEA,3,False,0.0,0
2016_07_TB_SF,2016,7,2016-10-23,SF,TB,14.0,17.0,17,34,1.0,45.0,True,SF,3,True,1.0,0
2016_08_ARI_CAR,2016,8,2016-10-30,CAR,ARI,24.0,7.0,30,20,2.5,45.5,False,ARI,17,False,0.0,0
2016_08_DET_HOU,2016,8,2016-10-30,HOU,DET,14.0,3.0,20,13,1.0,46.5,False,DET,11,False,0.0,0
2016_08_GB_ATL,2016,8,2016-10-30,ATL,GB,19.0,24.0,33,32,3.0,51.0,True,ATL,5,True,3.0,1
2016_08_JAX_TEN,2016,8,2016-10-27,TEN,JAX,27.0,0.0,36,22,3.0,43.5,False,JAX,27,False,0.0,0
2016_08_KC_IND,2016,8,2016-10-30,IND,KC,7.0,17.0,14,30,-3.0,50.5,True,IND,10,False,0.0,0
2016_08_MIN_CHI,2016,8,2016-10-31,CHI,MIN,13.0,3.0,20,10,-5.5,39.5,False,MIN,10,True,5.5,0
2016_08_NE_BUF,2016,8,2016-10-30,BUF,NE,10.0,24.0,25,41,-5.5,48.0,True,BUF,14,False,0.0,0
2016_08_NYJ_CLE,2016,8,2016-10-30,CLE,NYJ,20.0,7.0,28,31,-2.5,45.5,False,NYJ,13,True,2.5,1
2016_08_OAK_TB,2016,8,2016-10-30,TB,LV,10.0,3.0,24,30,1.0,48.0,False,LV,7,False,0.0,1
2016_08_PHI_DAL,2016,8,2016-10-30,DAL,PHI,10.0,13.0,29,23,5.0,44.0,True,DAL,3,True,5.0,1
2016_08_SD_DEN,2016,8,2016-10-30,DEN,LAC,10.0,7.0,27,19,3.5,43.0,False,LAC,3,False,0.0,0
2016_08_SEA_NO,2016,8,2016-10-30,NO,SEA,13.0,14.0,25,20,-1.0,50.0,True,NO,1,False,0.0,1
2016_08_WAS_CIN,2016,8,2016-10-30,CIN,WAS,7.0,10.0,27,27,3.0,49.0,True,CIN,3,True,3.0,0
2016_09_ATL_TB,2016,9,2016-11-03,TB,ATL,14.0,20.0,28,43,-4.5,49.0,True,TB,6,False,0.0,0
2016_09_BUF_SEA,2016,9,2016-11-07,SEA,BUF,28.0,17.0,31,25,5.5,43.5,False,BUF,11,False,0.0,0
2016_09_CAR_LA,2016,9,2016-11-06,LA,CAR,0.0,7.0,10,13,-3.0,44.5,True,LA,7,False,0.0,0
2016_09_DAL_CLE,2016,9,2016-11-06,CLE,DAL,10.0,21.0,10,35,-7.0,49.0,True,CLE,11,False,0.0,0
2016_09_DEN_OAK,2016,9,2016-11-06,LV,DEN,20.0,10.0,30,20,1.0,44.5,False,DEN,10,False,0.0,0
2016_09_DET_MIN,2016,9,2016-11-06,MIN,DET,3.0,10.0,16,22,4.0,42.5,True,MIN,7,True,4.0,0
2016_09_IND_GB,2016,9,2016-11-06,GB,IND,10.0,24.0,26,31,7.5,52.0,True,GB,14,True,7.5,0
2016_09_JAX_KC,2016,9,2016-11-06,KC,JAX,10.0,7.0,19,14,7.0,42.5,False,JAX,3,False,0.0,0
2016_09_NO_SF,2016,9,2016-11-06,SF,NO,20.0,31.0,23,41,-5.0,53.0,True,SF,11,False,0.0,0
2016_09_NYJ_MIA,2016,9,2016-11-06,MIA,NYJ,14.0,13.0,27,23,3.5,45.0,False,NYJ,1,False,0.0,0
2016_09_PHI_NYG,2016,9,2016-11-06,NYG,PHI,21.0,10.0,28,23,3.0,42.5,False,PHI,11,False,0.0,0
2016_09_PIT_BAL,2016,9,2016-11-06,BAL,PIT,10.0,0.0,21,14,-3.5,46.0,False,PIT,10,True,3.5,0
2016_09_TEN_SD,2016,9,2016-11-06,LAC,TEN,19.0,14.0,43,35,3.5,47.5,False,TEN,5,False,0.0,0
2016_10_ATL_PHI,2016,10,2016-11-13,PHI,ATL,7.0,6.0,24,15,2.0,48.5,False,ATL,1,False,0.0,0
2016_10_CHI_TB,2016,10,2016-11-13,TB,CHI,17.0,10.0,36,10,-2.5,45.0,False,CHI,7,True,2.5,0
2016_10_CIN_NYG,2016,10,2016-11-14,NYG,CIN,14.0,10.0,21,20,-1.0,49.5,False,CIN,4,True,1.0,0
2016_10_CLE_BAL,2016,10,2016-11-10,BAL,CLE,6.0,7.0,28,7,7.5,44.0,True,BAL,1,True,7.5,1
2016_10_DAL_PIT,2016,10,2016-11-13,PIT,DAL,15.0,13.0,30,35,3.0,50.5,False,DAL,2,False,0.0,1
2016_10_DEN_NO,2016,10,2016-11-13,NO,DEN,3.0,10.0,23,25,3.0,50.0,True,NO,7,True,3.0,0
2016_10_GB_TEN,2016,10,2016-11-13,TEN,GB,35.0,16.0,47,25,-3.0,48.5,False,GB,19,True,3.0,0
2016_10_HOU_JAX,2016,10,2016-11-13,JAX,HOU,10.0,14.0,21,24,3.0,42.0,True,JAX,4,True,3.0,0
2016_10_KC_CAR,2016,10,2016-11-13,CAR,KC,17.0,3.0,17,20,3.0,44.0,False,KC,14,False,0.0,1
2016_10_LA_NYJ,2016,10,2016-11-13,NYJ,LA,6.0,3.0,6,9,-1.0,39.0,False,LA,3,True,1.0,1
2016_10_MIA_SD,2016,10,2016-11-13,LAC,MIA,10.0,7.0,24,31,4.0,48.5,False,MIA,3,False,0.0,1
2016_10_MIN_WAS,2016,10,2016-11-13,WAS,MIN,14.0,20.0,26,20,2.5,42.0,True,WAS,6,True,2.5,1
2016_10_SEA_NE,2016,10,2016-11-13,NE,SEA,14.0,19.0,24,31,7.5,49.5,True,NE,5,True,7.5,0
2016_10_SF_ARI,2016,10,2016-11-13,ARI,SF,20.0,10.0,23,20,14.0,46.5,False,SF,10,False,0.0,0
2016_11_ARI_MIN,2016,11,2016-11-20,MIN,ARI,20.0,17.0,30,24,2.0,39.5,False,ARI,3,False,0.0,0
2016_11_BUF_CIN,2016,11,2016-11-20,CIN,BUF,12.0,10.0,12,16,2.5,48.0,False,BUF,2,False,0.0,1
2016_11_CHI_NYG,2016,11,2016-11-20,NYG,CHI,9.0,16.0,22,16,7.0,41.5,True,NYG,7,True,7.0,1
2016_11_GB_WAS,2016,11,2016-11-20,WAS,GB,13.0,10.0,42,24,2.5,48.5,False,GB,3,False,0.0,0
2016_11_MIA_LA,2016,11,2016-11-20,LA,MIA,7.0,0.0,10,14,1.0,39.0,False,MIA,7,False,0.0,1
2016_11_NE_SF,2016,11,2016-11-20,SF,NE,10.0,13.0,17,30,-10.5,51.5,True,SF,3,False,0.0,0
2016_11_NO_CAR,2016,11,2016-11-17,CAR,NO,20.0,3.0,23,20,3.5,52.5,False,NO,17,False,0.0,0
2016_11_PHI_SEA,2016,11,2016-11-20,SEA,PHI,16.0,7.0,26,15,6.5,43.0,False,PHI,9,False,0.0,0
2016_11_PIT_CLE,2016,11,2016-11-20,CLE,PIT,0.0,14.0,9,24,-8.0,45.5,True,CLE,14,False,0.0,0
2016_11_TB_KC,2016,11,2016-11-20,KC,TB,10.0,9.0,17,19,7.0,45.0,False,TB,1,False,0.0,1
2016_11_TEN_IND,2016,11,2016-11-20,IND,TEN,21.0,7.0,24,17,3.0,53.5,False,TEN,14,False,0.0,0
2016_12_ARI_ATL,2016,12,2016-11-27,ATL,ARI,17.0,13.0,38,19,3.5,49.0,False,ARI,4,False,0.0,0
2016_12_CAR_OAK,2016,12,2016-11-27,LV,CAR,24.0,7.0,35,32,3.5,48.5,False,CAR,17,False,0.0,0
2016_12_CIN_BAL,2016,12,2016-11-27,BAL,CIN,16.0,3.0,19,14,3.5,42.0,False,CIN,13,False,0.0,0
2016_12_GB_PHI,2016,12,2016-11-28,PHI,GB,10.0,14.0,13,27,4.0,47.0,True,PHI,4,True,4.0,0
2016_12_JAX_BUF,2016,12,2016-11-27,BUF,JAX,6.0,7.0,28,21,8.5,43.5,True,BUF,1,True,8.5,1
2016_12_KC_DEN,2016,12,2016-11-27,DEN,KC,3.0,9.0,27,30,3.5,40.0,True,DEN,6,True,3.5,0
2016_12_LA_NO,2016,12,2016-11-27,NO,LA,28.0,21.0,49,21,7.5,46.0,False,LA,7,False,0.0,0
2016_12_MIN_DET,2016,12,2016-11-24,DET,MIN,10.0,7.0,16,13,2.0,42.0,False,MIN,3,False,0.0,0
2016_12_NYG_CLE,2016,12,2016-11-27,CLE,NYG,6.0,14.0,13,27,-6.5,47.0,True,CLE,8,False,0.0,0
2016_12_PIT_IND,2016,12,2016-11-24,IND,PIT,7.0,21.0,7,28,-8.0,50.0,True,IND,14,False,0.0,0
2016_12_SD_HOU,2016,12,2016-11-27,HOU,LAC,7.0,14.0,13,21,-2.5,45.5,True,HOU,7,False,0.0,0
2016_12_SEA_TB,2016,12,2016-11-27,TB,SEA,14.0,5.0,14,5,-5.0,46.0,False,SEA,9,True,5.0,0
2016_12_SF_MIA,2016,12,2016-11-27,MIA,SF,14.0,7.0,31,24,7.0,44.5,False,SF,7,False,0.0,0
2016_12_TEN_CHI,2016,12,2016-11-27,CHI,TEN,7.0,21.0,21,27,-6.5,41.5,True,CHI,14,False,0.0,0
2016_12_WAS_DAL,2016,12,2016-11-24,DAL,WAS,17.0,6.0,31,26,5.5,53.0,False,WAS,11,False,0.0,0
2016_13_BUF_OAK,2016,13,2016-12-04,LV,BUF,9.0,10.0,38,24,3.0,48.5,True,LV,1,True,3.0,1
2016_13_CAR_SEA,2016,13,2016-12-04,SEA,CAR,23.0,7.0,40,7,8.5,44.0,False,CAR,16,False,0.0,0
2016_13_DAL_MIN,2016,13,2016-12-01,MIN,DAL,3.0,7.0,15,17,-3.0,43.5,True,MIN,4,False,0.0,0
2016_13_DEN_JAX,2016,13,2016-12-04,JAX,DEN,3.0,10.0,10,20,-3.5,39.0,True,JAX,7,False,0.0,0
2016_13_DET_NO,2016,13,2016-12-04,NO,DET,6.0,13.0,13,28,6.5,53.0,True,NO,7,True,6.5,0
2016_13_HOU_GB,2016,13,2016-12-04,GB,HOU,7.0,0.0,21,13,7.0,44.5,False,HOU,7,False,0.0,0
2016_13_IND_NYJ,2016,13,2016-12-05,NYJ,IND,3.0,24.0,10,41,1.0,48.5,True,NYJ,21,True,1.0,0
2016_13_KC_ATL,2016,13,2016-12-04,ATL,KC,16.0,20.0,28,29,5.0,50.0,True,ATL,4,True,5.0,0
2016_13_LA_NE,2016,13,2016-12-04,NE,LA,17.0,0.0,26,10,13.0,44.5,False,LA,17,False,0.0,0
2016_13_MIA_BAL,2016,13,2016-12-04,BAL,MIA,24.0,0.0,38,6,3.5,41.5,False,MIA,24,False,0.0,0
2016_13_NYG_PIT,2016,13,2016-12-04,PIT,NYG,14.0,0.0,24,14,7.0,49.5,False,NYG,14,False,0.0,0
2016_13_PHI_CIN,2016,13,2016-12-04,CIN,PHI,19.0,0.0,32,14,1.0,42.0,False,PHI,19,False,0.0,0
2016_13_SF_CHI,2016,13,2016-12-04,CHI,SF,7.0,6.0,26,6,-0.0,44.0,False,SF,1,False,0.0,0
2016_13_TB_SD,2016,13,2016-12-04,LAC,TB,14.0,7.0,21,28,3.5,49.0,False,TB,7,False,0.0,1
2016_13_WAS_ARI,2016,13,2016-12-04,ARI,WAS,10.0,6.0,31,23,2.5,48.5,False,WAS,4,False,0.0,0
2016_14_ARI_MIA,2016,14,2016-12-11,MIA,ARI,14.0,9.0,26,23,-2.0,44.0,False,ARI,5,True,2.0,0
2016_14_ATL_LA,2016,14,2016-12-11,LA,ATL,0.0,21.0,14,42,-4.5,44.0,True,LA,21,False,0.0,0
2016_14_BAL_NE,2016,14,2016-12-12,NE,BAL,16.0,3.0,30,23,6.0,45.5,False,BAL,13,False,0.0,0
2016_14_CHI_DET,2016,14,2016-12-11,DET,CHI,10.0,3.0,20,17,7.5,42.0,False,CHI,7,False,0.0,0
2016_14_CIN_CLE,2016,14,2016-12-11,CLE,CIN,0.0,20.0,10,23,-4.0,42.0,True,CLE,20,False,0.0,0
2016_14_DAL_NYG,2016,14,2016-12-11,NYG,DAL,0.0,7.0,10,7,-3.5,47.0,True,NYG,7,False,0.0,1
2016_14_DEN_TEN,2016,14,2016-12-11,TEN,DEN,13.0,0.0,13,10,2.0,44.0,False,DEN,13,False,0.0,0
2016_14_HOU_IND,2016,14,2016-12-11,IND,HOU,3.0,13.0,17,22,6.5,47.5,True,IND,10,True,6.5,0
2016_14_NO_TB,2016,14,2016-12-11,TB,NO,13.0,8.0,16,11,2.0,52.0,False,NO,5,False,0.0,0
2016_14_NYJ_SF,2016,14,2016-12-11,SF,NYJ,17.0,3.0,17,23,3.0,42.5,False,NYJ,14,False,0.0,1
2016_14_OAK_KC,2016,14,2016-12-08,KC,LV,21.0,10.0,21,13,3.5,46.0,False,LV,11,False,0.0,0
2016_14_PIT_BUF,2016,14,2016-12-11,BUF,PIT,7.0,14.0,20,27,-1.0,45.5,True,BUF,7,False,0.0,0
2016_14_SD_CAR,2016,14,2016-12-11,CAR,LAC,23.0,7.0,28,16,1.0,48.5,False,LAC,16,False,0.0,0
2016_14_SEA_GB,2016,14,2016-12-11,GB,SEA,21.0,3.0,38,10,-3.0,47.0,False,SEA,18,True,3.0,0
2016_14_WAS_PHI,2016,14,2016-12-11,PHI,WAS,13.0,7.0,22,27,-1.5,48.5,False,WAS,6,True,1.5,1
2016_15_CAR_WAS,2016,15,2016-12-19,WAS,CAR,9.0,13.0,15,26,7.0,50.5,True,WAS,4,True,7.0,0
2016_15_CLE_BUF,2016,15,2016-12-18,BUF,CLE,17.0,3.0,33,13,10.5,43.5,False,CLE,14,False,0.0,0
2016_15_DET_NYG,2016,15,2016-12-18,NYG,DET,10.0,3.0,17,6,4.0,42.5,False,DET,7,False,0.0,0
2016_15_IND_MIN,2016,15,2016-12-18,MIN,IND,0.0,27.0,6,34,5.0,44.5,True,MIN,27,True,5.0,0
2016_15_JAX_HOU,2016,15,2016-12-18,HOU,JAX,5.0,13.0,21,20,3.5,39.5,True,HOU,8,True,3.5,1
2016_15_LA_SEA,2016,15,2016-12-15,SEA,LA,10.0,3.0,24,3,15.0,39.5,False,LA,7,False,0.0,0
2016_15_MIA_NYJ,2016,15,2016-12-17,NYJ,MIA,10.0,13.0,13,34,-2.5,40.0,True,NYJ,3,False,0.0,0
2016_15_NE_DEN,2016,15,2016-12-18,DEN,NE,3.0,10.0,3,16,-3.0,43.5,True,DEN,7,False,0.0,0
2016_15_NO_ARI,2016,15,2016-12-18,ARI,NO,20.0,24.0,41,48,3.0,48.5,True,ARI,4,True,3.0,0
2016_15_PHI_BAL,2016,15,2016-12-18,BAL,PHI,20.0,14.0,27,26,5.0,41.0,False,PHI,6,False,0.0,0
2016_15_PIT_CIN,2016,15,2016-12-18,CIN,PIT,20.0,9.0,20,24,-3.0,45.5,False,PIT,11,True,3.0,1
2016_15_SF_ATL,2016,15,2016-12-18,ATL,SF,28.0,13.0,41,13,13.5,51.5,False,SF,15,False,0.0,0
2016_15_TB_DAL,2016,15,2016-12-18,DAL,TB,17.0,6.0,26,20,7.0,47.5,False,TB,11,False,0.0,0
2016_15_TEN_KC,2016,15,2016-12-18,KC,TEN,17.0,7.0,17,19,6.0,43.0,False,TEN,10,False,0.0,1
2016_16_ARI_SEA,2016,16,2016-12-24,SEA,ARI,3.0,14.0,31,34,9.0,43.5,True,SEA,11,True,9.0,0
2016_16_ATL_CAR,2016,16,2016-12-24,CAR,ATL,3.0,20.0,16,33,-3.0,48.5,True,CAR,17,False,0.0,0
2016_16_BAL_PIT,2016,16,2016-12-25,PIT,BAL,7.0,6.0,31,27,5.5,46.5,False,BAL,1,False,0.0,0
2016_16_CIN_HOU,2016,16,2016-12-24,HOU,CIN,0.0,3.0,12,10,3.0,41.5,True,HOU,3,True,3.0,1
2016_16_DEN_KC,2016,16,2016-12-25,KC,DEN,21.0,10.0,33,10,3.5,38.5,False,DEN,11,False,0.0,0
2016_16_IND_OAK,2016,16,2016-12-24,LV,IND,19.0,7.0,33,25,3.5,52.0,False,IND,12,False,0.0,0
2016_16_MIA_BUF,2016,16,2016-12-24,BUF,MIA,7.0,14.0,31,34,4.5,44.5,True,BUF,7,True,4.5,0
2016_16_MIN_GB,2016,16,2016-12-24,GB,MIN,28.0,13.0,38,25,6.0,44.5,False,MIN,15,False,0.0,0
2016_16_NYG_PHI,2016,16,2016-12-22,PHI,NYG,21.0,13.0,24,19,2.0,42.5,False,NYG,8,False,0.0,0
2016_16_NYJ_NE,2016,16,2016-12-24,NE,NYJ,27.0,0.0,41,3,17.0,45.0,False,NYJ,27,False,0.0,0
2016_16_SD_CLE,2016,16,2016-12-24,CLE,LAC,17.0,10.0,20,17,-4.5,45.0,False,LAC,7,True,4.5,0
2016_16_SF_LA,2016,16,2016-12-24,LA,SF,14.0,7.0,21,22,6.0,39.5,False,SF,7,False,0.0,1
2016_16_TB_NO,2016,16,2016-12-24,NO,TB,13.0,7.0,31,24,3.0,53.0,False,TB,6,False,0.0,0
2016_16_TEN_JAX,2016,16,2016-12-24,JAX,TEN,19.0,7.0,38,17,-4.0,44.0,False,TEN,12,True,4.0,0
2016_16_WAS_CHI,2016,16,2016-12-24,CHI,WAS,14.0,24.0,21,41,-3.0,49.0,True,CHI,10,False,0.0,0
2016_17_ARI_LA,2016,17,2017-01-01,LA,ARI,6.0,16.0,6,44,-7.0,39.0,True,LA,10,False,0.0,0
2016_17_BAL_CIN,2016,17,2017-01-01,CIN,BAL,20.0,3.0,27,10,-2.5,40.5,False,BAL,17,True,2.5,0
2016_17_BUF_NYJ,2016,17,2017-01-01,NYJ,BUF,10.0,3.0,30,10,-3.5,43.0,False,BUF,7,True,3.5,0
2016_17_CAR_TB,2016,17,2017-01-01,TB,CAR,3.0,7.0,17,16,3.5,44.5,True,TB,4,True,3.5,1
2016_17_CHI_MIN,2016,17,2017-01-01,MIN,CHI,24.0,10.0,38,10,6.0,44.0,False,CHI,14,False,0.0,0
2016_17_CLE_PIT,2016,17,2017-01-01,PIT,CLE,7.0,14.0,27,24,3.5,41.5,True,PIT,7,True,3.5,1
2016_17_GB_DET,2016,17,2017-01-01,DET,GB,14.0,10.0,24,31,-3.5,50.0,False,GB,4,True,3.5,1
2016_17_HOU_TEN,2016,17,2017-01-01,TEN,HOU,14.0,0.0,24,17,3.0,41.5,False,HOU,14,False,0.0,0
2016_17_JAX_IND,2016,17,2017-01-01,IND,JAX,3.0,17.0,24,20,5.5,48.5,True,IND,14,True,5.5,1
2016_17_KC_SD,2016,17,2017-01-01,LAC,KC,10.0,20.0,27,37,-5.5,45.0,True,LAC,10,False,0.0,0
2016_17_NE_MIA,2016,17,2017-01-01,MIA,NE,7.0,20.0,14,35,-7.5,47.0,True,MIA,13,False,0.0,0
2016_17_NO_ATL,2016,17,2017-01-01,ATL,NO,35.0,13.0,38,32,7.5,58.5,False,NO,22,False,0.0,0
2016_17_NYG_WAS,2016,17,2017-01-01,WAS,NYG,0.0,10.0,10,19,10.0,47.5,True,WAS,10,True,10.0,0
2016_17_OAK_DEN,2016,17,2017-01-01,DEN,LV,17.0,0.0,24,6,1.0,40.0,False,LV,17,False,0.0,0
2016_17_SEA_SF,2016,17,2017-01-01,SF,SEA,14.0,19.0,23,25,-11.5,44.5,True,SF,5,False,0.0,0
2017_01_ARI_DET,2017,1,2017-09-10,DET,ARI,9.0,10.0,35,23,-2.5,48.5,True,DET,1,False,0.0,1
2017_01_BAL_CIN,2017,1,2017-09-10,CIN,BAL,0.0,17.0,0,20,2.5,41.5,True,CIN,17,True,2.5,0
2017_01_CAR_SF,2017,1,2017-09-10,SF,CAR,0.0,13.0,3,23,-4.5,45.5,True,SF,13,False,0.0,0
2017_01_IND_LA,2017,1,2017-09-10,LA,IND,27.0,3.0,46,9,3.5,41.5,False,IND,24,False,0.0,0
2017_01_JAX_HOU,2017,1,2017-09-10,HOU,JAX,0.0,19.0,7,29,5.5,38.0,True,HOU,19,True,5.5,0
2017_01_KC_NE,2017,1,2017-09-07,NE,KC,17.0,14.0,27,42,8.0,47.5,False,KC,3,False,0.0,1
2017_01_LAC_DEN,2017,1,2017-09-11,DEN,LAC,14.0,7.0,24,21,3.0,41.5,False,LAC,7,False,0.0,0
2017_01_NO_MIN,2017,1,2017-09-11,MIN,NO,16.0,6.0,29,19,3.0,47.5,False,NO,10,False,0.0,0
2017_01_NYG_DAL,2017,1,2017-09-10,DAL,NYG,16.0,0.0,19,3,6.0,46.5,False,NYG,16,False,0.0,0
2017_01_NYJ_BUF,2017,1,2017-09-10,BUF,NYJ,7.0,6.0,21,12,7.0,42.0,False,NYJ,1,False,0.0,0
2017_01_OAK_TEN,2017,1,2017-09-10,TEN,LV,10.0,13.0,16,26,2.5,49.5,True,TEN,3,True,2.5,0
2017_01_PHI_WAS,2017,1,2017-09-10,WAS,PHI,14.0,16.0,17,30,-2.0,49.5,True,WAS,2,False,0.0,0
2017_01_PIT_CLE,2017,1,2017-09-10,CLE,PIT,7.0,14.0,18,21,-10.0,47.0,True,CLE,7,False,0.0,0
2017_01_SEA_GB,2017,1,2017-09-10,GB,SEA,0.0,3.0,17,9,2.5,49.5,True,GB,3,True,2.5,1
2017_02_ARI_IND,2017,2,2017-09-17,IND,ARI,10.0,3.0,13,16,-7.0,44.0,False,ARI,7,True,7.0,1
2017_02_BUF_CAR,2017,2,2017-09-17,CAR,BUF,6.0,0.0,9,3,6.5,43.0,False,BUF,6,False,0.0,0
2017_02_CHI_TB,2017,2,2017-09-17,TB,CHI,26.0,0.0,29,7,7.0,44.0,False,CHI,26,False,0.0,0
2017_02_CLE_BAL,2017,2,2017-09-17,BAL,CLE,21.0,7.0,24,10,7.5,39.5,False,CLE,14,False,0.0,0
2017_02_DAL_DEN,2017,2,2017-09-17,DEN,DAL,21.0,10.0,42,17,-2.5,44.0,False,DAL,11,True,2.5,0
2017_02_DET_NYG,2017,2,2017-09-18,NYG,DET,7.0,17.0,10,24,3.0,42.0,True,NYG,10,True,3.0,0
2017_02_GB_ATL,2017,2,2017-09-17,ATL,GB,24.0,7.0,34,23,3.5,55.0,False,GB,17,False,0.0,0
2017_02_HOU_CIN,2017,2,2017-09-14,CIN,HOU,6.0,10.0,9,13,5.5,38.0,True,CIN,4,True,5.5,0
2017_02_MIA_LAC,2017,2,2017-09-17,LAC,MIA,10.0,3.0,17,19,3.5,46.5,False,MIA,7,False,0.0,1
2017_02_MIN_PIT,2017,2,2017-09-17,PIT,MIN,14.0,3.0,26,9,8.5,43.0,False,MIN,11,False,0.0,0
2017_02_NE_NO,2017,2,2017-09-17,NO,NE,13.0,30.0,20,36,-5.5,55.0,True,NO,17,False,0.0,0
2017_02_NYJ_OAK,2017,2,2017-09-17,LV,NYJ,21.0,10.0,45,20,14.0,44.0,False,NYJ,11,False,0.0,0
2017_02_PHI_KC,2017,2,2017-09-17,KC,PHI,6.0,3.0,27,20,4.0,46.5,False,PHI,3,False,0.0,0
2017_02_TEN_JAX,2017,2,2017-09-17,JAX,TEN,3.0,6.0,16,37,-1.0,42.0,True,JAX,3,False,0.0,0
2017_02_WAS_LA,2017,2,2017-09-17,LA,WAS,10.0,20.0,20,27,3.0,45.5,True,LA,10,True,3.0,0
2017_03_ATL_DET,2017,3,2017-09-24,DET,ATL,13.0,20.0,26,30,-3.0,51.0,True,DET,7,False,0.0,0
2017_03_BAL_JAX,2017,3,2017-09-24,JAX,BAL,23.0,0.0,44,7,-3.0,38.0,False,BAL,23,True,3.0,0
2017_03_CIN_GB,2017,3,2017-09-24,GB,CIN,7.0,21.0,27,24,7.0,47.5,True,GB,14,True,7.0,1
2017_03_CLE_IND,2017,3,2017-09-24,IND,CLE,28.0,14.0,31,28,1.0,42.0,False,CLE,14,False,0.0,0
2017_03_HOU_NE,2017,3,2017-09-24,NE,HOU,21.0,20.0,36,33,13.5,44.5,False,HOU,1,False,0.0,0
2017_03_KC_LAC,2017,3,2017-09-24,LAC,KC,10.0,17.0,10,24,-3.0,47.5,True,LAC,7,False,0.0,0
2017_03_LA_SF,2017,3,2017-09-21,SF,LA,13.0,24.0,39,41,-3.0,40.5,True,SF,11,False,0.0,0
2017_03_MIA_NYJ,2017,3,2017-09-24,NYJ,MIA,10.0,0.0,20,6,-5.5,43.0,False,MIA,10,True,5.5,0
2017_03_NO_CAR,2017,3,2017-09-24,CAR,NO,6.0,17.0,13,34,5.5,46.5,True,CAR,11,True,5.5,0
2017_03_NYG_PHI,2017,3,2017-09-24,PHI,NYG,7.0,0.0,27,24,5.0,42.0,False,NYG,7,False,0.0,0
2017_03_OAK_WAS,2017,3,2017-09-24,WAS,LV,14.0,0.0,27,10,-3.5,53.0,False,LV,14,True,3.5,0
2017_03_PIT_CHI,2017,3,2017-09-24,CHI,PIT,17.0,7.0,23,17,-7.0,43.5,False,PIT,10,True,7.0,0
2017_03_SEA_TEN,2017,3,2017-09-24,TEN,SEA,9.0,7.0,33,27,2.0,42.0,False,SEA,2,False,0.0,0
2017_03_TB_MIN,2017,3,2017-09-24,MIN,TB,21.0,3.0,34,17,-0.0,41.0,False,TB,18,False,0.0,0
2017_04_BUF_ATL,2017,4,2017-10-01,ATL,BUF,10.0,7.0,17,23,8.0,48.0,False,BUF,3,False,0.0,1
2017_04_CAR_NE,2017,4,2017-10-01,NE,CAR,16.0,17.0,30,33,9.0,48.0,True,NE,1,True,9.0,0
2017_04_CHI_GB,2017,4,2017-09-28,GB,CHI,21.0,7.0,35,14,7.5,44.0,False,CHI,14,False,0.0,0
2017_04_CIN_CLE,2017,4,2017-10-01,CLE,CIN,0.0,21.0,7,31,-3.0,41.5,True,CLE,21,False,0.0,0
2017_04_DET_MIN,2017,4,2017-10-01,MIN,DET,7.0,3.0,7,14,2.5,43.0,False,DET,4,False,0.0,1
2017_04_IND_SEA,2017,4,2017-10-01,SEA,IND,10.0,15.0,46,18,12.5,41.5,True,SEA,5,True,12.5,1
2017_04_LA_DAL,2017,4,2017-10-01,DAL,LA,24.0,13.0,30,35,5.0,51.0,False,LA,11,False,0.0,1
2017_04_NO_MIA,2017,4,2017-10-01,MIA,NO,0.0,3.0,0,20,-4.0,51.5,True,MIA,3,False,0.0,0
2017_04_NYG_TB,2017,4,2017-10-01,TB,NYG,16.0,10.0,25,23,2.5,46.0,False,NYG,6,False,0.0,0
2017_04_OAK_DEN,2017,4,2017-10-01,DEN,LV,10.0,7.0,16,10,3.5,44.0,False,LV,3,False,0.0,0
2017_04_PHI_LAC,2017,4,2017-10-01,LAC,PHI,10.0,16.0,24,26,1.5,48.0,True,LAC,6,True,1.5,0
2017_04_PIT_BAL,2017,4,2017-10-01,BAL,PIT,0.0,19.0,9,26,-3.5,42.0,True,BAL,19,False,0.0,0
2017_04_TEN_HOU,2017,4,2017-10-01,HOU,TEN,30.0,14.0,57,14,-2.5,43.0,False,TEN,16,True,2.5,0
2017_04_WAS_KC,2017,4,2017-10-02,KC,WAS,7.0,10.0,29,20,6.5,48.0,True,KC,3,True,6.5,1
2017_05_ARI_PHI,2017,5,2017-10-08,PHI,ARI,21.0,7.0,34,7,6.0,45.0,False,ARI,14,False,0.0,0
2017_05_BAL_OAK,2017,5,2017-10-08,LV,BAL,10.0,24.0,17,30,3.0,40.5,True,LV,14,True,3.0,0
2017_05_CAR_DET,2017,5,2017-10-08,DET,CAR,10.0,17.0,24,27,2.0,42.0,True,DET,7,True,2.0,0
2017_05_GB_DAL,2017,5,2017-10-08,DAL,GB,21.0,12.0,31,35,2.5,52.0,False,GB,9,False,0.0,1
2017_05_JAX_PIT,2017,5,2017-10-08,PIT,JAX,6.0,7.0,9,30,7.5,41.0,True,PIT,1,True,7.5,0
2017_05_KC_HOU,2017,5,2017-10-08,HOU,KC,7.0,23.0,34,42,-2.0,45.0,True,HOU,16,False,0.0,0
2017_05_LAC_NYG,2017,5,2017-10-08,NYG,LAC,9.0,10.0,22,27,3.0,45.5,True,NYG,1,True,3.0,0
2017_05_MIN_CHI,2017,5,2017-10-09,CHI,MIN,2.0,3.0,17,20,-3.5,41.0,True,CHI,1,False,0.0,0
2017_05_NE_TB,2017,5,2017-10-05,TB,NE,7.0,13.0,14,19,-3.5,54.5,True,TB,6,False,0.0,0
2017_05_NYJ_CLE,2017,5,2017-10-08,CLE,NYJ,0.0,3.0,14,17,-1.5,41.5,True,CLE,3,False,0.0,0
2017_05_TEN_MIA,2017,5,2017-10-08,MIA,TEN,10.0,3.0,16,10,-0.0,41.5,False,TEN,7,False,0.0,0
2017_06_CHI_BAL,2017,6,2017-10-15,BAL,CHI,3.0,10.0,24,27,5.5,39.5,True,BAL,7,True,5.5,0
2017_06_CLE_HOU,2017,6,2017-10-15,HOU,CLE,24.0,3.0,33,17,7.5,46.0,False,CLE,21,False,0.0,0
2017_06_DET_NO,2017,6,2017-10-15,NO,DET,31.0,10.0,52,38,6.0,50.5,False,DET,21,False,0.0,0
2017_06_GB_MIN,2017,6,2017-10-15,MIN,GB,14.0,10.0,23,10,-3.0,46.0,False,GB,4,True,3.0,0
2017_06_IND_TEN,2017,6,2017-10-16,TEN,IND,9.0,13.0,36,22,7.0,46.0,True,TEN,4,True,7.0,1
2017_06_LAC_OAK,2017,6,2017-10-15,LV,LAC,10.0,7.0,16,17,3.0,48.5,False,LAC,3,False,0.0,1
2017_06_LA_JAX,2017,6,2017-10-15,JAX,LA,14.0,24.0,17,27,1.0,42.0,True,JAX,10,True,1.0,0
2017_06_MIA_ATL,2017,6,2017-10-15,ATL,MIA,17.0,0.0,17,20,14.0,46.0,False,MIA,17,False,0.0,1
2017_06_NE_NYJ,2017,6,2017-10-15,NYJ,NE,14.0,7.0,17,24,-9.0,48.5,False,NE,7,True,9.0,1
2017_06_NYG_DEN,2017,6,2017-10-15,DEN,NYG,3.0,17.0,10,23,14.0,37.5,True,DEN,14,True,14.0,0
2017_06_PIT_KC,2017,6,2017-10-15,KC,PIT,3.0,12.0,13,19,3.5,46.5,True,KC,9,True,3.5,0
2017_06_SF_WAS,2017,6,2017-10-15,WAS,SF,17.0,7.0,26,24,12.0,46.0,False,SF,10,False,0.0,0
2017_06_TB_ARI,2017,6,2017-10-15,ARI,TB,24.0,0.0,38,33,-2.5,46.5,False,TB,24,True,2.5,0
2017_07_ARI_LA,2017,7,2017-10-22,LA,ARI,23.0,0.0,33,0,3.0,45.5,False,ARI,23,False,0.0,0
2017_07_ATL_NE,2017,7,2017-10-22,NE,ATL,17.0,0.0,23,7,3.0,56.5,False,ATL,17,False,0.0,0
2017_07_BAL_MIN,2017,7,2017-10-22,MIN,BAL,9.0,6.0,24,16,5.0,37.5,False,BAL,3,False,0.0,0
2017_07_CAR_CHI,2017,7,2017-10-22,CHI,CAR,17.0,3.0,17,3,-2.5,39.5,False,CAR,14,True,2.5,0
2017_07_CIN_PIT,2017,7,2017-10-22,PIT,CIN,20.0,14.0,29,14,4.0,40.0,False,CIN,6,False,0.0,0
2017_07_DAL_SF,2017,7,2017-10-22,SF,DAL,3.0,20.0,10,40,-6.5,48.0,True,SF,17,False,0.0,0
2017_07_DEN_LAC,2017,7,2017-10-22,LAC,DEN,14.0,0.0,21,0,-1.0,41.0,False,DEN,14,True,1.0,0
2017_07_JAX_IND,2017,7,2017-10-22,IND,JAX,0.0,20.0,0,27,-3.0,41.0,True,IND,20,False,0.0,0
2017_07_KC_OAK,2017,7,2017-10-19,LV,KC,14.0,20.0,31,30,-3.0,46.5,True,LV,6,False,0.0,1
2017_07_NO_GB,2017,7,2017-10-22,GB,NO,14.0,7.0,17,26,-3.5,45.5,False,NO,7,True,3.5,1
2017_07_NYJ_MIA,2017,7,2017-10-22,MIA,NYJ,14.0,21.0,31,28,3.0,40.0,True,MIA,7,True,3.0,1
2017_07_SEA_NYG,2017,7,2017-10-22,NYG,SEA,7.0,3.0,7,24,-4.0,39.0,False,SEA,4,True,4.0,1
2017_07_TB_BUF,2017,7,2017-10-22,BUF,TB,10.0,6.0,30,27,3.0,46.5,False,TB,4,False,0.0,0
2017_07_TEN_CLE,2017,7,2017-10-22,CLE,TEN,3.0,6.0,9,12,-5.5,42.5,True,CLE,3,False,0.0,0
2017_07_WAS_PHI,2017,7,2017-10-23,PHI,WAS,17.0,10.0,34,24,5.0,48.5,False,WAS,7,False,0.0,0
2017_08_ATL_NYJ,2017,8,2017-10-29,NYJ,ATL,17.0,13.0,20,25,-6.5,43.5,False,ATL,4,True,6.5,1
2017_08_CAR_TB,2017,8,2017-10-29,TB,CAR,0.0,10.0,3,17,1.5,46.0,True,TB,10,True,1.5,0
2017_08_CHI_NO,2017,8,2017-10-29,NO,CHI,14.0,3.0,20,12,7.5,46.0,False,CHI,11,False,0.0,0
2017_08_DAL_WAS,2017,8,2017-10-29,WAS,DAL,13.0,14.0,19,33,-3.0,46.5,True,WAS,1,False,0.0,0
2017_08_DEN_KC,2017,8,2017-10-30,KC,DEN,17.0,3.0,29,19,7.0,42.0,False,DEN,14,False,0.0,0
2017_08_IND_CIN,2017,8,2017-10-29,CIN,IND,10.0,13.0,24,23,11.0,44.0,True,CIN,3,True,11.0,1
2017_08_LAC_NE,2017,8,2017-10-29,NE,LAC,15.0,7.0,21,13,6.5,49.5,False,LAC,8,False,0.0,0
2017_08_MIA_BAL,2017,8,2017-10-26,BAL,MIA,20.0,0.0,40,0,3.0,38.0,False,MIA,20,False,0.0,0
2017_08_MIN_CLE,2017,8,2017-10-29,CLE,MIN,13.0,12.0,16,33,-11.0,38.5,False,MIN,1,True,11.0,1
2017_08_OAK_BUF,2017,8,2017-10-29,BUF,LV,14.0,7.0,34,14,2.5,47.0,False,LV,7,False,0.0,0
2017_08_PIT_DET,2017,8,2017-10-29,DET,PIT,12.0,10.0,15,20,-3.0,44.5,False,PIT,2,True,3.0,1
2017_08_SF_PHI,2017,8,2017-10-29,PHI,SF,17.0,0.0,33,10,13.0,45.0,False,SF,17,False,0.0,0
2017_09_ARI_SF,2017,9,2017-11-05,SF,ARI,3.0,14.0,10,20,-2.5,39.0,True,SF,11,False,0.0,0
2017_09_ATL_CAR,2017,9,2017-11-05,CAR,ATL,14.0,10.0,20,17,-3.0,42.0,False,ATL,4,True,3.0,0
2017_09_BAL_TEN,2017,9,2017-11-05,TEN,BAL,16.0,6.0,23,20,3.0,41.0,False,BAL,10,False,0.0,0
2017_09_BUF_NYJ,2017,9,2017-11-02,NYJ,BUF,10.0,7.0,34,21,-3.0,42.0,False,BUF,3,True,3.0,0
2017_09_CIN_JAX,2017,9,2017-11-05,JAX,CIN,13.0,7.0,23,7,6.0,38.0,False,CIN,6,False,0.0,0
2017_09_DEN_PHI,2017,9,2017-11-05,PHI,DEN,31.0,9.0,51,23,7.0,41.0,False,DEN,22,False,0.0,0
2017_09_DET_GB,2017,9,2017-11-06,GB,DET,3.0,14.0,17,30,-2.5,42.5,True,GB,11,False,0.0,0
2017_09_IND_HOU,2017,9,2017-11-05,HOU,IND,7.0,10.0,14,20,6.0,45.0,True,HOU,3,True,6.0,0
2017_09_KC_DAL,2017,9,2017-11-05,DAL,KC,14.0,10.0,28,17,2.0,53.0,False,KC,4,False,0.0,0
2017_09_LA_NYG,2017,9,2017-11-05,NYG,LA,10.0,27.0,17,51,-5.5,42.5,True,NYG,17,False,0.0,0
2017_09_OAK_MIA,2017,9,2017-11-05,MIA,LV,9.0,10.0,24,27,-3.0,44.5,True,MIA,1,False,0.0,0
2017_09_TB_NO,2017,9,2017-11-05,NO,TB,16.0,3.0,30,10,7.0,54.0,False,TB,13,False,0.0,0
2017_09_WAS_SEA,2017,9,2017-11-05,SEA,WAS,2.0,7.0,14,17,8.0,44.5,True,SEA,5,True,8.0,0
2017_10_CIN_TEN,2017,10,2017-11-12,TEN,CIN,17.0,13.0,24,20,4.5,40.5,False,CIN,4,False,0.0,0
2017_10_CLE_DET,2017,10,2017-11-12,DET,CLE,17.0,10.0,38,24,10.5,42.5,False,CLE,7,False,0.0,0
2017_10_DAL_ATL,2017,10,2017-11-12,ATL,DAL,10.0,7.0,27,7,3.5,49.0,False,DAL,3,False,0.0,0
2017_10_GB_CHI,2017,10,2017-11-12,CHI,GB,6.0,10.0,16,23,4.5,37.5,True,CHI,4,True,4.5,0
2017_10_HOU_LA,2017,10,2017-11-12,LA,HOU,9.0,7.0,33,7,12.0,45.0,False,HOU,2,False,0.0,0
2017_10_LAC_JAX,2017,10,2017-11-12,JAX,LAC,6.0,7.0,20,17,5.0,40.5,True,JAX,1,True,5.0,1
2017_10_MIA_CAR,2017,10,2017-11-13,CAR,MIA,17.0,7.0,45,21,8.0,38.5,False,MIA,10,False,0.0,0
2017_10_MIN_WAS,2017,10,2017-11-12,WAS,MIN,17.0,28.0,30,38,-1.0,43.0,True,WAS,11,False,0.0,0
2017_10_NE_DEN,2017,10,2017-11-12,DEN,NE,9.0,27.0,16,41,-7.0,45.0,True,DEN,18,False,0.0,0
2017_10_NO_BUF,2017,10,2017-11-12,BUF,NO,3.0,17.0,10,47,-2.0,48.5,True,BUF,14,False,0.0,0
2017_10_NYG_SF,2017,10,2017-11-12,SF,NYG,17.0,13.0,31,21,-3.0,41.5,False,NYG,4,True,3.0,0
2017_10_PIT_IND,2017,10,2017-11-12,IND,PIT,10.0,3.0,17,20,-10.5,47.0,False,PIT,7,True,10.5,1
2017_10_SEA_ARI,2017,10,2017-11-09,ARI,SEA,7.0,15.0,16,22,-6.0,40.0,True,ARI,8,False,0.0,0
2017_11_ARI_HOU,2017,11,2017-11-19,HOU,ARI,10.0,14.0,31,21,2.5,38.0,True,HOU,4,True,2.5,1
2017_11_ATL_SEA,2017,11,2017-11-20,SEA,ATL,17.0,24.0,31,34,1.0,46.0,True,SEA,7,True,1.0,0
2017_11_BAL_GB,2017,11,2017-11-19,GB,BAL,0.0,6.0,0,23,-2.5,38.5,True,GB,6,False,0.0,0
2017_11_BUF_LAC,2017,11,2017-11-19,LAC,BUF,37.0,7.0,54,24,7.0,41.5,False,BUF,30,False,0.0,0
2017_11_CIN_DEN,2017,11,2017-11-19,DEN,CIN,7.0,13.0,17,20,2.5,37.5,True,DEN,6,True,2.5,0
2017_11_DET_CHI,2017,11,2017-11-19,CHI,DET,17.0,21.0,24,27,-3.0,41.0,True,CHI,4,False,0.0,0
2017_11_JAX_CLE,2017,11,2017-11-19,CLE,JAX,7.0,10.0,7,19,-7.5,37.0,True,CLE,3,False,0.0,0
2017_11_KC_NYG,2017,11,2017-11-19,NYG,KC,6.0,3.0,12,9,-10.0,44.5,False,KC,3,True,10.0,0
2017_11_NE_OAK,2017,11,2017-11-19,LV,NE,0.0,17.0,8,33,-7.0,55.0,True,LV,17,False,0.0,0
2017_11_PHI_DAL,2017,11,2017-11-19,DAL,PHI,9.0,7.0,9,37,-6.0,48.0,False,PHI,2,True,6.0,1
2017_11_TB_MIA,2017,11,2017-11-19,MIA,TB,7.0,20.0,20,30,-1.0,44.0,True,MIA,13,False,0.0,0
2017_11_TEN_PIT,2017,11,2017-11-16,PIT,TEN,13.0,7.0,40,17,7.0,44.5,False,TEN,6,False,0.0,0
2017_11_WAS_NO,2017,11,2017-11-19,NO,WAS,13.0,17.0,34,31,9.5,52.5,True,NO,4,True,9.5,1
2017_12_BUF_KC,2017,12,2017-11-26,KC,BUF,3.0,13.0,10,16,8.5,47.5,True,KC,10,True,8.5,0
2017_12_CAR_NYJ,2017,12,2017-11-26,NYJ,CAR,10.0,12.0,27,35,-5.5,39.5,True,NYJ,2,False,0.0,0
2017_12_CHI_PHI,2017,12,2017-11-26,PHI,CHI,24.0,0.0,31,3,14.0,43.5,False,CHI,24,False,0.0,0
2017_12_CLE_CIN,2017,12,2017-11-26,CIN,CLE,16.0,6.0,30,16,7.5,39.0,False,CLE,10,False,0.0,0
2017_12_DEN_OAK,2017,12,2017-11-26,LV,DEN,14.0,0.0,21,14,3.5,41.0,False,DEN,14,False,0.0,0
2017_12_HOU_BAL,2017,12,2017-11-27,BAL,HOU,17.0,10.0,23,16,7.5,39.5,False,HOU,7,False,0.0,0
2017_12_JAX_ARI,2017,12,2017-11-26,ARI,JAX,13.0,3.0,27,24,-6.5,37.5,False,JAX,10,True,6.5,0
2017_12_LAC_DAL,2017,12,2017-11-23,DAL,LAC,0.0,3.0,6,28,-1.0,46.5,True,DAL,3,False,0.0,0
2017_12_MIA_NE,2017,12,2017-11-26,NE,MIA,21.0,10.0,35,17,17.0,49.0,False,MIA,11,False,0.0,0
2017_12_MIN_DET,2017,12,2017-11-23,DET,MIN,10.0,20.0,23,30,-2.5,46.0,True,DET,10,False,0.0,0
2017_12_NO_LA,2017,12,2017-11-26,LA,NO,17.0,10.0,26,20,2.5,54.0,False,NO,7,False,0.0,0
2017_12_SEA_SF,2017,12,2017-11-26,SF,SEA,3.0,7.0,13,24,-7.0,45.0,True,SF,4,False,0.0,0
2017_12_TB_ATL,2017,12,2017-11-26,ATL,TB,20.0,6.0,34,20,10.5,47.0,False,TB,14,False,0.0,0
2017_12_TEN_IND,2017,12,2017-11-26,IND,TEN,13.0,6.0,16,20,-3.0,46.5,False,TEN,7,True,3.0,1
2017_13_CAR_NO,2017,13,2017-12-03,NO,CAR,21.0,14.0,31,21,5.5,48.0,False,CAR,7,False,0.0,0
2017_13_CLE_LAC,2017,13,2017-12-03,LAC,CLE,9.0,7.0,19,10,13.5,45.0,False,CLE,2,False,0.0,0
2017_13_DEN_MIA,2017,13,2017-12-03,MIA,DEN,16.0,3.0,35,9,-1.0,41.0,False,DEN,13,True,1.0,0
2017_13_DET_BAL,2017,13,2017-12-03,BAL,DET,20.0,0.0,44,20,2.5,43.0,False,DET,20,False,0.0,0
2017_13_IND_JAX,2017,13,2017-12-03,JAX,IND,16.0,3.0,30,10,10.0,41.0,False,IND,13,False,0.0,0
2017_13_KC_NYJ,2017,13,2017-12-03,NYJ,KC,21.0,17.0,38,31,-3.5,44.0,False,KC,4,True,3.5,0
2017_13_LA_ARI,2017,13,2017-12-03,ARI,LA,13.0,16.0,16,32,-7.5,43.0,True,ARI,3,False,0.0,0
2017_13_MIN_ATL,2017,13,2017-12-03,ATL,MIN,6.0,7.0,9,14,2.0,48.5,True,ATL,1,True,2.0,0
2017_13_NE_BUF,2017,13,2017-12-03,BUF,NE,3.0,9.0,3,23,-7.5,48.5,True,BUF,6,False,0.0,0
2017_13_NYG_OAK,2017,13,2017-12-03,LV,NYG,10.0,7.0,24,17,10.0,43.0,False,NYG,3,False,0.0,0
2017_13_PHI_SEA,2017,13,2017-12-03,SEA,PHI,10.0,3.0,24,10,-3.5,46.5,False,PHI,7,True,3.5,0
2017_13_PIT_CIN,2017,13,2017-12-04,CIN,PIT,17.0,3.0,20,23,-4.5,42.5,False,PIT,14,True,4.5,1
2017_13_SF_CHI,2017,13,2017-12-03,CHI,SF,14.0,9.0,14,15,2.5,42.0,False,SF,5,False,0.0,1
2017_13_TB_GB,2017,13,2017-12-03,GB,TB,17.0,10.0,26,20,3.0,45.0,False,TB,7,False,0.0,0
2017_13_WAS_DAL,2017,13,2017-11-30,DAL,WAS,17.0,7.0,38,14,-1.5,47.0,False,WAS,10,True,1.5,0
2017_14_BAL_PIT,2017,14,2017-12-10,PIT,BAL,20.0,14.0,39,38,6.0,43.0,False,BAL,6,False,0.0,0
2017_14_CHI_CIN,2017,14,2017-12-10,CIN,CHI,7.0,12.0,7,33,6.0,40.5,True,CIN,5,True,6.0,0
2017_14_DET_TB,2017,14,2017-12-10,TB,DET,7.0,14.0,21,24,-0.0,47.5,True,TB,7,False,0.0,0
2017_14_GB_CLE,2017,14,2017-12-10,CLE,GB,14.0,7.0,21,27,-2.5,38.5,False,GB,7,True,2.5,1
2017_14_IND_BUF,2017,14,2017-12-10,BUF,IND,7.0,0.0,13,7,3.5,36.5,False,IND,7,False,0.0,0
2017_14_MIN_CAR,2017,14,2017-12-10,CAR,MIN,14.0,13.0,31,24,-2.5,40.5,False,MIN,1,True,2.5,0
2017_14_NE_MIA,2017,14,2017-12-11,MIA,NE,13.0,10.0,27,20,-10.0,48.0,False,NE,3,True,10.0,0
2017_14_NYJ_DEN,2017,14,2017-12-10,DEN,NYJ,13.0,0.0,23,0,-1.0,40.5,False,NYJ,13,True,1.0,0
2017_14_OAK_KC,2017,14,2017-12-10,KC,LV,16.0,0.0,26,15,4.5,48.5,False,LV,16,False,0.0,0
2017_14_PHI_LA,2017,14,2017-12-10,LA,PHI,14.0,24.0,35,43,-1.0,47.5,True,LA,10,False,0.0,0
2017_14_SEA_JAX,2017,14,2017-12-10,JAX,SEA,3.0,0.0,30,24,3.0,41.0,False,SEA,3,False,0.0,0
2017_14_SF_HOU,2017,14,2017-12-10,HOU,SF,9.0,13.0,16,26,1.0,45.5,True,HOU,4,True,1.0,0
2017_14_TEN_ARI,2017,14,2017-12-10,ARI,TEN,0.0,7.0,12,7,-2.5,42.0,True,ARI,7,False,0.0,1
2017_14_WAS_LAC,2017,14,2017-12-10,LAC,WAS,23.0,6.0,30,13,6.0,46.5,False,WAS,17,False,0.0,0
2017_15_ARI_WAS,2017,15,2017-12-17,WAS,ARI,14.0,9.0,20,15,4.0,40.0,False,ARI,5,False,0.0,0
2017_15_ATL_TB,2017,15,2017-12-18,TB,ATL,7.0,17.0,21,24,-7.0,49.5,True,TB,10,False,0.0,0
2017_15_BAL_CLE,2017,15,2017-12-17,CLE,BAL,10.0,17.0,10,27,-6.5,42.0,True,CLE,7,False,0.0,0
2017_15_CHI_DET,2017,15,2017-12-16,DET,CHI,13.0,3.0,20,10,5.0,43.5,False,CHI,10,False,0.0,0
2017_15_CIN_MIN,2017,15,2017-12-17,MIN,CIN,24.0,0.0,34,7,12.5,42.5,False,CIN,24,False,0.0,0
2017_15_DAL_OAK,2017,15,2017-12-17,LV,DAL,0.0,10.0,17,20,-3.0,46.0,True,LV,10,False,0.0,0
2017_15_DEN_IND,2017,15,2017-12-14,IND,DEN,10.0,7.0,13,25,-3.0,40.5,False,DEN,3,True,3.0,1
2017_15_GB_CAR,2017,15,2017-12-17,CAR,GB,10.0,14.0,31,24,3.0,46.5,True,CAR,4,True,3.0,1
2017_15_HOU_JAX,2017,15,2017-12-17,JAX,HOU,31.0,0.0,45,7,10.5,39.0,False,HOU,31,False,0.0,0
2017_15_LAC_KC,2017,15,2017-12-16,KC,LAC,10.0,6.0,30,13,1.0,47.0,False,LAC,4,False,0.0,0
2017_15_LA_SEA,2017,15,2017-12-17,SEA,LA,0.0,34.0,7,42,-1.0,47.5,True,SEA,34,False,0.0,0
2017_15_MIA_BUF,2017,15,2017-12-17,BUF,MIA,21.0,6.0,24,16,3.5,39.5,False,MIA,15,False,0.0,0
2017_15_NE_PIT,2017,15,2017-12-17,PIT,NE,17.0,10.0,24,27,-2.5,53.0,False,NE,7,True,2.5,1
2017_15_NYJ_NO,2017,15,2017-12-17,NO,NYJ,17.0,10.0,31,19,16.5,47.0,False,NYJ,7,False,0.0,0
2017_15_PHI_NYG,2017,15,2017-12-17,NYG,PHI,23.0,21.0,29,34,-7.5,40.5,False,PHI,2,True,7.5,1
2017_15_TEN_SF,2017,15,2017-12-17,SF,TEN,16.0,10.0,25,23,2.5,44.5,False,TEN,6,False,0.0,0
2017_16_ATL_NO,2017,16,2017-12-24,NO,ATL,13.0,0.0,23,13,5.5,52.0,False,ATL,13,False,0.0,0
2017_16_CLE_CHI,2017,16,2017-12-24,CHI,CLE,6.0,3.0,20,3,5.5,37.0,False,CLE,3,False,0.0,0
2017_16_DEN_WAS,2017,16,2017-12-24,WAS,DEN,10.0,3.0,27,11,3.0,39.5,False,DEN,7,False,0.0,0
2017_16_DET_CIN,2017,16,2017-12-24,CIN,DET,6.0,7.0,26,17,-3.0,43.5,True,CIN,1,False,0.0,1
2017_16_IND_BAL,2017,16,2017-12-23,BAL,IND,13.0,7.0,23,16,13.5,41.0,False,IND,6,False,0.0,0
2017_16_LAC_NYJ,2017,16,2017-12-24,NYJ,LAC,0.0,7.0,7,14,-7.5,42.5,True,NYJ,7,False,0.0,0
2017_16_MIA_KC,2017,16,2017-12-24,KC,MIA,20.0,13.0,29,13,11.0,43.5,False,MIA,7,False,0.0,0
2017_16_MIN_GB,2017,16,2017-12-23,GB,MIN,0.0,10.0,0,16,-8.5,41.0,True,GB,10,False,0.0,0
2017_16_NYG_ARI,2017,16,2017-12-24,ARI,NYG,10.0,0.0,23,0,3.0,39.0,False,NYG,10,False,0.0,0
2017_16_PIT_HOU,2017,16,2017-12-25,HOU,PIT,0.0,20.0,6,34,-8.0,45.5,True,HOU,20,False,0.0,0
2017_16_SEA_DAL,2017,16,2017-12-24,DAL,SEA,9.0,7.0,12,21,4.5,47.0,False,SEA,2,False,0.0,1
2017_16_TB_CAR,2017,16,2017-12-24,CAR,TB,12.0,9.0,22,19,10.0,46.5,False,TB,3,False,0.0,0
2017_17_ARI_SEA,2017,17,2017-12-31,SEA,ARI,7.0,20.0,24,26,8.0,38.0,True,SEA,13,True,8.0,0
2017_17_BUF_MIA,2017,17,2017-12-31,MIA,BUF,0.0,10.0,16,22,-2.5,41.5,True,MIA,10,False,0.0,0
2017_17_CHI_MIN,2017,17,2017-12-31,MIN,CHI,16.0,7.0,23,10,13.5,38.0,False,CHI,9,False,0.0,0
2017_17_CIN_BAL,2017,17,2017-12-31,BAL,CIN,10.0,17.0,27,31,8.0,40.0,True,BAL,7,True,8.0,0
2017_17_CLE_PIT,2017,17,2017-12-31,PIT,CLE,21.0,14.0,28,24,5.0,38.5,False,CLE,7,False,0.0,0
2017_17_GB_DET,2017,17,2017-12-31,DET,GB,20.0,3.0,35,11,7.5,45.0,False,GB,17,False,0.0,0
2017_17_HOU_IND,2017,17,2017-12-31,IND,HOU,7.0,13.0,22,13,5.5,42.0,True,IND,6,True,5.5,1
2017_17_JAX_TEN,2017,17,2017-12-31,TEN,JAX,12.0,3.0,15,10,2.5,40.0,False,JAX,9,False,0.0,0
2017_17_KC_DEN,2017,17,2017-12-31,DEN,KC,10.0,14.0,24,27,3.0,37.5,True,DEN,4,True,3.0,0
2017_17_NO_TB,2017,17,2017-12-31,TB,NO,13.0,14.0,31,24,-6.0,49.0,True,TB,1,False,0.0,1
2017_17_NYJ_NE,2017,17,2017-12-31,NE,NYJ,21.0,3.0,26,6,17.0,43.5,False,NYJ,18,False,0.0,0
2017_17_OAK_LAC,2017,17,2017-12-31,LAC,LV,20.0,10.0,30,10,7.0,43.0,False,LV,10,False,0.0,0
2017_17_SF_LA,2017,17,2017-12-31,LA,SF,3.0,20.0,13,34,-6.5,44.5,True,LA,17,False,0.0,0
2017_17_WAS_NYG,2017,17,2017-12-31,NYG,WAS,15.0,10.0,18,10,-5.0,41.0,False,WAS,5,True,5.0,0
2018_01_ATL_PHI,2018,1,2018-09-06,PHI,ATL,3.0,6.0,18,12,1.0,44.5,True,PHI,3,True,1.0,1
2018_01_BUF_BAL,2018,1,2018-09-09,BAL,BUF,26.0,0.0,47,3,7.5,39.0,False,BUF,26,False,0.0,0
2018_01_CHI_GB,2018,1,2018-09-09,GB,CHI,0.0,17.0,24,23,6.5,45.0,True,GB,17,True,6.5,1
2018_01_CIN_IND,2018,1,2018-09-09,IND,CIN,16.0,10.0,23,34,-1.0,47.5,False,CIN,6,True,1.0,1
2018_01_DAL_CAR,2018,1,2018-09-09,CAR,DAL,7.0,0.0,16,8,2.5,42.5,False,DAL,7,False,0.0,0
2018_01_HOU_NE,2018,1,2018-09-09,NE,HOU,14.0,6.0,27,20,6.0,49.5,False,HOU,8,False,0.0,0
2018_01_JAX_NYG,2018,1,2018-09-09,NYG,JAX,6.0,13.0,15,20,-2.5,43.0,True,NYG,7,False,0.0,0
2018_01_KC_LAC,2018,1,2018-09-09,LAC,KC,12.0,17.0,28,38,3.5,48.0,True,LAC,5,True,3.5,0
2018_01_LA_OAK,2018,1,2018-09-10,LV,LA,13.0,10.0,13,33,-6.0,47.5,False,LA,3,True,6.0,1
2018_01_NYJ_DET,2018,1,2018-09-10,DET,NYJ,10.0,17.0,17,48,7.0,44.0,True,DET,7,True,7.0,0
2018_01_PIT_CLE,2018,1,2018-09-09,CLE,PIT,0.0,7.0,21,21,-3.5,41.0,True,CLE,7,False,0.0,0
2018_01_SEA_DEN,2018,1,2018-09-09,DEN,SEA,17.0,10.0,27,24,3.0,42.5,False,SEA,7,False,0.0,0
2018_01_SF_MIN,2018,1,2018-09-09,MIN,SF,10.0,3.0,24,16,6.0,46.5,False,SF,7,False,0.0,0
2018_01_TB_NO,2018,1,2018-09-09,NO,TB,24.0,31.0,40,48,10.0,50.0,True,NO,7,True,10.0,0
2018_01_TEN_MIA,2018,1,2018-09-09,MIA,TEN,7.0,3.0,27,20,-1.0,43.5,False,TEN,4,True,1.0,0
2018_01_WAS_ARI,2018,1,2018-09-09,ARI,WAS,0.0,21.0,6,24,2.0,43.5,True,ARI,21,True,2.0,0
2018_02_ARI_LA,2018,2,2018-09-16,LA,ARI,19.0,0.0,34,0,13.5,43.5,False,ARI,19,False,0.0,0
2018_02_BAL_CIN,2018,2,2018-09-13,CIN,BAL,28.0,14.0,34,23,1.0,43.0,False,BAL,14,False,0.0,0
2018_02_CAR_ATL,2018,2,2018-09-16,ATL,CAR,17.0,10.0,31,24,5.5,44.0,False,CAR,7,False,0.0,0
2018_02_CLE_NO,2018,2,2018-09-16,NO,CLE,3.0,6.0,21,18,10.0,51.0,True,NO,3,True,10.0,1
2018_02_DET_SF,2018,2,2018-09-16,SF,DET,13.0,10.0,30,27,6.0,48.5,False,DET,3,False,0.0,0
2018_02_HOU_TEN,2018,2,2018-09-16,TEN,HOU,14.0,7.0,20,17,-3.5,41.0,False,HOU,7,True,3.5,0
2018_02_IND_WAS,2018,2,2018-09-16,WAS,IND,3.0,14.0,9,21,6.0,48.0,True,WAS,11,True,6.0,0
2018_02_LAC_BUF,2018,2,2018-09-16,BUF,LAC,6.0,28.0,20,31,-7.5,41.5,True,BUF,22,False,0.0,0
2018_02_MIA_NYJ,2018,2,2018-09-16,NYJ,MIA,0.0,20.0,12,20,3.0,43.0,True,NYJ,20,True,3.0,0
2018_02_MIN_GB,2018,2,2018-09-16,GB,MIN,17.0,7.0,29,29,-2.0,45.0,False,MIN,10,True,2.0,0
2018_02_NE_JAX,2018,2,2018-09-16,JAX,NE,21.0,3.0,31,20,-2.0,44.5,False,NE,18,True,2.0,0
2018_02_NYG_DAL,2018,2,2018-09-16,DAL,NYG,10.0,0.0,20,13,3.0,42.0,False,NYG,10,False,0.0,0
2018_02_OAK_DEN,2018,2,2018-09-16,DEN,LV,0.0,12.0,20,19,5.5,44.5,True,DEN,12,True,5.5,1
2018_02_PHI_TB,2018,2,2018-09-16,TB,PHI,20.0,7.0,27,21,-3.0,46.5,False,PHI,13,True,3.0,0
2018_02_SEA_CHI,2018,2,2018-09-17,CHI,SEA,10.0,3.0,24,17,5.0,42.5,False,SEA,7,False,0.0,0
2018_03_BUF_MIN,2018,3,2018-09-23,MIN,BUF,0.0,27.0,6,27,16.5,41.0,True,MIN,27,True,16.5,0
2018_03_CHI_ARI,2018,3,2018-09-23,ARI,CHI,14.0,3.0,14,16,-6.0,39.0,False,CHI,11,True,6.0,1
2018_03_CIN_CAR,2018,3,2018-09-23,CAR,CIN,21.0,14.0,31,21,2.5,44.0,False,CIN,7,False,0.0,0
2018_03_DAL_SEA,2018,3,2018-09-23,SEA,DAL,17.0,3.0,24,13,1.0,40.0,False,DAL,14,False,0.0,0
2018_03_DEN_BAL,2018,3,2018-09-23,BAL,DEN,20.0,14.0,27,14,5.5,46.0,False,DEN,6,False,0.0,0
2018_03_GB_WAS,2018,3,2018-09-23,WAS,GB,28.0,10.0,31,17,-2.5,46.5,False,GB,18,True,2.5,0
2018_03_IND_PHI,2018,3,2018-09-23,PHI,IND,10.0,7.0,20,16,6.5,45.5,False,IND,3,False,0.0,0
2018_03_LAC_LA,2018,3,2018-09-23,LA,LAC,21.0,13.0,35,23,7.5,49.0,False,LAC,8,False,0.0,0
2018_03_NE_DET,2018,3,2018-09-23,DET,NE,13.0,3.0,26,10,-7.0,55.5,False,NE,10,True,7.0,0
2018_03_NO_ATL,2018,3,2018-09-23,ATL,NO,14.0,16.0,37,43,1.5,54.0,True,ATL,2,True,1.5,0
2018_03_NYG_HOU,2018,3,2018-09-23,HOU,NYG,6.0,20.0,22,27,6.5,44.0,True,HOU,14,True,6.5,0
2018_03_NYJ_CLE,2018,3,2018-09-20,CLE,NYJ,3.0,14.0,21,17,3.0,41.0,True,CLE,11,True,3.0,1
2018_03_OAK_MIA,2018,3,2018-09-23,MIA,LV,7.0,10.0,28,20,3.0,46.0,True,MIA,3,True,3.0,1
2018_03_PIT_TB,2018,3,2018-09-24,TB,PIT,10.0,30.0,27,30,1.0,55.0,True,TB,20,True,1.0,0
2018_03_SF_KC,2018,3,2018-09-23,KC,SF,35.0,10.0,38,27,6.0,53.0,False,SF,25,False,0.0,0
2018_04_BUF_GB,2018,4,2018-09-30,GB,BUF,16.0,0.0,22,0,8.5,44.0,False,BUF,16,False,0.0,0
2018_04_CIN_ATL,2018,4,2018-09-30,ATL,CIN,24.0,28.0,36,37,3.5,52.0,True,ATL,4,True,3.5,0
2018_04_CLE_OAK,2018,4,2018-09-30,LV,CLE,14.0,17.0,45,42,2.5,44.5,True,LV,3,True,2.5,1
2018_04_DET_DAL,2018,4,2018-09-30,DAL,DET,13.0,10.0,26,24,2.5,44.0,False,DET,3,False,0.0,0
2018_04_HOU_IND,2018,4,2018-09-30,IND,HOU,10.0,21.0,34,37,-1.0,48.0,True,IND,11,False,0.0,0
2018_04_KC_DEN,2018,4,2018-10-01,DEN,KC,13.0,10.0,23,27,-3.5,53.5,False,KC,3,True,3.5,1
2018_04_MIA_NE,2018,4,2018-09-30,NE,MIA,24.0,0.0,38,7,6.5,50.5,False,MIA,24,False,0.0,0
2018_04_MIN_LA,2018,4,2018-09-27,LA,MIN,28.0,20.0,38,31,7.5,48.5,False,MIN,8,False,0.0,0
2018_04_NO_NYG,2018,4,2018-09-30,NYG,NO,7.0,12.0,18,33,-3.5,51.5,True,NYG,5,False,0.0,0
2018_04_NYJ_JAX,2018,4,2018-09-30,JAX,NYJ,16.0,0.0,31,12,7.5,40.5,False,NYJ,16,False,0.0,0
2018_04_PHI_TEN,2018,4,2018-09-30,TEN,PHI,3.0,10.0,26,23,-3.0,41.5,True,TEN,7,False,0.0,1
2018_04_SEA_ARI,2018,4,2018-09-30,ARI,SEA,10.0,7.0,17,20,-3.5,40.0,False,SEA,3,True,3.5,1
2018_04_TB_CHI,2018,4,2018-09-30,CHI,TB,38.0,3.0,48,10,3.0,46.0,False,TB,35,False,0.0,0
2018_05_ARI_SF,2018,5,2018-10-07,SF,ARI,6.0,14.0,18,28,3.0,40.5,True,SF,8,True,3.0,0
2018_05_ATL_PIT,2018,5,2018-10-07,PIT,ATL,13.0,10.0,41,17,3.5,57.0,False,ATL,3,False,0.0,0
2018_05_BAL_CLE,2018,5,2018-10-07,CLE,BAL,6.0,3.0,12,9,-3.0,44.5,False,BAL,3,True,3.0,0
2018_05_DAL_HOU,2018,5,2018-10-07,HOU,DAL,10.0,6.0,19,16,3.5,45.0,False,DAL,4,False,0.0,0
2018_05_DEN_NYJ,2018,5,2018-10-07,NYJ,DEN,21.0,10.0,34,16,-1.0,42.0,False,DEN,11,True,1.0,0
2018_05_GB_DET,2018,5,2018-10-07,DET,GB,24.0,0.0,31,23,1.0,50.0,False,GB,24,False,0.0,0
2018_05_IND_NE,2018,5,2018-10-04,NE,IND,24.0,3.0,38,24,10.5,49.5,False,IND,21,False,0.0,0
2018_05_JAX_KC,2018,5,2018-10-07,KC,JAX,20.0,0.0,30,14,3.0,48.0,False,JAX,20,False,0.0,0
2018_05_MIA_CIN,2018,5,2018-10-07,CIN,MIA,0.0,14.0,27,17,6.0,47.5,True,CIN,14,True,6.0,1
2018_05_MIN_PHI,2018,5,2018-10-07,PHI,MIN,3.0,17.0,21,23,3.5,48.0,True,PHI,14,True,3.5,0
2018_05_NYG_CAR,2018,5,2018-10-07,CAR,NYG,20.0,13.0,33,31,7.0,43.5,False,NYG,7,False,0.0,0
2018_05_OAK_LAC,2018,5,2018-10-07,LAC,LV,17.0,3.0,26,10,5.5,52.0,False,LV,14,False,0.0,0
2018_05_TEN_BUF,2018,5,2018-10-07,BUF,TEN,7.0,6.0,13,12,-6.0,38.0,False,TEN,1,True,6.0,0
2018_05_WAS_NO,2018,5,2018-10-08,NO,WAS,26.0,13.0,43,19,5.5,51.5,False,WAS,13,False,0.0,0
2018_06_ARI_MIN,2018,6,2018-10-14,MIN,ARI,13.0,10.0,27,17,10.0,43.5,False,ARI,3,False,0.0,0
2018_06_BAL_TEN,2018,6,2018-10-14,TEN,BAL,0.0,14.0,0,21,-2.5,43.5,True,TEN,14,False,0.0,0
2018_06_BUF_HOU,2018,6,2018-10-14,HOU,BUF,10.0,0.0,20,13,10.5,40.5,False,BUF,10,False,0.0,0
2018_06_CAR_WAS,2018,6,2018-10-14,WAS,CAR,17.0,6.0,23,17,-1.0,44.5,False,CAR,11,True,1.0,0
2018_06_CHI_MIA,2018,6,2018-10-14,MIA,CHI,7.0,0.0,31,28,-7.5,40.5,False,CHI,7,True,7.5,0
2018_06_IND_NYJ,2018,6,2018-10-14,NYJ,IND,23.0,13.0,42,34,2.5,47.5,False,IND,10,False,0.0,0
2018_06_JAX_DAL,2018,6,2018-10-14,DAL,JAX,17.0,0.0,40,7,-3.0,39.5,False,JAX,17,True,3.0,0
2018_06_KC_NE,2018,6,2018-10-14,NE,KC,24.0,9.0,43,40,4.0,59.5,False,KC,15,False,0.0,0
2018_06_LAC_CLE,2018,6,2018-10-14,CLE,LAC,6.0,21.0,14,38,1.0,47.0,True,CLE,15,True,1.0,0
2018_06_LA_DEN,2018,6,2018-10-14,DEN,LA,3.0,13.0,20,23,-7.0,50.0,True,DEN,10,False,0.0,0
2018_06_PHI_NYG,2018,6,2018-10-11,NYG,PHI,6.0,24.0,13,34,-1.5,45.5,True,NYG,18,False,0.0,0
2018_06_SEA_OAK,2018,6,2018-10-14,LV,SEA,0.0,17.0,3,27,-3.0,47.5,True,LV,17,False,0.0,0
2018_06_SF_GB,2018,6,2018-10-15,GB,SF,20.0,24.0,33,30,9.0,46.5,True,GB,4,True,9.0,1
2018_06_TB_ATL,2018,6,2018-10-14,ATL,TB,24.0,13.0,34,29,3.0,57.5,False,TB,11,False,0.0,0
2018_07_BUF_IND,2018,7,2018-10-21,IND,BUF,24.0,0.0,37,5,7.0,43.5,False,BUF,24,False,0.0,0
2018_07_CAR_PHI,2018,7,2018-10-21,PHI,CAR,10.0,0.0,17,21,5.0,45.0,False,CAR,10,False,0.0,1
2018_07_CIN_KC,2018,7,2018-10-21,KC,CIN,24.0,7.0,45,10,6.5,56.0,False,CIN,17,False,0.0,0
2018_07_CLE_TB,2018,7,2018-10-21,TB,CLE,16.0,2.0,26,23,3.5,52.5,False,CLE,14,False,0.0,0
2018_07_DEN_ARI,2018,7,2018-10-18,ARI,DEN,3.0,35.0,10,45,-1.0,42.5,True,ARI,32,False,0.0,0
2018_07_DET_MIA,2018,7,2018-10-21,MIA,DET,7.0,17.0,21,32,-3.0,47.0,True,MIA,10,False,0.0,0
2018_07_HOU_JAX,2018,7,2018-10-21,JAX,HOU,0.0,13.0,7,20,4.0,43.0,True,JAX,13,True,4.0,0
2018_07_LA_SF,2018,7,2018-10-21,SF,LA,7.0,22.0,10,39,-8.0,52.0,True,SF,15,False,0.0,0
2018_07_MIN_NYJ,2018,7,2018-10-21,NYJ,MIN,7.0,10.0,17,37,-3.5,45.0,True,NYJ,3,False,0.0,0
2018_07_NE_CHI,2018,7,2018-10-21,CHI,NE,17.0,21.0,31,38,-1.0,49.0,True,CHI,4,False,0.0,0
2018_07_NO_BAL,2018,7,2018-10-21,BAL,NO,10.0,7.0,23,24,2.5,49.0,False,NO,3,False,0.0,1
2018_07_NYG_ATL,2018,7,2018-10-22,ATL,NYG,10.0,3.0,23,20,4.5,52.0,False,NYG,7,False,0.0,0
2018_07_TEN_LAC,2018,7,2018-10-21,LAC,TEN,10.0,6.0,20,19,6.5,46.0,False,TEN,4,False,0.0,0
2018_08_BAL_CAR,2018,8,2018-10-28,CAR,BAL,24.0,7.0,36,21,-2.5,44.0,False,BAL,17,True,2.5,0
2018_08_CLE_PIT,2018,8,2018-10-28,PIT,CLE,14.0,6.0,33,18,8.5,47.5,False,CLE,8,False,0.0,0
2018_08_DEN_KC,2018,8,2018-10-28,KC,DEN,10.0,7.0,30,23,8.5,53.0,False,DEN,3,False,0.0,0
2018_08_GB_LA,2018,8,2018-10-28,LA,GB,8.0,10.0,29,27,7.5,57.0,True,LA,2,True,7.5,1
2018_08_IND_OAK,2018,8,2018-10-28,LV,IND,14.0,13.0,28,42,-3.5,51.0,False,IND,1,True,3.5,1
2018_08_MIA_HOU,2018,8,2018-10-25,HOU,MIA,14.0,10.0,42,23,7.5,45.0,False,MIA,4,False,0.0,0
2018_08_NE_BUF,2018,8,2018-10-29,BUF,NE,3.0,9.0,6,25,-13.5,44.0,True,BUF,6,False,0.0,0
2018_08_NO_MIN,2018,8,2018-10-28,MIN,NO,13.0,17.0,20,30,-2.5,53.5,True,MIN,4,False,0.0,0
2018_08_NYJ_CHI,2018,8,2018-10-28,CHI,NYJ,7.0,3.0,24,10,8.5,42.5,False,NYJ,4,False,0.0,0
2018_08_PHI_JAX,2018,8,2018-10-28,JAX,PHI,6.0,10.0,18,24,-4.0,44.5,True,JAX,4,False,0.0,0
2018_08_SEA_DET,2018,8,2018-10-28,DET,SEA,7.0,21.0,14,28,3.0,47.5,True,DET,14,True,3.0,0
2018_08_SF_ARI,2018,8,2018-10-28,ARI,SF,3.0,5.0,18,15,-2.5,40.0,True,ARI,2,False,0.0,1
2018_08_TB_CIN,2018,8,2018-10-28,CIN,TB,27.0,9.0,37,34,3.5,55.0,False,TB,18,False,0.0,0
2018_08_WAS_NYG,2018,8,2018-10-28,NYG,WAS,3.0,7.0,13,20,-1.0,43.0,True,NYG,4,False,0.0,0
2018_09_ATL_WAS,2018,9,2018-11-04,WAS,ATL,7.0,21.0,14,38,1.5,46.5,True,WAS,14,True,1.5,0
2018_09_CHI_BUF,2018,9,2018-11-04,BUF,CHI,0.0,28.0,9,41,-10.5,38.0,True,BUF,28,False,0.0,0
2018_09_DET_MIN,2018,9,2018-11-04,MIN,DET,17.0,6.0,24,9,4.5,47.0,False,DET,11,False,0.0,0
2018_09_GB_NE,2018,9,2018-11-04,NE,GB,17.0,10.0,31,17,5.0,56.0,False,GB,7,False,0.0,0
2018_09_HOU_DEN,2018,9,2018-11-04,DEN,HOU,10.0,16.0,17,19,1.0,46.5,True,DEN,6,True,1.0,0
2018_09_KC_CLE,2018,9,2018-11-04,CLE,KC,15.0,21.0,21,37,-7.5,51.0,True,CLE,6,False,0.0,0
2018_09_LAC_SEA,2018,9,2018-11-04,SEA,LAC,10.0,19.0,17,25,1.0,48.5,True,SEA,9,True,1.0,0
2018_09_LA_NO,2018,9,2018-11-04,NO,LA,35.0,17.0,45,35,-2.5,57.5,False,LA,18,True,2.5,0
2018_09_NYJ_MIA,2018,9,2018-11-04,MIA,NYJ,6.0,3.0,13,6,3.0,43.5,False,NYJ,3,False,0.0,0
2018_09_OAK_SF,2018,9,2018-11-01,SF,LV,17.0,3.0,34,3,-1.5,44.0,False,LV,14,True,1.5,0
2018_09_PIT_BAL,2018,9,2018-11-04,BAL,PIT,6.0,14.0,16,23,1.5,47.0,True,BAL,8,True,1.5,0
2018_09_TB_CAR,2018,9,2018-11-04,CAR,TB,35.0,14.0,42,28,6.0,55.5,False,TB,21,False,0.0,0
2018_10_ARI_KC,2018,10,2018-11-11,KC,ARI,20.0,7.0,26,14,16.5,49.5,False,ARI,13,False,0.0,0
2018_10_ATL_CLE,2018,10,2018-11-11,CLE,ATL,14.0,10.0,28,16,-5.5,49.5,False,ATL,4,True,5.5,0
2018_10_BUF_NYJ,2018,10,2018-11-11,NYJ,BUF,3.0,31.0,10,41,6.5,38.0,True,NYJ,28,True,6.5,0
2018_10_CAR_PIT,2018,10,2018-11-08,PIT,CAR,31.0,14.0,52,21,3.5,51.0,False,CAR,17,False,0.0,0
2018_10_DAL_PHI,2018,10,2018-11-11,PHI,DAL,3.0,13.0,20,27,7.5,45.5,True,PHI,10,True,7.5,0
2018_10_DET_CHI,2018,10,2018-11-11,CHI,DET,26.0,7.0,34,22,7.5,44.5,False,DET,19,False,0.0,0
2018_10_JAX_IND,2018,10,2018-11-11,IND,JAX,21.0,13.0,29,26,3.0,48.0,False,JAX,8,False,0.0,0
2018_10_LAC_OAK,2018,10,2018-11-11,LV,LAC,3.0,10.0,6,20,-10.5,50.0,True,LV,7,False,0.0,0
2018_10_MIA_GB,2018,10,2018-11-11,GB,MIA,14.0,9.0,31,12,13.0,48.5,False,MIA,5,False,0.0,0
2018_10_NE_TEN,2018,10,2018-11-11,TEN,NE,24.0,10.0,34,10,-6.0,47.0,False,NE,14,True,6.0,0
2018_10_NO_CIN,2018,10,2018-11-11,CIN,NO,7.0,35.0,14,51,-5.5,53.0,True,CIN,28,False,0.0,0
2018_10_NYG_SF,2018,10,2018-11-12,SF,NYG,13.0,10.0,23,27,3.0,45.0,False,NYG,3,False,0.0,1
2018_10_SEA_LA,2018,10,2018-11-11,LA,SEA,17.0,14.0,36,31,10.0,51.0,False,SEA,3,False,0.0,0
2018_10_WAS_TB,2018,10,2018-11-11,TB,WAS,3.0,6.0,3,16,3.5,51.0,True,TB,3,True,3.5,0
2018_11_CAR_DET,2018,11,2018-11-18,DET,CAR,10.0,7.0,20,19,-4.0,48.0,False,CAR,3,True,4.0,0
2018_11_CIN_BAL,2018,11,2018-11-18,BAL,CIN,13.0,7.0,24,21,6.5,44.0,False,CIN,6,False,0.0,0
2018_11_DAL_ATL,2018,11,2018-11-18,ATL,DAL,6.0,3.0,19,22,3.5,50.0,False,DAL,3,False,0.0,1
2018_11_DEN_LAC,2018,11,2018-11-18,LAC,DEN,13.0,7.0,22,23,7.5,47.0,False,DEN,6,False,0.0,1
2018_11_GB_SEA,2018,11,2018-11-15,SEA,GB,17.0,21.0,27,24,3.0,49.0,True,SEA,4,True,3.0,1
2018_11_HOU_WAS,2018,11,2018-11-18,WAS,HOU,7.0,17.0,21,23,-3.0,40.5,True,WAS,10,False,0.0,0
2018_11_MIN_CHI,2018,11,2018-11-18,CHI,MIN,14.0,0.0,25,20,2.5,44.0,False,MIN,14,False,0.0,0
2018_11_PHI_NO,2018,11,2018-11-18,NO,PHI,24.0,7.0,48,7,7.0,56.5,False,PHI,17,False,0.0,0
2018_11_PIT_JAX,2018,11,2018-11-18,JAX,PIT,9.0,0.0,16,20,-4.0,47.0,False,PIT,9,True,4.0,1
2018_11_TB_NYG,2018,11,2018-11-18,NYG,TB,14.0,7.0,38,35,3.0,54.5,False,TB,7,False,0.0,0
2018_11_TEN_IND,2018,11,2018-11-18,IND,TEN,24.0,3.0,38,10,2.0,50.0,False,TEN,21,False,0.0,0
2018_12_ARI_LAC,2018,12,2018-11-25,LAC,ARI,28.0,10.0,45,10,14.0,43.5,False,ARI,18,False,0.0,0
2018_12_ATL_NO,2018,12,2018-11-22,NO,ATL,17.0,3.0,31,17,11.5,61.0,False,ATL,14,False,0.0,0
2018_12_CHI_DET,2018,12,2018-11-22,DET,CHI,7.0,9.0,16,23,-3.0,43.0,True,DET,2,False,0.0,0
2018_12_CLE_CIN,2018,12,2018-11-25,CIN,CLE,7.0,28.0,20,35,-1.0,46.5,True,CIN,21,False,0.0,0
2018_12_NYG_PHI,2018,12,2018-11-25,PHI,NYG,11.0,19.0,25,22,4.5,49.0,True,PHI,8,True,4.5,1
2018_12_OAK_BAL,2018,12,2018-11-25,BAL,LV,13.0,10.0,34,17,13.0,42.0,False,LV,3,False,0.0,0
2018_12_SEA_CAR,2018,12,2018-11-25,CAR,SEA,13.0,10.0,27,30,3.0,46.5,False,SEA,3,False,0.0,1
2018_12_SF_TB,2018,12,2018-11-25,TB,SF,13.0,6.0,27,9,1.5,54.5,False,SF,7,False,0.0,0
2018_12_TEN_HOU,2018,12,2018-11-26,HOU,TEN,24.0,10.0,34,17,3.5,42.5,False,TEN,14,False,0.0,0
2018_12_WAS_DAL,2018,12,2018-11-22,DAL,WAS,10.0,7.0,31,23,7.0,40.0,False,WAS,3,False,0.0,0
2018_13_ARI_GB,2018,13,2018-12-02,GB,ARI,10.0,7.0,17,20,13.5,41.0,False,ARI,3,False,0.0,1
2018_13_BUF_MIA,2018,13,2018-12-02,MIA,BUF,14.0,6.0,21,17,3.5,40.0,False,BUF,8,False,0.0,0
2018_13_CAR_TB,2018,13,2018-12-02,TB,CAR,17.0,7.0,24,17,-3.5,52.0,False,CAR,10,True,3.5,0
2018_13_CHI_NYG,2018,13,2018-12-02,NYG,CHI,10.0,14.0,30,27,-3.5,44.0,True,NYG,4,False,0.0,1
2018_13_CLE_HOU,2018,13,2018-12-02,HOU,CLE,23.0,0.0,29,13,5.0,47.5,False,CLE,23,False,0.0,0
2018_13_DEN_CIN,2018,13,2018-12-02,CIN,DEN,3.0,7.0,10,24,-3.5,45.0,True,CIN,4,False,0.0,0
2018_13_IND_JAX,2018,13,2018-12-02,JAX,IND,3.0,0.0,6,0,-4.0,45.5,False,IND,3,True,4.0,0
2018_13_KC_OAK,2018,13,2018-12-02,LV,KC,7.0,19.0,33,40,-14.0,53.5,True,LV,12,False,0.0,0
2018_13_LAC_PIT,2018,13,2018-12-02,PIT,LAC,23.0,7.0,30,33,3.5,53.5,False,LAC,16,False,0.0,1
2018_13_LA_DET,2018,13,2018-12-02,DET,LA,3.0,13.0,16,30,-10.5,54.0,True,DET,10,False,0.0,0
2018_13_MIN_NE,2018,13,2018-12-02,NE,MIN,10.0,7.0,24,10,6.0,50.0,False,MIN,3,False,0.0,0
2018_13_NO_DAL,2018,13,2018-11-29,DAL,NO,13.0,0.0,13,10,-7.0,51.5,False,NO,13,True,7.0,0
2018_13_NYJ_TEN,2018,13,2018-12-02,TEN,NYJ,6.0,16.0,26,22,10.5,40.5,True,TEN,10,True,10.5,1
2018_13_SF_SEA,2018,13,2018-12-02,SEA,SF,20.0,3.0,43,16,10.0,45.5,False,SF,17,False,0.0,0
2018_13_WAS_PHI,2018,13,2018-12-03,PHI,WAS,14.0,13.0,28,13,5.5,45.0,False,WAS,1,False,0.0,0
2018_14_ATL_GB,2018,14,2018-12-09,GB,ATL,20.0,7.0,34,20,4.0,51.0,False,ATL,13,False,0.0,0
2018_14_BAL_KC,2018,14,2018-12-09,KC,BAL,17.0,10.0,27,24,6.5,49.0,False,BAL,7,False,0.0,0
2018_14_CIN_LAC,2018,14,2018-12-09,LAC,CIN,17.0,12.0,26,21,17.0,48.5,False,CIN,5,False,0.0,0
2018_14_DEN_SF,2018,14,2018-12-09,SF,DEN,20.0,0.0,20,14,-3.0,45.5,False,DEN,20,True,3.0,0
2018_14_DET_ARI,2018,14,2018-12-09,ARI,DET,0.0,3.0,3,17,-2.5,40.0,True,ARI,3,False,0.0,0
2018_14_IND_HOU,2018,14,2018-12-09,HOU,IND,7.0,17.0,21,24,4.0,49.5,True,HOU,10,True,4.0,0
2018_14_JAX_TEN,2018,14,2018-12-06,TEN,JAX,16.0,2.0,30,9,5.5,36.5,False,JAX,14,False,0.0,0
2018_14_MIN_SEA,2018,14,2018-12-10,SEA,MIN,3.0,0.0,21,7,3.0,45.5,False,MIN,3,False,0.0,0
2018_14_NE_MIA,2018,14,2018-12-09,MIA,NE,21.0,27.0,34,33,-8.5,49.5,True,MIA,6,False,0.0,1
2018_14_NO_TB,2018,14,2018-12-09,TB,NO,14.0,3.0,14,28,-8.5,55.0,False,NO,11,True,8.5,1
2018_14_NYG_WAS,2018,14,2018-12-09,WAS,NYG,0.0,34.0,16,40,-3.0,40.5,True,WAS,34,False,0.0,0
2018_14_NYJ_BUF,2018,14,2018-12-09,BUF,NYJ,17.0,13.0,23,27,4.5,37.0,False,NYJ,4,False,0.0,1
2018_14_PHI_DAL,2018,14,2018-12-09,DAL,PHI,6.0,0.0,29,23,3.5,46.0,False,PHI,6,False,0.0,0
2018_14_PIT_OAK,2018,14,2018-12-09,LV,PIT,10.0,14.0,24,21,-10.5,51.0,True,LV,4,False,0.0,1
2018_15_ARI_ATL,2018,15,2018-12-16,ATL,ARI,26.0,7.0,40,14,10.0,43.5,False,ARI,19,False,0.0,0
2018_15_DAL_IND,2018,15,2018-12-16,IND,DAL,10.0,0.0,23,0,3.0,47.0,False,DAL,10,False,0.0,0
2018_15_DET_BUF,2018,15,2018-12-16,BUF,DET,7.0,13.0,14,13,2.5,40.0,True,BUF,6,True,2.5,1
2018_15_GB_CHI,2018,15,2018-12-16,CHI,GB,14.0,3.0,24,17,6.0,46.5,False,GB,11,False,0.0,0
2018_15_HOU_NYJ,2018,15,2018-12-15,NYJ,HOU,9.0,16.0,22,29,-7.0,44.0,True,NYJ,7,False,0.0,0
2018_15_LAC_KC,2018,15,2018-12-13,KC,LAC,14.0,7.0,28,29,3.5,54.0,False,LAC,7,False,0.0,1
2018_15_MIA_MIN,2018,15,2018-12-16,MIN,MIA,21.0,10.0,41,17,7.5,45.0,False,MIA,11,False,0.0,0
2018_15_NE_PIT,2018,15,2018-12-16,PIT,NE,14.0,7.0,17,10,-2.5,55.0,False,NE,7,True,2.5,0
2018_15_NO_CAR,2018,15,2018-12-17,CAR,NO,7.0,6.0,9,12,-6.0,50.5,False,NO,1,True,6.0,1
2018_15_OAK_CIN,2018,15,2018-12-16,CIN,LV,20.0,7.0,30,16,3.0,46.0,False,LV,13,False,0.0,0
2018_15_SEA_SF,2018,15,2018-12-16,SF,SEA,17.0,13.0,26,23,-3.5,44.0,False,SEA,4,True,3.5,0
2018_15_TB_BAL,2018,15,2018-12-16,BAL,TB,10.0,9.0,20,12,8.5,44.5,False,TB,1,False,0.0,0
2018_15_TEN_NYG,2018,15,2018-12-16,NYG,TEN,0.0,7.0,0,17,-2.5,42.0,True,NYG,7,False,0.0,0
2018_15_WAS_JAX,2018,15,2018-12-16,JAX,WAS,10.0,3.0,13,16,7.5,36.0,False,WAS,7,False,0.0,1
2018_16_BAL_LAC,2018,16,2018-12-22,LAC,BAL,3.0,6.0,10,22,4.0,42.5,True,LAC,3,True,4.0,0
2018_16_BUF_NE,2018,16,2018-12-23,NE,BUF,14.0,0.0,24,12,14.0,46.0,False,BUF,14,False,0.0,0
2018_16_CHI_SF,2018,16,2018-12-23,SF,CHI,9.0,7.0,9,14,-3.5,44.0,False,CHI,2,True,3.5,1
2018_16_CIN_CLE,2018,16,2018-12-23,CLE,CIN,16.0,0.0,26,18,10.0,44.0,False,CIN,16,False,0.0,0
2018_16_DEN_OAK,2018,16,2018-12-24,LV,DEN,17.0,0.0,27,14,-2.5,42.5,False,DEN,17,True,2.5,0
2018_16_GB_NYJ,2018,16,2018-12-23,NYJ,GB,21.0,17.0,38,44,-3.0,47.5,False,GB,4,True,3.0,1
2018_16_HOU_PHI,2018,16,2018-12-23,PHI,HOU,13.0,16.0,32,30,1.0,47.0,True,PHI,3,True,1.0,1
2018_16_KC_SEA,2018,16,2018-12-23,SEA,KC,14.0,10.0,38,31,-1.0,54.0,False,KC,4,True,1.0,0
2018_16_LA_ARI,2018,16,2018-12-23,ARI,LA,9.0,21.0,9,31,-14.5,43.0,True,ARI,12,False,0.0,0
2018_16_MIN_DET,2018,16,2018-12-23,DET,MIN,9.0,14.0,9,27,-6.5,41.5,True,DET,5,False,0.0,0
2018_16_NYG_IND,2018,16,2018-12-23,IND,NYG,7.0,17.0,28,27,10.0,48.5,True,IND,10,True,10.0,1
2018_16_PIT_NO,2018,16,2018-12-23,NO,PIT,17.0,14.0,31,28,6.5,53.0,False,PIT,3,False,0.0,0
2018_16_TB_DAL,2018,16,2018-12-23,DAL,TB,17.0,13.0,27,20,7.0,48.0,False,TB,4,False,0.0,0
2018_16_WAS_TEN,2018,16,2018-12-22,TEN,WAS,9.0,10.0,25,16,12.5,38.0,True,TEN,1,True,12.5,1
2018_17_ARI_SEA,2018,17,2018-12-30,SEA,ARI,14.0,13.0,27,24,15.5,39.5,False,ARI,1,False,0.0,0
2018_17_ATL_TB,2018,17,2018-12-30,TB,ATL,17.0,7.0,32,34,-2.5,52.0,False,ATL,10,True,2.5,1
2018_17_CAR_NO,2018,17,2018-12-30,NO,CAR,0.0,23.0,14,33,8.0,42.0,True,NO,23,True,8.0,0
2018_17_CHI_MIN,2018,17,2018-12-30,MIN,CHI,3.0,13.0,10,24,6.0,39.5,True,MIN,10,True,6.0,0
2018_17_CIN_PIT,2018,17,2018-12-30,PIT,CIN,3.0,10.0,16,13,14.0,45.5,True,PIT,7,True,14.0,1
2018_17_CLE_BAL,2018,17,2018-12-30,BAL,CLE,20.0,7.0,26,24,7.0,41.0,False,CLE,13,False,0.0,0
2018_17_DAL_NYG,2018,17,2018-12-30,NYG,DAL,7.0,14.0,35,36,7.5,38.5,True,NYG,7,True,7.5,0
2018_17_DET_GB,2018,17,2018-12-30,GB,DET,0.0,21.0,0,31,7.5,44.5,True,GB,21,True,7.5,0
2018_17_IND_TEN,2018,17,2018-12-30,TEN,IND,10.0,17.0,17,33,-5.0,42.5,True,TEN,7,False,0.0,0
2018_17_JAX_HOU,2018,17,2018-12-30,HOU,JAX,17.0,3.0,20,3,7.0,39.5,False,JAX,14,False,0.0,0
2018_17_LAC_DEN,2018,17,2018-12-30,DEN,LAC,3.0,7.0,9,23,-7.0,43.5,True,DEN,4,False,0.0,0
2018_17_NYJ_NE,2018,17,2018-12-30,NE,NYJ,21.0,3.0,38,3,14.0,47.0,False,NYJ,18,False,0.0,0
2018_17_OAK_KC,2018,17,2018-12-30,KC,LV,21.0,3.0,35,3,14.5,54.0,False,LV,18,False,0.0,0
2018_17_PHI_WAS,2018,17,2018-12-30,WAS,PHI,0.0,10.0,0,24,-6.0,43.0,True,WAS,10,False,0.0,0
2018_17_SF_LA,2018,17,2018-12-30,LA,SF,31.0,10.0,48,32,10.5,50.5,False,SF,21,False,0.0,0
2019_01_ATL_MIN,2019,1,2019-09-08,MIN,ATL,21.0,0.0,28,12,3.5,47.0,False,ATL,21,False,0.0,0
2019_01_BAL_MIA,2019,1,2019-09-08,MIA,BAL,10.0,42.0,10,59,-7.0,41.0,True,MIA,32,False,0.0,0
2019_01_BUF_NYJ,2019,1,2019-09-08,NYJ,BUF,6.0,0.0,16,17,2.5,41.0,False,BUF,6,False,0.0,1
2019_01_CIN_SEA,2019,1,2019-09-08,SEA,CIN,14.0,17.0,21,20,9.5,44.0,True,SEA,3,True,9.5,1
2019_01_DEN_OAK,2019,1,2019-09-09,LV,DEN,14.0,0.0,24,16,-3.0,42.5,False,DEN,14,True,3.0,0
2019_01_DET_ARI,2019,1,2019-09-08,ARI,DET,3.0,17.0,27,27,-2.5,45.5,True,ARI,14,False,0.0,0
2019_01_GB_CHI,2019,1,2019-09-05,CHI,GB,3.0,7.0,3,10,3.5,47.0,True,CHI,4,True,3.5,0
2019_01_HOU_NO,2019,1,2019-09-09,NO,HOU,3.0,14.0,30,28,6.5,52.0,True,NO,11,True,6.5,1
2019_01_IND_LAC,2019,1,2019-09-08,LAC,IND,17.0,6.0,30,24,6.0,44.5,False,IND,11,False,0.0,0
2019_01_KC_JAX,2019,1,2019-09-08,JAX,KC,13.0,23.0,26,40,-3.5,49.0,True,JAX,10,False,0.0,0
2019_01_LA_CAR,2019,1,2019-09-08,CAR,LA,3.0,13.0,27,30,-1.5,49.5,True,CAR,10,False,0.0,0
2019_01_NYG_DAL,2019,1,2019-09-08,DAL,NYG,21.0,7.0,35,17,7.0,44.0,False,NYG,14,False,0.0,0
2019_01_PIT_NE,2019,1,2019-09-08,NE,PIT,20.0,0.0,33,3,5.5,49.0,False,PIT,20,False,0.0,0
2019_01_SF_TB,2019,1,2019-09-08,TB,SF,7.0,6.0,17,31,1.0,51.0,False,SF,1,False,0.0,1
2019_01_TEN_CLE,2019,1,2019-09-08,CLE,TEN,6.0,12.0,13,43,5.5,44.0,True,CLE,6,True,5.5,0
2019_01_WAS_PHI,2019,1,2019-09-08,PHI,WAS,7.0,20.0,32,27,10.5,44.0,True,PHI,13,True,10.5,1
2019_02_ARI_BAL,2019,2,2019-09-15,BAL,ARI,17.0,6.0,23,17,13.0,46.0,False,ARI,11,False,0.0,0
2019_02_BUF_NYG,2019,2,2019-09-15,NYG,BUF,7.0,21.0,14,28,-1.0,44.5,True,NYG,14,False,0.0,0
2019_02_CHI_DEN,2019,2,2019-09-15,DEN,CHI,3.0,6.0,14,16,-3.0,41.0,True,DEN,3,False,0.0,0
2019_02_CLE_NYJ,2019,2,2019-09-16,NYJ,CLE,3.0,13.0,3,23,-6.5,45.5,True,NYJ,10,False,0.0,0
2019_02_DAL_WAS,2019,2,2019-09-15,WAS,DAL,7.0,14.0,21,31,-6.0,46.5,True,WAS,7,False,0.0,0
2019_02_IND_TEN,2019,2,2019-09-15,TEN,IND,7.0,13.0,17,19,3.0,43.5,True,TEN,6,True,3.0,0
2019_02_JAX_HOU,2019,2,2019-09-15,HOU,JAX,6.0,3.0,13,12,7.5,43.0,False,JAX,3,False,0.0,0
2019_02_KC_OAK,2019,2,2019-09-15,LV,KC,10.0,28.0,10,28,-7.0,53.5,True,LV,18,False,0.0,0
2019_02_LAC_DET,2019,2,2019-09-15,DET,LAC,6.0,10.0,13,10,-1.0,47.0,True,DET,4,False,0.0,1
2019_02_MIN_GB,2019,2,2019-09-15,GB,MIN,21.0,10.0,21,16,3.0,43.0,False,MIN,11,False,0.0,0
2019_02_NE_MIA,2019,2,2019-09-15,MIA,NE,0.0,13.0,0,43,-18.0,48.5,True,MIA,13,False,0.0,0
2019_02_NO_LA,2019,2,2019-09-15,LA,NO,6.0,3.0,27,9,2.0,52.5,False,NO,3,False,0.0,0
2019_02_PHI_ATL,2019,2,2019-09-15,ATL,PHI,10.0,6.0,24,20,-1.0,53.0,False,PHI,4,True,1.0,0
2019_02_SEA_PIT,2019,2,2019-09-15,PIT,SEA,10.0,7.0,26,28,4.0,47.0,False,SEA,3,False,0.0,1
2019_02_SF_CIN,2019,2,2019-09-15,CIN,SF,10.0,24.0,17,41,1.0,46.0,True,CIN,14,True,1.0,0
2019_02_TB_CAR,2019,2,2019-09-12,CAR,TB,9.0,10.0,14,20,6.5,48.0,True,CAR,1,True,6.5,0
2019_03_ATL_IND,2019,3,2019-09-22,IND,ATL,20.0,3.0,27,24,1.0,48.0,False,ATL,17,False,0.0,0
2019_03_BAL_KC,2019,3,2019-09-22,KC,BAL,23.0,6.0,33,28,4.5,52.0,False,BAL,17,False,0.0,0
2019_03_CAR_ARI,2019,3,2019-09-22,ARI,CAR,10.0,14.0,20,38,2.5,46.0,True,ARI,4,True,2.5,0
2019_03_CHI_WAS,2019,3,2019-09-23,WAS,CHI,3.0,28.0,15,31,-5.0,41.0,True,WAS,25,False,0.0,0
2019_03_CIN_BUF,2019,3,2019-09-22,BUF,CIN,14.0,0.0,21,17,5.5,43.5,False,CIN,14,False,0.0,0
2019_03_DEN_GB,2019,3,2019-09-22,GB,DEN,17.0,10.0,27,16,7.0,42.0,False,DEN,7,False,0.0,0
2019_03_DET_PHI,2019,3,2019-09-22,PHI,DET,10.0,20.0,24,27,4.0,45.0,True,PHI,10,True,4.0,0
2019_03_HOU_LAC,2019,3,2019-09-22,LAC,HOU,17.0,7.0,20,27,3.0,49.0,False,HOU,10,False,0.0,1
2019_03_LA_CLE,2019,3,2019-09-22,CLE,LA,6.0,3.0,13,20,-4.0,48.0,False,LA,3,True,4.0,1
2019_03_MIA_DAL,2019,3,2019-09-22,DAL,MIA,10.0,6.0,31,6,22.0,46.5,False,MIA,4,False,0.0,0
2019_03_NO_SEA,2019,3,2019-09-22,SEA,NO,7.0,20.0,27,33,5.0,44.0,True,SEA,13,True,5.0,0
2019_03_NYG_TB,2019,3,2019-09-22,TB,NYG,28.0,10.0,31,32,5.0,48.0,False,NYG,18,False,0.0,1
2019_03_NYJ_NE,2019,3,2019-09-22,NE,NYJ,20.0,0.0,30,14,20.5,43.0,False,NYJ,20,False,0.0,0
2019_03_OAK_MIN,2019,3,2019-09-22,MIN,LV,21.0,7.0,34,14,8.5,43.0,False,LV,14,False,0.0,0
2019_03_PIT_SF,2019,3,2019-09-22,SF,PIT,3.0,6.0,24,20,6.0,44.5,True,SF,3,True,6.0,1
2019_03_TEN_JAX,2019,3,2019-09-19,JAX,TEN,14.0,0.0,20,7,-1.5,38.0,False,TEN,14,True,1.5,0
2019_04_CAR_HOU,2019,4,2019-09-29,HOU,CAR,3.0,10.0,10,16,5.5,47.5,True,HOU,7,True,5.5,0
2019_04_CIN_PIT,2019,4,2019-09-30,PIT,CIN,10.0,3.0,27,3,3.5,45.5,False,CIN,7,False,0.0,0
2019_04_CLE_BAL,2019,4,2019-09-29,BAL,CLE,7.0,10.0,25,40,7.5,47.0,True,BAL,3,True,7.5,0
2019_04_DAL_NO,2019,4,2019-09-29,NO,DAL,9.0,3.0,12,10,-2.5,47.0,False,DAL,6,True,2.5,0
2019_04_JAX_DEN,2019,4,2019-09-29,DEN,JAX,17.0,6.0,24,26,2.5,37.0,False,JAX,11,False,0.0,1
2019_04_LAC_MIA,2019,4,2019-09-29,MIA,LAC,10.0,17.0,10,30,-15.0,43.5,True,MIA,7,False,0.0,0
2019_04_MIN_CHI,2019,4,2019-09-29,CHI,MIN,10.0,0.0,16,6,-1.0,38.0,False,MIN,10,True,1.0,0
2019_04_NE_BUF,2019,4,2019-09-29,BUF,NE,3.0,13.0,10,16,-7.0,41.5,True,BUF,10,False,0.0,0
2019_04_OAK_IND,2019,4,2019-09-29,IND,LV,10.0,21.0,24,31,5.5,46.0,True,IND,11,True,5.5,0
2019_04_PHI_GB,2019,4,2019-09-26,GB,PHI,20.0,21.0,27,34,3.5,46.0,True,GB,1,True,3.5,0
2019_04_SEA_ARI,2019,4,2019-09-29,ARI,SEA,3.0,20.0,10,27,-5.5,49.0,True,ARI,17,False,0.0,0
2019_04_TB_LA,2019,4,2019-09-29,LA,TB,17.0,28.0,40,55,9.0,48.5,True,LA,11,True,9.0,0
2019_04_TEN_ATL,2019,4,2019-09-29,ATL,TEN,7.0,24.0,10,24,3.5,46.0,True,ATL,17,True,3.5,0
2019_04_WAS_NYG,2019,4,2019-09-29,NYG,WAS,17.0,3.0,24,3,3.0,48.0,False,WAS,14,False,0.0,0
2019_05_ARI_CIN,2019,5,2019-10-06,CIN,ARI,6.0,13.0,23,26,3.0,45.0,True,CIN,7,True,3.0,0
2019_05_ATL_HOU,2019,5,2019-10-06,HOU,ATL,16.0,17.0,53,32,4.0,49.0,True,HOU,1,True,4.0,1
2019_05_BAL_PIT,2019,5,2019-10-06,PIT,BAL,13.0,17.0,23,26,-3.5,44.0,True,PIT,4,False,0.0,0
2019_05_BUF_TEN,2019,5,2019-10-06,TEN,BUF,0.0,7.0,7,14,3.5,39.5,True,TEN,7,True,3.5,0
2019_05_CHI_OAK,2019,5,2019-10-06,LV,CHI,17.0,0.0,24,21,-6.5,39.5,False,CHI,17,True,6.5,0
2019_05_CLE_SF,2019,5,2019-10-07,SF,CLE,21.0,3.0,31,3,5.0,47.5,False,CLE,18,False,0.0,0
2019_05_DEN_LAC,2019,5,2019-10-06,LAC,DEN,0.0,17.0,13,20,4.0,46.0,True,LAC,17,True,4.0,0
2019_05_GB_DAL,2019,5,2019-10-06,DAL,GB,0.0,17.0,24,34,3.5,46.5,True,DAL,17,True,3.5,0
2019_05_IND_KC,2019,5,2019-10-06,KC,IND,10.0,13.0,13,19,10.5,55.5,True,KC,3,True,10.5,0
2019_05_JAX_CAR,2019,5,2019-10-06,CAR,JAX,21.0,17.0,34,27,3.0,41.0,False,JAX,4,False,0.0,0
2019_05_LA_SEA,2019,5,2019-10-03,SEA,LA,14.0,13.0,30,29,1.5,49.0,False,LA,1,False,0.0,0
2019_05_MIN_NYG,2019,5,2019-10-06,NYG,MIN,7.0,18.0,10,28,-5.5,44.0,True,NYG,11,False,0.0,0
2019_05_NE_WAS,2019,5,2019-10-06,WAS,NE,7.0,12.0,7,33,-15.5,42.0,True,WAS,5,False,0.0,0
2019_05_NYJ_PHI,2019,5,2019-10-06,PHI,NYJ,21.0,0.0,31,6,14.0,43.0,False,NYJ,21,False,0.0,0
2019_05_TB_NO,2019,5,2019-10-06,NO,TB,17.0,10.0,31,24,3.0,46.0,False,TB,7,False,0.0,0
2019_06_ATL_ARI,2019,6,2019-10-13,ARI,ATL,20.0,10.0,34,33,-3.0,52.5,False,ATL,10,True,3.0,0
2019_06_CAR_TB,2019,6,2019-10-13,TB,CAR,7.0,17.0,26,37,-2.0,48.5,True,TB,10,False,0.0,0
2019_06_CIN_BAL,2019,6,2019-10-13,BAL,CIN,17.0,10.0,23,17,10.5,47.0,False,CIN,7,False,0.0,0
2019_06_DAL_NYJ,2019,6,2019-10-13,NYJ,DAL,21.0,6.0,24,22,-7.0,43.5,False,DAL,15,True,7.0,0
2019_06_DET_GB,2019,6,2019-10-14,GB,DET,10.0,13.0,23,22,3.5,47.0,True,GB,3,True,3.5,1
2019_06_HOU_KC,2019,6,2019-10-13,KC,HOU,17.0,23.0,24,31,3.5,54.5,True,KC,6,True,3.5,0
2019_06_NYG_NE,2019,6,2019-10-10,NE,NYG,21.0,14.0,35,14,16.5,43.0,False,NYG,7,False,0.0,0
2019_06_PHI_MIN,2019,6,2019-10-13,MIN,PHI,24.0,10.0,38,20,3.5,44.0,False,PHI,14,False,0.0,0
2019_06_PIT_LAC,2019,6,2019-10-13,LAC,PIT,0.0,21.0,17,24,6.0,42.5,True,LAC,21,True,6.0,0
2019_06_SEA_CLE,2019,6,2019-10-13,CLE,SEA,20.0,18.0,28,32,1.0,45.5,False,SEA,2,False,0.0,1
2019_06_TEN_DEN,2019,6,2019-10-13,DEN,TEN,6.0,0.0,16,0,1.0,41.0,False,TEN,6,False,0.0,0
2019_06_WAS_MIA,2019,6,2019-10-13,MIA,WAS,3.0,7.0,16,17,-6.0,42.0,True,MIA,4,False,0.0,0
2019_07_ARI_NYG,2019,7,2019-10-20,NYG,ARI,14.0,17.0,21,27,3.5,49.5,True,NYG,3,True,3.5,0
2019_07_HOU_IND,2019,7,2019-10-20,IND,HOU,14.0,9.0,30,23,1.5,46.5,False,HOU,5,False,0.0,0
2019_07_JAX_CIN,2019,7,2019-10-20,CIN,JAX,7.0,6.0,17,27,-4.0,44.5,False,JAX,1,True,4.0,1
2019_07_KC_DEN,2019,7,2019-10-17,DEN,KC,6.0,20.0,6,30,-3.0,49.5,True,DEN,14,False,0.0,0
2019_07_LA_ATL,2019,7,2019-10-20,ATL,LA,3.0,13.0,10,37,-3.0,54.5,True,ATL,10,False,0.0,0
2019_07_MIA_BUF,2019,7,2019-10-20,BUF,MIA,9.0,14.0,31,21,17.0,42.5,True,BUF,5,True,17.0,1
2019_07_NE_NYJ,2019,7,2019-10-21,NYJ,NE,0.0,24.0,0,33,-9.5,43.0,True,NYJ,24,False,0.0,0
2019_07_NO_CHI,2019,7,2019-10-20,CHI,NO,10.0,12.0,25,36,4.0,37.0,True,CHI,2,True,4.0,0
2019_07_OAK_GB,2019,7,2019-10-20,GB,LV,21.0,10.0,42,24,5.5,48.0,False,LV,11,False,0.0,0
2019_07_PHI_DAL,2019,7,2019-10-20,DAL,PHI,27.0,7.0,37,10,3.0,50.0,False,PHI,20,False,0.0,0
2019_08_ARI_NO,2019,8,2019-10-27,NO,ARI,10.0,6.0,31,9,12.5,47.5,False,ARI,4,False,0.0,0
2019_08_CAR_SF,2019,8,2019-10-27,SF,CAR,27.0,3.0,51,13,4.5,41.0,False,CAR,24,False,0.0,0
2019_08_CIN_LA,2019,8,2019-10-27,LA,CIN,17.0,10.0,24,10,12.0,48.5,False,CIN,7,False,0.0,0
2019_08_CLE_NE,2019,8,2019-10-27,NE,CLE,17.0,7.0,27,13,9.5,43.0,False,CLE,10,False,0.0,0
2019_08_DEN_IND,2019,8,2019-10-27,IND,DEN,3.0,6.0,15,13,6.0,41.0,True,IND,3,True,6.0,1
2019_08_GB_KC,2019,8,2019-10-27,KC,GB,17.0,14.0,24,31,-5.0,48.0,False,GB,3,True,5.0,1
2019_08_LAC_CHI,2019,8,2019-10-27,CHI,LAC,9.0,7.0,16,17,3.5,41.0,False,LAC,2,False,0.0,1
2019_08_MIA_PIT,2019,8,2019-10-28,PIT,MIA,10.0,14.0,27,14,14.0,44.0,True,PIT,4,True,14.0,1
2019_08_NYG_DET,2019,8,2019-10-27,DET,NYG,17.0,13.0,31,26,6.5,49.0,False,NYG,4,False,0.0,0
2019_08_NYJ_JAX,2019,8,2019-10-27,JAX,NYJ,19.0,7.0,29,15,7.0,39.5,False,NYJ,12,False,0.0,0
2019_08_OAK_HOU,2019,8,2019-10-27,HOU,LV,10.0,14.0,27,24,5.0,52.0,True,HOU,4,True,5.0,1
2019_08_PHI_BUF,2019,8,2019-10-27,BUF,PHI,7.0,11.0,13,31,1.0,39.5,True,BUF,4,True,1.0,0
2019_08_SEA_ATL,2019,8,2019-10-27,ATL,SEA,0.0,24.0,20,27,-7.5,48.5,True,ATL,24,False,0.0,0
2019_08_TB_TEN,2019,8,2019-10-27,TEN,TB,17.0,15.0,27,23,2.0,45.5,False,TB,2,False,0.0,0
2019_08_WAS_MIN,2019,8,2019-10-24,MIN,WAS,13.0,6.0,19,9,16.5,42.0,False,WAS,7,False,0.0,0
2019_09_CHI_PHI,2019,9,2019-11-03,PHI,CHI,12.0,0.0,22,14,5.0,41.0,False,CHI,12,False,0.0,0
2019_09_CLE_DEN,2019,9,2019-11-03,DEN,CLE,17.0,12.0,24,19,-4.0,39.0,False,CLE,5,True,4.0,0
2019_09_DAL_NYG,2019,9,2019-11-04,NYG,DAL,12.0,13.0,18,37,-6.5,48.5,True,NYG,1,False,0.0,0
2019_09_DET_OAK,2019,9,2019-11-03,LV,DET,17.0,14.0,31,24,2.5,51.5,False,DET,3,False,0.0,0
2019_09_GB_LAC,2019,9,2019-11-03,LAC,GB,9.0,0.0,26,11,-4.0,50.0,False,GB,9,True,4.0,0
2019_09_HOU_JAX,2019,9,2019-11-03,JAX,HOU,3.0,9.0,3,26,1.0,46.0,True,JAX,6,True,1.0,0
2019_09_IND_PIT,2019,9,2019-11-03,PIT,IND,13.0,16.0,26,24,1.0,39.5,True,PIT,3,True,1.0,1
2019_09_NE_BAL,2019,9,2019-11-03,BAL,NE,17.0,13.0,37,20,-3.0,44.5,False,NE,4,True,3.0,0
2019_09_NYJ_MIA,2019,9,2019-11-03,MIA,NYJ,21.0,12.0,26,18,-3.5,42.5,False,NYJ,9,True,3.5,0
2019_09_SF_ARI,2019,9,2019-10-31,ARI,SF,7.0,21.0,25,28,-10.5,43.5,True,ARI,14,False,0.0,0
2019_09_TB_SEA,2019,9,2019-11-03,SEA,TB,13.0,21.0,40,34,4.0,51.0,True,SEA,8,True,4.0,1
2019_09_TEN_CAR,2019,9,2019-11-03,CAR,TEN,17.0,0.0,30,20,3.5,43.0,False,TEN,17,False,0.0,0
2019_09_WAS_BUF,2019,9,2019-11-03,BUF,WAS,17.0,6.0,24,9,10.5,37.0,False,WAS,11,False,0.0,0
2019_10_ARI_TB,2019,10,2019-11-10,TB,ARI,17.0,13.0,30,27,5.5,51.0,False,ARI,4,False,0.0,0
2019_10_ATL_NO,2019,10,2019-11-10,NO,ATL,6.0,13.0,9,26,14.0,51.5,True,NO,7,True,14.0,0
2019_10_BAL_CIN,2019,10,2019-11-10,CIN,BAL,10.0,28.0,13,49,-10.5,44.0,True,CIN,18,False,0.0,0
2019_10_BUF_CLE,2019,10,2019-11-10,CLE,BUF,9.0,7.0,19,16,3.0,42.0,False,BUF,2,False,0.0,0
2019_10_CAR_GB,2019,10,2019-11-10,GB,CAR,14.0,10.0,24,16,5.0,49.0,False,CAR,4,False,0.0,0
2019_10_DET_CHI,2019,10,2019-11-10,CHI,DET,7.0,6.0,20,13,6.0,38.0,False,DET,1,False,0.0,0
2019_10_LAC_OAK,2019,10,2019-11-07,LV,LAC,17.0,14.0,26,24,-1.0,49.0,False,LAC,3,True,1.0,0
2019_10_LA_PIT,2019,10,2019-11-10,PIT,LA,14.0,7.0,17,12,-4.0,43.0,False,LA,7,True,4.0,0
2019_10_MIA_IND,2019,10,2019-11-10,IND,MIA,0.0,10.0,12,16,11.0,44.5,True,IND,10,True,11.0,0
2019_10_MIN_DAL,2019,10,2019-11-10,DAL,MIN,14.0,17.0,24,28,3.5,48.5,True,DAL,3,True,3.5,0
2019_10_NYG_NYJ,2019,10,2019-11-10,NYJ,NYG,14.0,13.0,34,27,-3.0,43.0,False,NYG,1,True,3.0,0
2019_10_SEA_SF,2019,10,2019-11-11,SF,SEA,10.0,7.0,24,27,6.5,47.0,False,SEA,3,False,0.0,1
2019_11_ARI_SF,2019,11,2019-11-17,SF,ARI,10.0,16.0,36,26,10.0,44.0,True,SF,6,True,10.0,1
2019_11_ATL_CAR,2019,11,2019-11-17,CAR,ATL,0.0,20.0,3,29,3.5,49.0,True,CAR,20,True,3.5,0
2019_11_BUF_MIA,2019,11,2019-11-17,MIA,BUF,14.0,23.0,20,37,-7.0,41.5,True,MIA,9,False,0.0,0
2019_11_CHI_LA,2019,11,2019-11-17,LA,CHI,10.0,0.0,17,7,5.0,40.0,False,CHI,10,False,0.0,0
2019_11_CIN_OAK,2019,11,2019-11-17,LV,CIN,14.0,7.0,17,10,13.0,48.0,False,CIN,7,False,0.0,0
2019_11_DAL_DET,2019,11,2019-11-17,DET,DAL,14.0,24.0,27,35,-7.5,46.5,True,DET,10,False,0.0,0
2019_11_DEN_MIN,2019,11,2019-11-17,MIN,DEN,0.0,20.0,27,23,10.0,40.5,True,MIN,20,True,10.0,1
2019_11_HOU_BAL,2019,11,2019-11-17,BAL,HOU,14.0,0.0,41,7,4.0,51.0,False,HOU,14,False,0.0,0
2019_11_JAX_IND,2019,11,2019-11-17,IND,JAX,10.0,7.0,33,13,2.5,41.5,False,JAX,3,False,0.0,0
2019_11_KC_LAC,2019,11,2019-11-18,LAC,KC,9.0,10.0,17,24,-5.5,52.5,True,LAC,1,False,0.0,0
2019_11_NE_PHI,2019,11,2019-11-17,PHI,NE,10.0,9.0,10,17,-4.5,45.0,False,NE,1,True,4.5,1
2019_11_NO_TB,2019,11,2019-11-17,TB,NO,7.0,20.0,17,34,-5.0,50.5,True,TB,13,False,0.0,0
2019_11_NYJ_WAS,2019,11,2019-11-17,WAS,NYJ,3.0,20.0,17,34,1.0,37.5,True,WAS,17,True,1.0,0
2019_11_PIT_CLE,2019,11,2019-11-14,CLE,PIT,14.0,0.0,21,7,3.0,41.5,False,PIT,14,False,0.0,0
2019_12_BAL_LA,2019,12,2019-11-25,LA,BAL,6.0,28.0,6,45,-3.5,47.0,True,LA,22,False,0.0,0
2019_12_CAR_NO,2019,12,2019-11-24,NO,CAR,17.0,15.0,34,31,10.0,46.0,False,CAR,2,False,0.0,0
2019_12_DAL_NE,2019,12,2019-11-24,NE,DAL,10.0,6.0,13,9,5.5,44.5,False,DAL,4,False,0.0,0
2019_12_DEN_BUF,2019,12,2019-11-24,BUF,DEN,6.0,0.0,20,3,3.5,37.0,False,DEN,6,False,0.0,0
2019_12_DET_WAS,2019,12,2019-11-24,WAS,DET,13.0,6.0,19,16,-4.0,39.0,False,DET,7,True,4.0,0
2019_12_GB_SF,2019,12,2019-11-24,SF,GB,23.0,0.0,37,8,3.0,48.0,False,GB,23,False,0.0,0
2019_12_JAX_TEN,2019,12,2019-11-24,TEN,JAX,7.0,3.0,42,20,4.5,42.0,False,JAX,4,False,0.0,0
2019_12_MIA_CLE,2019,12,2019-11-24,CLE,MIA,28.0,3.0,41,24,11.0,45.5,False,MIA,25,False,0.0,0
2019_12_NYG_CHI,2019,12,2019-11-24,CHI,NYG,3.0,7.0,19,14,6.0,41.0,True,CHI,4,True,6.0,1
2019_12_OAK_NYJ,2019,12,2019-11-24,NYJ,LV,13.0,3.0,34,3,-3.5,45.0,False,LV,10,True,3.5,0
2019_12_PIT_CIN,2019,12,2019-11-24,CIN,PIT,7.0,3.0,10,16,-5.5,37.5,False,PIT,4,True,5.5,1
2019_12_SEA_PHI,2019,12,2019-11-24,PHI,SEA,3.0,10.0,9,17,-1.0,45.5,True,PHI,7,False,0.0,0
2019_12_TB_ATL,2019,12,2019-11-24,ATL,TB,10.0,19.0,22,35,3.5,51.5,True,ATL,9,True,3.5,0
2019_13_BUF_DAL,2019,13,2019-11-28,DAL,BUF,7.0,13.0,15,26,6.5,46.5,True,DAL,6,True,6.5,0
2019_13_CHI_DET,2019,13,2019-11-28,DET,CHI,17.0,10.0,20,24,-5.5,37.5,False,CHI,7,True,5.5,1
2019_13_GB_NYG,2019,13,2019-12-01,NYG,GB,10.0,17.0,13,31,-6.5,43.5,True,NYG,7,False,0.0,0
2019_13_LAC_DEN,2019,13,2019-12-01,DEN,LAC,17.0,10.0,23,20,-4.5,39.0,False,LAC,7,True,4.5,0
2019_13_LA_ARI,2019,13,2019-12-01,ARI,LA,0.0,20.0,7,34,-2.5,47.0,True,ARI,20,False,0.0,0
2019_13_MIN_SEA,2019,13,2019-12-02,SEA,MIN,10.0,14.0,37,30,2.5,48.0,True,SEA,4,True,2.5,1
2019_13_NE_HOU,2019,13,2019-12-01,HOU,NE,14.0,3.0,28,22,-3.5,47.0,False,NE,11,True,3.5,0
2019_13_NO_ATL,2019,13,2019-11-28,ATL,NO,9.0,17.0,18,26,-7.0,48.0,True,ATL,8,False,0.0,0
2019_13_NYJ_CIN,2019,13,2019-12-01,CIN,NYJ,17.0,6.0,22,6,-2.5,43.0,False,NYJ,11,True,2.5,0
2019_13_OAK_KC,2019,13,2019-12-01,KC,LV,21.0,0.0,40,9,11.5,49.5,False,LV,21,False,0.0,0
2019_13_PHI_MIA,2019,13,2019-12-01,MIA,PHI,14.0,21.0,37,31,-10.5,45.0,True,MIA,7,False,0.0,1
2019_13_SF_BAL,2019,13,2019-12-01,BAL,SF,17.0,14.0,20,17,5.5,45.0,False,SF,3,False,0.0,0
2019_13_TB_JAX,2019,13,2019-12-01,JAX,TB,0.0,25.0,11,28,-3.0,46.5,True,JAX,25,False,0.0,0
2019_13_TEN_IND,2019,13,2019-12-01,IND,TEN,10.0,7.0,17,31,-1.0,41.5,False,TEN,3,True,1.0,1
2019_13_WAS_CAR,2019,13,2019-12-01,CAR,WAS,14.0,12.0,21,29,10.5,38.5,False,WAS,2,False,0.0,1
2019_14_BAL_BUF,2019,14,2019-12-08,BUF,BAL,6.0,10.0,17,24,-6.5,44.0,True,BUF,4,False,0.0,0
2019_14_CAR_ATL,2019,14,2019-12-08,ATL,CAR,13.0,10.0,40,20,3.5,48.0,False,CAR,3,False,0.0,0
2019_14_CIN_CLE,2019,14,2019-12-08,CLE,CIN,14.0,13.0,27,19,6.5,43.0,False,CIN,1,False,0.0,0
2019_14_DAL_CHI,2019,14,2019-12-05,CHI,DAL,17.0,7.0,31,24,-3.0,43.0,False,DAL,10,True,3.0,0
2019_14_DEN_HOU,2019,14,2019-12-08,HOU,DEN,3.0,31.0,24,38,8.0,42.5,True,HOU,28,True,8.0,0
2019_14_DET_MIN,2019,14,2019-12-08,MIN,DET,17.0,0.0,20,7,12.0,43.5,False,DET,17,False,0.0,0
2019_14_IND_TB,2019,14,2019-12-08,TB,IND,21.0,27.0,38,35,3.0,46.5,True,TB,6,True,3.0,1
2019_14_KC_NE,2019,14,2019-12-08,NE,KC,7.0,20.0,16,23,3.0,49.5,True,NE,13,True,3.0,0
2019_14_LAC_JAX,2019,14,2019-12-08,JAX,LAC,3.0,24.0,10,45,-3.5,42.0,True,JAX,21,False,0.0,0
2019_14_MIA_NYJ,2019,14,2019-12-08,NYJ,MIA,16.0,9.0,22,21,5.0,47.0,False,MIA,7,False,0.0,0
2019_14_NYG_PHI,2019,14,2019-12-09,PHI,NYG,3.0,17.0,23,17,9.5,45.5,True,PHI,14,True,9.5,1
2019_14_PIT_ARI,2019,14,2019-12-08,ARI,PIT,10.0,13.0,17,23,-2.5,43.5,True,ARI,3,False,0.0,0
2019_14_SEA_LA,2019,14,2019-12-08,LA,SEA,21.0,3.0,28,12,1.0,47.5,False,SEA,18,False,0.0,0
2019_14_SF_NO,2019,14,2019-12-08,NO,SF,27.0,28.0,46,48,1.0,45.0,True,NO,1,True,1.0,0
2019_14_WAS_GB,2019,14,2019-12-08,GB,WAS,14.0,6.0,20,15,13.0,42.5,False,WAS,8,False,0.0,0
2019_15_BUF_PIT,2019,15,2019-12-15,PIT,BUF,3.0,7.0,10,17,1.0,37.0,True,PIT,4,True,1.0,0
2019_15_CHI_GB,2019,15,2019-12-15,GB,CHI,7.0,3.0,21,13,4.0,40.0,False,CHI,4,False,0.0,0
2019_15_CLE_ARI,2019,15,2019-12-15,ARI,CLE,21.0,10.0,38,24,-3.0,49.0,False,CLE,11,True,3.0,0
2019_15_DEN_KC,2019,15,2019-12-15,KC,DEN,15.0,3.0,23,3,10.0,43.0,False,DEN,12,False,0.0,0
2019_15_HOU_TEN,2019,15,2019-12-15,TEN,HOU,0.0,14.0,21,24,3.0,50.0,True,TEN,14,True,3.0,0
2019_15_IND_NO,2019,15,2019-12-16,NO,IND,17.0,0.0,34,7,8.0,48.5,False,IND,17,False,0.0,0
2019_15_JAX_OAK,2019,15,2019-12-15,LV,JAX,16.0,3.0,16,20,7.0,47.0,False,JAX,13,False,0.0,1
2019_15_LA_DAL,2019,15,2019-12-15,DAL,LA,28.0,7.0,44,21,-1.0,48.5,False,LA,21,True,1.0,0
2019_15_MIA_NYG,2019,15,2019-12-15,NYG,MIA,7.0,10.0,36,20,3.5,47.0,True,NYG,3,True,3.5,1
2019_15_MIN_LAC,2019,15,2019-12-15,LAC,MIN,10.0,19.0,10,39,-1.0,45.0,True,LAC,9,False,0.0,0
2019_15_NE_CIN,2019,15,2019-12-15,CIN,NE,10.0,13.0,13,34,-10.5,42.0,True,CIN,3,False,0.0,0
2019_15_NYJ_BAL,2019,15,2019-12-12,BAL,NYJ,21.0,7.0,42,21,17.0,44.0,False,NYJ,14,False,0.0,0
2019_15_PHI_WAS,2019,15,2019-12-15,WAS,PHI,14.0,10.0,27,37,-7.0,38.0,False,PHI,4,True,7.0,1
2019_15_SEA_CAR,2019,15,2019-12-15,CAR,SEA,7.0,20.0,24,30,-6.0,48.5,True,CAR,13,False,0.0,0
2019_15_TB_DET,2019,15,2019-12-15,DET,TB,3.0,21.0,17,38,-5.5,46.0,True,DET,18,False,0.0,0
2019_16_ARI_SEA,2019,16,2019-12-22,SEA,ARI,7.0,17.0,13,27,8.0,51.0,True,SEA,10,True,8.0,0
2019_16_BAL_CLE,2019,16,2019-12-22,CLE,BAL,6.0,14.0,15,31,-9.5,48.5,True,CLE,8,False,0.0,0
2019_16_CAR_IND,2019,16,2019-12-22,IND,CAR,21.0,3.0,38,6,7.5,46.0,False,CAR,18,False,0.0,0
2019_16_CIN_MIA,2019,16,2019-12-22,MIA,CIN,21.0,6.0,38,35,-1.5,46.0,False,CIN,15,True,1.5,0
2019_16_DAL_PHI,2019,16,2019-12-22,PHI,DAL,10.0,6.0,17,9,-2.0,47.0,False,DAL,4,True,2.0,0
2019_16_GB_MIN,2019,16,2019-12-23,MIN,GB,10.0,9.0,10,23,4.0,47.0,False,GB,1,False,0.0,1
2019_16_JAX_ATL,2019,16,2019-12-22,ATL,JAX,17.0,3.0,24,12,7.5,48.0,False,JAX,14,False,0.0,0
2019_16_KC_CHI,2019,16,2019-12-22,CHI,KC,0.0,17.0,3,26,-6.5,45.5,True,CHI,17,False,0.0,0
2019_16_LA_SF,2019,16,2019-12-21,SF,LA,24.0,21.0,34,31,7.0,45.5,False,LA,3,False,0.0,0
2019_16_NO_TEN,2019,16,2019-12-22,TEN,NO,14.0,10.0,28,38,-3.5,49.0,False,NO,4,True,3.5,1
2019_16_NYG_WAS,2019,16,2019-12-22,WAS,NYG,14.0,28.0,35,41,-1.0,42.0,True,WAS,14,False,0.0,0
2019_16_OAK_LAC,2019,16,2019-12-22,LAC,LV,7.0,14.0,17,24,7.5,45.0,True,LAC,7,True,7.5,0
2019_17_ARI_LA,2019,17,2019-12-29,LA,ARI,17.0,10.0,31,24,7.0,46.0,False,ARI,7,False,0.0,0
2019_17_ATL_TB,2019,17,2019-12-29,TB,ATL,22.0,16.0,22,28,1.0,48.0,False,ATL,6,False,0.0,1
2019_17_CHI_MIN,2019,17,2019-12-29,MIN,CHI,6.0,11.0,19,21,-5.5,36.5,True,MIN,5,False,0.0,0
2019_17_CLE_CIN,2019,17,2019-12-29,CIN,CLE,20.0,16.0,33,23,-2.5,44.0,False,CLE,4,True,2.5,0
2019_17_GB_DET,2019,17,2019-12-29,DET,GB,17.0,3.0,20,23,-13.5,44.0,False,GB,14,True,13.5,1
2019_17_IND_JAX,2019,17,2019-12-29,JAX,IND,16.0,20.0,38,20,-5.0,41.5,True,JAX,4,False,0.0,1
2019_17_LAC_KC,2019,17,2019-12-29,KC,LAC,10.0,7.0,31,21,10.0,46.0,False,LAC,3,False,0.0,0
2019_17_NO_CAR,2019,17,2019-12-29,CAR,NO,3.0,35.0,10,42,-13.5,45.0,True,CAR,32,False,0.0,0
2019_17_NYJ_BUF,2019,17,2019-12-29,BUF,NYJ,0.0,3.0,6,13,-1.5,37.0,True,BUF,3,False,0.0,0
2019_17_OAK_DEN,2019,17,2019-12-29,DEN,LV,10.0,3.0,16,15,5.5,41.5,False,LV,7,False,0.0,0
2019_17_PHI_NYG,2019,17,2019-12-29,NYG,PHI,3.0,10.0,17,34,-4.0,44.0,True,NYG,7,False,0.0,0
2019_17_PIT_BAL,2019,17,2019-12-29,BAL,PIT,16.0,7.0,28,10,-2.0,35.0,False,PIT,9,True,2.0,0
2019_17_SF_SEA,2019,17,2019-12-29,SEA,SF,0.0,13.0,21,26,-3.5,47.0,True,SEA,13,False,0.0,0
2019_17_TEN_HOU,2019,17,2019-12-29,HOU,TEN,7.0,14.0,14,35,-10.0,43.0,True,HOU,7,False,0.0,0
2019_17_WAS_DAL,2019,17,2019-12-29,DAL,WAS,20.0,3.0,47,16,13.0,47.5,False,WAS,17,False,0.0,0
2020_01_ARI_SF,2020,1,2020-09-13,SF,ARI,13.0,10.0,20,24,7.0,48.5,False,ARI,3,False,0.0,1
2020_01_CHI_DET,2020,1,2020-09-13,DET,CHI,13.0,6.0,23,27,2.5,42.5,False,CHI,7,False,0.0,1
2020_01_CLE_BAL,2020,1,2020-09-13,BAL,CLE,24.0,6.0,38,6,7.0,47.0,False,CLE,18,False,0.0,0
2020_01_DAL_LA,2020,1,2020-09-13,LA,DAL,13.0,14.0,20,17,1.0,52.0,True,LA,1,True,1.0,1
2020_01_GB_MIN,2020,1,2020-09-13,MIN,GB,10.0,22.0,34,43,1.0,45.0,True,MIN,12,True,1.0,0
2020_01_HOU_KC,2020,1,2020-09-10,KC,HOU,17.0,7.0,34,20,9.5,53.5,False,HOU,10,False,0.0,0
2020_01_IND_JAX,2020,1,2020-09-13,JAX,IND,14.0,17.0,27,20,-7.0,44.0,True,JAX,3,False,0.0,1
2020_01_LAC_CIN,2020,1,2020-09-13,CIN,LAC,7.0,6.0,13,16,-2.5,41.5,False,LAC,1,True,2.5,1
2020_01_LV_CAR,2020,1,2020-09-13,CAR,LV,15.0,17.0,30,34,-3.0,48.0,True,CAR,2,False,0.0,0
2020_01_MIA_NE,2020,1,2020-09-13,NE,MIA,7.0,3.0,21,11,7.5,41.5,False,MIA,4,False,0.0,0
2020_01_NYJ_BUF,2020,1,2020-09-13,BUF,NYJ,21.0,3.0,27,17,6.5,39.5,False,NYJ,18,False,0.0,0
2020_01_PHI_WAS,2020,1,2020-09-13,WAS,PHI,7.0,17.0,27,17,-5.5,41.5,True,WAS,10,False,0.0,1
2020_01_PIT_NYG,2020,1,2020-09-14,NYG,PIT,10.0,16.0,16,26,-6.0,44.0,True,NYG,6,False,0.0,0
2020_01_SEA_ATL,2020,1,2020-09-13,ATL,SEA,12.0,14.0,25,38,1.0,49.5,True,ATL,2,True,1.0,0
2020_01_TB_NO,2020,1,2020-09-13,NO,TB,17.0,7.0,34,23,4.0,48.5,False,TB,10,False,0.0,0
2020_02_ATL_DAL,2020,2,2020-09-20,DAL,ATL,10.0,29.0,40,39,3.0,53.0,True,DAL,19,True,3.0,1
2020_02_BAL_HOU,2020,2,2020-09-20,HOU,BAL,10.0,20.0,16,33,-7.5,49.5,True,HOU,10,False,0.0,0
2020_02_BUF_MIA,2020,2,2020-09-20,MIA,BUF,10.0,17.0,28,31,-5.5,42.5,True,MIA,7,False,0.0,0
2020_02_CAR_TB,2020,2,2020-09-20,TB,CAR,21.0,0.0,31,17,7.5,47.0,False,CAR,21,False,0.0,0
2020_02_CIN_CLE,2020,2,2020-09-17,CLE,CIN,21.0,13.0,35,30,6.0,44.5,False,CIN,8,False,0.0,0
2020_02_DEN_PIT,2020,2,2020-09-20,PIT,DEN,17.0,3.0,26,21,6.0,41.0,False,DEN,14,False,0.0,0
2020_02_DET_GB,2020,2,2020-09-20,GB,DET,17.0,14.0,42,21,7.0,51.0,False,DET,3,False,0.0,0
2020_02_JAX_TEN,2020,2,2020-09-20,TEN,JAX,24.0,10.0,33,30,7.0,44.5,False,JAX,14,False,0.0,0
2020_02_KC_LAC,2020,2,2020-09-20,LAC,KC,14.0,6.0,20,23,-8.5,47.0,False,KC,8,True,8.5,1
2020_02_LA_PHI,2020,2,2020-09-20,PHI,LA,16.0,21.0,19,37,2.0,46.0,True,PHI,5,True,2.0,0
2020_02_MIN_IND,2020,2,2020-09-20,IND,MIN,15.0,3.0,28,11,3.5,49.0,False,MIN,12,False,0.0,0
2020_02_NYG_CHI,2020,2,2020-09-20,CHI,NYG,17.0,0.0,17,13,4.5,42.5,False,NYG,17,False,0.0,0
2020_02_SF_NYJ,2020,2,2020-09-20,NYJ,SF,3.0,21.0,13,31,-7.0,41.5,True,NYJ,18,False,0.0,0
2020_02_WAS_ARI,2020,2,2020-09-20,ARI,WAS,20.0,0.0,30,15,7.5,46.5,False,WAS,20,False,0.0,0
2020_03_CAR_LAC,2020,3,2020-09-27,LAC,CAR,7.0,18.0,16,21,6.0,43.5,True,LAC,11,True,6.0,0
2020_03_CHI_ATL,2020,3,2020-09-27,ATL,CHI,16.0,10.0,26,30,2.5,46.0,False,CHI,6,False,0.0,1
2020_03_CIN_PHI,2020,3,2020-09-27,PHI,CIN,13.0,10.0,23,23,5.5,46.5,False,CIN,3,False,0.0,0
2020_03_DAL_SEA,2020,3,2020-09-27,SEA,DAL,23.0,15.0,38,31,5.5,58.0,False,DAL,8,False,0.0,0
2020_03_DET_ARI,2020,3,2020-09-27,ARI,DET,13.0,17.0,23,26,4.5,55.5,True,ARI,4,True,4.5,0
2020_03_GB_NO,2020,3,2020-09-27,NO,GB,17.0,13.0,30,37,3.5,52.0,False,GB,4,False,0.0,1
2020_03_HOU_PIT,2020,3,2020-09-27,PIT,HOU,17.0,21.0,28,21,4.0,46.5,True,PIT,4,True,4.0,1
2020_03_KC_BAL,2020,3,2020-09-28,BAL,KC,10.0,27.0,20,34,3.5,55.0,True,BAL,17,True,3.5,0
2020_03_LA_BUF,2020,3,2020-09-27,BUF,LA,21.0,3.0,35,32,1.5,46.5,False,LA,18,False,0.0,0
2020_03_LV_NE,2020,3,2020-09-27,NE,LV,13.0,10.0,36,20,7.0,47.0,False,LV,3,False,0.0,0
2020_03_MIA_JAX,2020,3,2020-09-24,JAX,MIA,7.0,21.0,13,31,3.0,49.0,True,JAX,14,True,3.0,0
2020_03_NYJ_IND,2020,3,2020-09-27,IND,NYJ,17.0,7.0,36,7,12.5,44.0,False,NYJ,10,False,0.0,0
2020_03_SF_NYG,2020,3,2020-09-27,NYG,SF,6.0,16.0,9,36,-3.0,44.0,True,NYG,10,False,0.0,0
2020_03_TB_DEN,2020,3,2020-09-27,DEN,TB,10.0,23.0,10,28,-6.0,42.5,True,DEN,13,False,0.0,0
2020_03_TEN_MIN,2020,3,2020-09-27,MIN,TEN,17.0,9.0,30,31,-3.0,49.5,False,TEN,8,True,3.0,1
2020_03_WAS_CLE,2020,3,2020-09-27,CLE,WAS,17.0,7.0,34,20,7.5,45.0,False,WAS,10,False,0.0,0
2020_04_ARI_CAR,2020,4,2020-10-04,CAR,ARI,21.0,7.0,31,21,-3.0,52.5,False,ARI,14,True,3.0,0
2020_04_ATL_GB,2020,4,2020-10-05,GB,ATL,20.0,3.0,30,16,5.0,56.5,False,ATL,17,False,0.0,0
2020_04_BAL_WAS,2020,4,2020-10-04,WAS,BAL,7.0,21.0,17,31,-14.5,45.0,True,WAS,14,False,0.0,0
2020_04_BUF_LV,2020,4,2020-10-04,LV,BUF,13.0,17.0,23,30,-3.0,53.0,True,LV,4,False,0.0,0
2020_04_CLE_DAL,2020,4,2020-10-04,DAL,CLE,14.0,31.0,38,49,3.5,56.5,True,DAL,17,True,3.5,0
2020_04_DEN_NYJ,2020,4,2020-10-01,NYJ,DEN,13.0,17.0,28,37,1.0,41.0,True,NYJ,4,True,1.0,0
2020_04_IND_CHI,2020,4,2020-10-04,CHI,IND,3.0,10.0,11,19,-3.5,43.5,True,CHI,7,False,0.0,0
2020_04_JAX_CIN,2020,4,2020-10-04,CIN,JAX,10.0,13.0,33,25,1.0,50.0,True,CIN,3,True,1.0,1
2020_04_LAC_TB,2020,4,2020-10-04,TB,LAC,14.0,24.0,38,31,7.5,42.5,True,TB,10,True,7.5,1
2020_04_MIN_HOU,2020,4,2020-10-04,HOU,MIN,6.0,17.0,23,31,3.5,52.5,True,HOU,11,True,3.5,0
2020_04_NE_KC,2020,4,2020-10-05,KC,NE,6.0,3.0,26,10,7.0,52.5,False,NE,3,False,0.0,0
2020_04_NO_DET,2020,4,2020-10-04,DET,NO,14.0,28.0,29,35,-3.0,51.5,True,DET,14,False,0.0,0
2020_04_NYG_LA,2020,4,2020-10-04,LA,NYG,10.0,6.0,17,9,13.5,49.5,False,NYG,4,False,0.0,0
2020_04_PHI_SF,2020,4,2020-10-04,SF,PHI,7.0,8.0,20,25,8.5,45.5,True,SF,1,True,8.5,0
2020_04_SEA_MIA,2020,4,2020-10-04,MIA,SEA,9.0,17.0,23,31,-4.5,55.0,True,MIA,8,False,0.0,0
2020_05_ARI_NYJ,2020,5,2020-10-11,NYJ,ARI,3.0,17.0,10,30,-7.0,48.5,True,NYJ,14,False,0.0,0
2020_05_BUF_TEN,2020,5,2020-10-13,TEN,BUF,21.0,10.0,42,16,-3.0,52.0,False,BUF,11,True,3.0,0
2020_05_CAR_ATL,2020,5,2020-10-11,ATL,CAR,7.0,20.0,16,23,2.5,53.5,True,ATL,13,True,2.5,0
2020_05_CIN_BAL,2020,5,2020-10-11,BAL,CIN,17.0,0.0,27,3,12.5,49.0,False,CIN,17,False,0.0,0
2020_05_IND_CLE,2020,5,2020-10-11,CLE,IND,20.0,10.0,32,23,1.0,48.5,False,IND,10,False,0.0,0
2020_05_JAX_HOU,2020,5,2020-10-11,HOU,JAX,10.0,7.0,30,14,6.5,55.0,False,JAX,3,False,0.0,0
2020_05_LAC_NO,2020,5,2020-10-12,NO,LAC,10.0,20.0,30,27,7.0,49.5,True,NO,10,True,7.0,1
2020_05_LA_WAS,2020,5,2020-10-11,WAS,LA,10.0,20.0,10,30,-7.0,45.0,True,WAS,10,False,0.0,0
2020_05_MIA_SF,2020,5,2020-10-11,SF,MIA,7.0,30.0,17,43,8.5,50.5,True,SF,23,True,8.5,0
2020_05_MIN_SEA,2020,5,2020-10-11,SEA,MIN,0.0,13.0,27,26,6.5,54.0,True,SEA,13,True,6.5,1
2020_05_NYG_DAL,2020,5,2020-10-11,DAL,NYG,24.0,20.0,37,34,7.5,52.0,False,NYG,4,False,0.0,0
2020_05_PHI_PIT,2020,5,2020-10-11,PIT,PHI,17.0,14.0,38,29,7.5,44.0,False,PHI,3,False,0.0,0
2020_05_TB_CHI,2020,5,2020-10-08,CHI,TB,14.0,13.0,20,19,-3.5,44.0,False,TB,1,True,3.5,0
2020_06_ARI_DAL,2020,6,2020-10-19,DAL,ARI,3.0,21.0,10,38,1.0,55.5,True,DAL,18,True,1.0,0
2020_06_ATL_MIN,2020,6,2020-10-18,MIN,ATL,0.0,20.0,23,40,3.5,53.0,True,MIN,20,True,3.5,0
2020_06_BAL_PHI,2020,6,2020-10-18,PHI,BAL,0.0,17.0,28,30,-10.5,46.5,True,PHI,17,False,0.0,0
2020_06_CHI_CAR,2020,6,2020-10-18,CAR,CHI,6.0,13.0,16,23,2.0,45.0,True,CAR,7,True,2.0,0
2020_06_CIN_IND,2020,6,2020-10-18,IND,CIN,21.0,24.0,31,27,7.5,46.0,True,IND,3,True,7.5,1
2020_06_CLE_PIT,2020,6,2020-10-18,PIT,CLE,24.0,7.0,38,7,3.0,50.0,False,CLE,17,False,0.0,0
2020_06_DEN_NE,2020,6,2020-10-18,NE,DEN,3.0,12.0,12,18,7.0,43.5,True,NE,9,True,7.0,0
2020_06_DET_JAX,2020,6,2020-10-18,JAX,DET,3.0,17.0,16,34,-3.0,52.5,True,JAX,14,False,0.0,0
2020_06_GB_TB,2020,6,2020-10-18,TB,GB,28.0,10.0,38,10,-3.0,55.0,False,GB,18,True,3.0,0
2020_06_HOU_TEN,2020,6,2020-10-18,TEN,HOU,21.0,10.0,42,36,4.0,52.0,False,HOU,11,False,0.0,0
2020_06_KC_BUF,2020,6,2020-10-19,BUF,KC,10.0,13.0,17,26,-5.5,55.0,True,BUF,3,False,0.0,0
2020_06_LA_SF,2020,6,2020-10-18,SF,LA,21.0,6.0,24,16,-2.0,51.0,False,LA,15,True,2.0,0
2020_06_NYJ_MIA,2020,6,2020-10-18,MIA,NYJ,21.0,0.0,24,0,9.5,46.0,False,NYJ,21,False,0.0,0
2020_06_WAS_NYG,2020,6,2020-10-18,NYG,WAS,13.0,10.0,20,19,2.0,42.5,False,WAS,3,False,0.0,0
2020_07_BUF_NYJ,2020,7,2020-10-25,NYJ,BUF,10.0,6.0,10,18,-9.5,47.0,False,BUF,4,True,9.5,1
2020_07_CAR_NO,2020,7,2020-10-25,NO,CAR,21.0,17.0,27,24,7.0,49.5,False,CAR,4,False,0.0,0
2020_07_CHI_LA,2020,7,2020-10-26,LA,CHI,10.0,3.0,24,10,6.5,44.0,False,CHI,7,False,0.0,0
2020_07_CLE_CIN,2020,7,2020-10-25,CIN,CLE,17.0,10.0,34,37,-4.5,50.0,False,CLE,7,True,4.5,1
2020_07_DAL_WAS,2020,7,2020-10-25,WAS,DAL,22.0,3.0,25,3,-1.0,44.5,False,DAL,19,True,1.0,0
2020_07_DET_ATL,2020,7,2020-10-25,ATL,DET,14.0,10.0,22,23,1.0,54.0,False,DET,4,False,0.0,1
2020_07_GB_HOU,2020,7,2020-10-25,HOU,GB,0.0,21.0,20,35,-2.5,55.5,True,HOU,21,False,0.0,0
2020_07_JAX_LAC,2020,7,2020-10-25,LAC,JAX,16.0,14.0,39,29,8.0,48.0,False,JAX,2,False,0.0,0
2020_07_KC_DEN,2020,7,2020-10-25,DEN,KC,9.0,24.0,16,43,-7.0,46.0,True,DEN,15,False,0.0,0
2020_07_NYG_PHI,2020,7,2020-10-22,PHI,NYG,10.0,7.0,22,21,5.0,44.5,False,NYG,3,False,0.0,0
2020_07_PIT_TEN,2020,7,2020-10-25,TEN,PIT,7.0,24.0,24,27,1.0,51.0,True,TEN,17,True,1.0,0
2020_07_SEA_ARI,2020,7,2020-10-25,ARI,SEA,17.0,27.0,37,34,-3.5,55.5,True,ARI,10,False,0.0,1
2020_07_SF_NE,2020,7,2020-10-25,NE,SF,3.0,23.0,6,33,3.0,44.0,True,NE,20,True,3.0,0
2020_07_TB_LV,2020,7,2020-10-25,LV,TB,10.0,21.0,20,45,-3.5,51.5,True,LV,11,False,0.0,0
2020_08_ATL_CAR,2020,8,2020-10-29,CAR,ATL,14.0,16.0,17,25,1.5,52.0,True,CAR,2,True,1.5,0
2020_08_DAL_PHI,2020,8,2020-11-01,PHI,DAL,7.0,9.0,23,9,10.0,43.0,True,PHI,2,True,10.0,1
2020_08_IND_DET,2020,8,2020-11-01,DET,IND,7.0,20.0,21,41,-3.5,49.0,True,DET,13,False,0.0,0
2020_08_LAC_DEN,2020,8,2020-11-01,DEN,LAC,3.0,14.0,31,30,-3.0,44.5,True,DEN,11,False,0.0,1
2020_08_LA_MIA,2020,8,2020-11-01,MIA,LA,28.0,10.0,28,17,-3.5,46.5,False,LA,18,True,3.5,0
2020_08_LV_CLE,2020,8,2020-11-01,CLE,LV,3.0,6.0,6,16,1.0,48.0,True,CLE,3,True,1.0,0
2020_08_NE_BUF,2020,8,2020-11-01,BUF,NE,7.0,6.0,24,21,4.0,41.0,False,NE,1,False,0.0,0
2020_08_NO_CHI,2020,8,2020-11-01,CHI,NO,13.0,10.0,23,26,-5.5,41.0,False,NO,3,True,5.5,1
2020_08_NYJ_KC,2020,8,2020-11-01,KC,NYJ,21.0,9.0,35,9,20.0,49.0,False,NYJ,12,False,0.0,0
2020_08_PIT_BAL,2020,8,2020-11-01,BAL,PIT,17.0,7.0,24,28,4.0,44.0,False,PIT,10,False,0.0,1
2020_08_SF_SEA,2020,8,2020-11-01,SEA,SF,13.0,7.0,37,27,1.0,54.5,False,SF,6,False,0.0,0
2020_08_TB_NYG,2020,8,2020-11-02,NYG,TB,14.0,6.0,23,25,-13.0,47.0,False,TB,8,True,13.0,1
2020_08_TEN_CIN,2020,8,2020-11-01,CIN,TEN,17.0,7.0,31,20,-7.5,49.5,False,TEN,10,True,7.5,0
2020_09_BAL_IND,2020,9,2020-11-08,IND,BAL,10.0,7.0,10,24,1.0,48.0,False,BAL,3,False,0.0,1
2020_09_CAR_KC,2020,9,2020-11-08,KC,CAR,13.0,17.0,33,31,10.0,51.5,True,KC,4,True,10.0,1
2020_09_CHI_TEN,2020,9,2020-11-08,TEN,CHI,10.0,0.0,24,17,6.5,46.5,False,CHI,10,False,0.0,0
2020_09_DEN_ATL,2020,9,2020-11-08,ATL,DEN,20.0,3.0,34,27,4.5,50.0,False,DEN,17,False,0.0,0
2020_09_DET_MIN,2020,9,2020-11-08,MIN,DET,20.0,10.0,34,20,3.0,51.5,False,DET,10,False,0.0,0
2020_09_GB_SF,2020,9,2020-11-05,SF,GB,3.0,21.0,17,34,-6.0,48.5,True,SF,18,False,0.0,0
2020_09_HOU_JAX,2020,9,2020-11-08,JAX,HOU,16.0,20.0,25,27,-7.0,49.0,True,JAX,4,False,0.0,0
2020_09_LV_LAC,2020,9,2020-11-08,LAC,LV,17.0,14.0,26,31,-1.0,52.5,False,LV,3,True,1.0,1
2020_09_MIA_ARI,2020,9,2020-11-08,ARI,MIA,17.0,24.0,31,34,6.0,49.0,True,ARI,7,True,6.0,0
2020_09_NE_NYJ,2020,9,2020-11-09,NYJ,NE,20.0,10.0,27,30,-9.5,41.5,False,NE,10,True,9.5,1
2020_09_NO_TB,2020,9,2020-11-08,TB,NO,0.0,31.0,3,38,3.0,51.0,True,TB,31,True,3.0,0
2020_09_NYG_WAS,2020,9,2020-11-08,WAS,NYG,3.0,20.0,20,23,3.0,43.0,True,WAS,17,True,3.0,0
2020_09_PIT_DAL,2020,9,2020-11-08,DAL,PIT,13.0,9.0,19,24,-14.0,44.0,False,PIT,4,True,14.0,1
2020_09_SEA_BUF,2020,9,2020-11-08,BUF,SEA,24.0,10.0,44,34,-3.0,55.0,False,SEA,14,True,3.0,0
2020_10_BAL_NE,2020,10,2020-11-15,NE,BAL,13.0,10.0,23,17,-7.0,44.0,False,BAL,3,True,7.0,0
2020_10_BUF_ARI,2020,10,2020-11-15,ARI,BUF,9.0,16.0,32,30,3.0,55.5,True,ARI,7,True,3.0,1
2020_10_CIN_PIT,2020,10,2020-11-15,PIT,CIN,22.0,7.0,36,10,6.5,45.5,False,CIN,15,False,0.0,0
2020_10_DEN_LV,2020,10,2020-11-15,LV,DEN,10.0,6.0,37,12,3.5,50.5,False,DEN,4,False,0.0,0
2020_10_HOU_CLE,2020,10,2020-11-15,CLE,HOU,3.0,0.0,10,7,4.5,46.0,False,HOU,3,False,0.0,0
2020_10_IND_TEN,2020,10,2020-11-12,TEN,IND,17.0,13.0,17,34,-1.0,49.0,False,IND,4,True,1.0,1
2020_10_JAX_GB,2020,10,2020-11-15,GB,JAX,17.0,10.0,24,20,13.5,47.0,False,JAX,7,False,0.0,0
2020_10_LAC_MIA,2020,10,2020-11-15,MIA,LAC,17.0,7.0,29,21,1.0,48.5,False,LAC,10,False,0.0,0
2020_10_MIN_CHI,2020,10,2020-11-16,CHI,MIN,6.0,7.0,13,19,-3.5,44.0,True,CHI,1,False,0.0,0
2020_10_PHI_NYG,2020,10,2020-11-15,NYG,PHI,14.0,3.0,27,17,-4.5,45.0,False,PHI,11,True,4.5,0
2020_10_SEA_LA,2020,10,2020-11-15,LA,SEA,17.0,13.0,23,16,3.0,55.0,False,SEA,4,False,0.0,0
2020_10_SF_NO,2020,10,2020-11-15,NO,SF,17.0,10.0,27,13,9.5,49.5,False,SF,7,False,0.0,0
2020_10_WAS_DET,2020,10,2020-11-15,DET,WAS,17.0,3.0,30,27,2.5,46.0,False,WAS,14,False,0.0,0
2020_11_ARI_SEA,2020,11,2020-11-19,SEA,ARI,16.0,7.0,28,21,3.0,56.5,False,ARI,9,False,0.0,0
2020_11_ATL_NO,2020,11,2020-11-22,NO,ATL,10.0,9.0,24,9,3.5,49.5,False,ATL,1,False,0.0,0
2020_11_CIN_WAS,2020,11,2020-11-22,WAS,CIN,7.0,9.0,20,9,2.0,48.0,True,WAS,2,True,2.0,1
2020_11_DAL_MIN,2020,11,2020-11-22,MIN,DAL,7.0,16.0,28,31,7.0,50.0,True,MIN,9,True,7.0,0
2020_11_DET_CAR,2020,11,2020-11-22,CAR,DET,7.0,0.0,20,0,-3.0,47.0,False,DET,7,True,3.0,0
2020_11_GB_IND,2020,11,2020-11-22,IND,GB,14.0,28.0,34,31,1.5,52.0,True,IND,14,True,1.5,1
2020_11_KC_LV,2020,11,2020-11-22,LV,KC,17.0,14.0,31,35,-7.5,56.5,False,KC,3,True,7.5,1
2020_11_LA_TB,2020,11,2020-11-23,TB,LA,14.0,17.0,24,27,4.0,47.5,True,TB,3,True,4.0,0
2020_11_MIA_DEN,2020,11,2020-11-22,DEN,MIA,13.0,10.0,20,13,-4.0,46.0,False,MIA,3,True,4.0,0
2020_11_NE_HOU,2020,11,2020-11-22,HOU,NE,21.0,10.0,27,20,-2.5,49.5,False,NE,11,True,2.5,0
2020_11_NYJ_LAC,2020,11,2020-11-22,LAC,NYJ,24.0,6.0,34,28,10.0,47.0,False,NYJ,18,False,0.0,0
2020_11_PHI_CLE,2020,11,2020-11-22,CLE,PHI,7.0,0.0,22,17,2.5,45.5,False,PHI,7,False,0.0,0
2020_11_PIT_JAX,2020,11,2020-11-22,JAX,PIT,3.0,17.0,3,27,-11.0,47.0,True,JAX,14,False,0.0,0
2020_11_TEN_BAL,2020,11,2020-11-22,BAL,TEN,14.0,7.0,24,30,6.0,50.5,False,TEN,7,False,0.0,1
2020_12_ARI_NE,2020,12,2020-11-29,NE,ARI,7.0,10.0,20,17,-1.0,51.0,True,NE,3,False,0.0,1
2020_12_BAL_PIT,2020,12,2020-12-02,PIT,BAL,12.0,7.0,19,14,10.5,41.5,False,BAL,5,False,0.0,0
2020_12_CAR_MIN,2020,12,2020-11-29,MIN,CAR,10.0,7.0,28,27,3.0,50.0,False,CAR,3,False,0.0,0
2020_12_CHI_GB,2020,12,2020-11-29,GB,CHI,27.0,10.0,41,25,7.5,44.0,False,CHI,17,False,0.0,0
2020_12_CLE_JAX,2020,12,2020-11-29,JAX,CLE,13.0,17.0,25,27,-7.5,48.5,True,JAX,4,False,0.0,0
2020_12_HOU_DET,2020,12,2020-11-26,DET,HOU,14.0,23.0,25,41,-3.0,52.5,True,DET,9,False,0.0,0
2020_12_KC_TB,2020,12,2020-11-29,TB,KC,7.0,20.0,24,27,-3.5,56.0,True,TB,13,False,0.0,0
2020_12_LAC_BUF,2020,12,2020-11-29,BUF,LAC,17.0,6.0,27,17,4.5,51.0,False,LAC,11,False,0.0,0
2020_12_LV_ATL,2020,12,2020-11-29,ATL,LV,16.0,3.0,43,6,-3.5,53.0,False,LV,13,True,3.5,0
2020_12_MIA_NYJ,2020,12,2020-11-29,NYJ,MIA,3.0,13.0,3,20,-7.5,46.0,True,NYJ,10,False,0.0,0
2020_12_NO_DEN,2020,12,2020-11-29,DEN,NO,0.0,17.0,3,31,-17.0,36.5,True,DEN,17,False,0.0,0
2020_12_SEA_PHI,2020,12,2020-11-30,PHI,SEA,6.0,14.0,17,23,-6.5,50.0,True,PHI,8,False,0.0,0
2020_12_SF_LA,2020,12,2020-11-29,LA,SF,3.0,7.0,20,23,5.0,44.5,True,LA,4,True,5.0,0
2020_12_TEN_IND,2020,12,2020-11-29,IND,TEN,14.0,35.0,26,45,3.0,51.5,True,IND,21,True,3.0,0
2020_12_WAS_DAL,2020,12,2020-11-26,DAL,WAS,13.0,17.0,16,41,2.5,46.0,True,DAL,4,True,2.5,0
2020_13_BUF_SF,2020,13,2020-12-07,SF,BUF,7.0,17.0,24,34,1.5,48.0,True,SF,10,True,1.5,0
2020_13_CIN_MIA,2020,13,2020-12-06,MIA,CIN,6.0,7.0,19,7,10.5,43.0,True,MIA,1,True,10.5,1
2020_13_CLE_TEN,2020,13,2020-12-06,TEN,CLE,7.0,38.0,35,41,4.0,54.0,True,TEN,31,True,4.0,0
2020_13_DAL_BAL,2020,13,2020-12-08,BAL,DAL,17.0,10.0,34,17,8.5,46.0,False,DAL,7,False,0.0,0
2020_13_DEN_KC,2020,13,2020-12-06,KC,DEN,9.0,10.0,22,16,13.0,51.0,True,KC,1,True,13.0,1
2020_13_DET_CHI,2020,13,2020-12-06,CHI,DET,23.0,13.0,30,34,3.0,44.0,False,DET,10,False,0.0,1
2020_13_IND_HOU,2020,13,2020-12-06,HOU,IND,20.0,24.0,20,26,-3.5,50.0,True,HOU,4,False,0.0,0
2020_13_JAX_MIN,2020,13,2020-12-06,MIN,JAX,6.0,9.0,27,24,10.5,51.0,True,MIN,3,True,10.5,1
2020_13_LA_ARI,2020,13,2020-12-06,ARI,LA,7.0,14.0,28,38,-2.5,49.0,True,ARI,7,False,0.0,0
2020_13_LV_NYJ,2020,13,2020-12-06,NYJ,LV,13.0,17.0,28,31,-7.5,48.0,True,NYJ,4,False,0.0,0
2020_13_NE_LAC,2020,13,2020-12-06,LAC,NE,0.0,28.0,0,45,2.5,47.0,True,LAC,28,True,2.5,0
2020_13_NO_ATL,2020,13,2020-12-06,ATL,NO,9.0,14.0,16,21,-2.5,46.0,True,ATL,5,False,0.0,0
2020_13_NYG_SEA,2020,13,2020-12-06,SEA,NYG,5.0,0.0,12,17,11.0,48.5,False,NYG,5,False,0.0,1
2020_13_PHI_GB,2020,13,2020-12-06,GB,PHI,14.0,3.0,30,16,8.0,50.0,False,PHI,11,False,0.0,0
2020_13_WAS_PIT,2020,13,2020-12-07,PIT,WAS,14.0,3.0,17,23,5.5,43.5,False,WAS,11,False,0.0,1
2020_14_ARI_NYG,2020,14,2020-12-13,NYG,ARI,0.0,13.0,7,26,-3.0,47.0,True,NYG,13,False,0.0,0
2020_14_ATL_LAC,2020,14,2020-12-13,LAC,ATL,10.0,17.0,20,17,1.0,49.0,True,LAC,7,True,1.0,1
2020_14_BAL_CLE,2020,14,2020-12-14,CLE,BAL,14.0,21.0,42,47,-3.0,45.5,True,CLE,7,False,0.0,0
2020_14_DAL_CIN,2020,14,2020-12-13,CIN,DAL,7.0,17.0,7,30,-3.0,44.0,True,CIN,10,False,0.0,0
2020_14_DEN_CAR,2020,14,2020-12-13,CAR,DEN,7.0,13.0,27,32,4.0,46.0,True,CAR,6,True,4.0,0
2020_14_HOU_CHI,2020,14,2020-12-13,CHI,HOU,30.0,7.0,36,7,-1.0,46.0,False,HOU,23,True,1.0,0
2020_14_IND_LV,2020,14,2020-12-13,LV,IND,14.0,20.0,27,44,-2.5,51.5,True,LV,6,False,0.0,0
2020_14_KC_MIA,2020,14,2020-12-13,MIA,KC,10.0,14.0,27,33,-7.5,51.5,True,MIA,4,False,0.0,0
2020_14_MIN_TB,2020,14,2020-12-13,TB,MIN,17.0,6.0,26,14,7.0,52.5,False,MIN,11,False,0.0,0
2020_14_NE_LA,2020,14,2020-12-10,LA,NE,17.0,3.0,24,3,5.0,43.5,False,NE,14,False,0.0,0
2020_14_NO_PHI,2020,14,2020-12-13,PHI,NO,17.0,0.0,24,21,-7.5,43.0,False,NO,17,True,7.5,0
2020_14_NYJ_SEA,2020,14,2020-12-13,SEA,NYJ,23.0,3.0,40,3,16.5,49.5,False,NYJ,20,False,0.0,0
2020_14_PIT_BUF,2020,14,2020-12-13,BUF,PIT,9.0,7.0,26,15,2.0,48.5,False,PIT,2,False,0.0,0
2020_14_TEN_JAX,2020,14,2020-12-13,JAX,TEN,3.0,17.0,10,31,-7.5,53.0,True,JAX,14,False,0.0,0
2020_14_WAS_SF,2020,14,2020-12-13,SF,WAS,7.0,13.0,15,23,3.0,43.5,True,SF,6,True,3.0,0
2020_15_BUF_DEN,2020,15,2020-12-19,DEN,BUF,13.0,21.0,19,48,-5.5,49.0,True,DEN,8,False,0.0,0
2020_15_CAR_GB,2020,15,2020-12-19,GB,CAR,21.0,3.0,24,16,9.5,53.0,False,CAR,18,False,0.0,0
2020_15_CHI_MIN,2020,15,2020-12-20,MIN,CHI,10.0,20.0,27,33,2.5,47.5,True,MIN,10,True,2.5,0
2020_15_CLE_NYG,2020,15,2020-12-20,NYG,CLE,3.0,13.0,6,20,-6.0,44.5,True,NYG,10,False,0.0,0
2020_15_DET_TEN,2020,15,2020-12-20,TEN,DET,24.0,15.0,46,25,9.5,54.5,False,DET,9,False,0.0,0
2020_15_HOU_IND,2020,15,2020-12-20,IND,HOU,14.0,10.0,27,20,7.5,52.5,False,HOU,4,False,0.0,0
2020_15_JAX_BAL,2020,15,2020-12-20,BAL,JAX,26.0,0.0,40,14,13.0,49.5,False,JAX,26,False,0.0,0
2020_15_KC_NO,2020,15,2020-12-20,NO,KC,9.0,14.0,29,32,-2.5,53.5,True,NO,5,False,0.0,0
2020_15_LAC_LV,2020,15,2020-12-17,LV,LAC,10.0,17.0,27,30,3.5,52.0,True,LV,7,True,3.5,0
2020_15_NE_MIA,2020,15,2020-12-20,MIA,NE,0.0,6.0,22,12,-1.5,40.0,True,MIA,6,False,0.0,1
2020_15_NYJ_LA,2020,15,2020-12-20,LA,NYJ,3.0,13.0,20,23,17.5,44.5,True,LA,10,True,17.5,0
2020_15_PHI_ARI,2020,15,2020-12-20,ARI,PHI,26.0,20.0,33,26,6.5,49.5,False,PHI,6,False,0.0,0
2020_15_PIT_CIN,2020,15,2020-12-21,CIN,PIT,17.0,0.0,27,17,-14.5,40.5,False,PIT,17,True,14.5,0
2020_15_SEA_WAS,2020,15,2020-12-20,WAS,SEA,3.0,13.0,15,20,-6.0,44.5,True,WAS,10,False,0.0,0
2020_15_SF_DAL,2020,15,2020-12-20,DAL,SF,17.0,14.0,41,33,-4.0,46.0,False,SF,3,True,4.0,0
2020_15_TB_ATL,2020,15,2020-12-20,ATL,TB,17.0,0.0,27,31,-6.0,49.5,False,TB,17,True,6.0,1
2020_16_BUF_NE,2020,16,2020-12-28,NE,BUF,9.0,24.0,9,38,-7.0,47.0,True,NE,15,False,0.0,0
2020_16_CAR_WAS,2020,16,2020-12-27,WAS,CAR,3.0,20.0,13,20,-1.0,41.0,True,WAS,17,False,0.0,0
2020_16_CLE_NYJ,2020,16,2020-12-27,NYJ,CLE,13.0,3.0,23,16,-6.5,45.0,False,CLE,10,True,6.5,0
2020_16_DEN_LAC,2020,16,2020-12-27,LAC,DEN,13.0,0.0,19,16,2.5,47.5,False,DEN,13,False,0.0,0
2020_16_IND_PIT,2020,16,2020-12-27,PIT,IND,7.0,21.0,28,24,-1.0,43.0,True,PIT,14,False,0.0,1
2020_16_MIA_LV,2020,16,2020-12-26,LV,MIA,13.0,6.0,25,26,-2.0,50.0,False,MIA,7,True,2.0,1
2020_16_MIN_NO,2020,16,2020-12-25,NO,MIN,24.0,14.0,52,33,6.5,49.0,False,MIN,10,False,0.0,0
2020_16_NYG_BAL,2020,16,2020-12-27,BAL,NYG,20.0,3.0,27,13,10.0,43.5,False,NYG,17,False,0.0,0
2020_16_PHI_DAL,2020,16,2020-12-27,DAL,PHI,20.0,17.0,37,17,-3.0,50.0,False,PHI,3,True,3.0,0
2020_16_SF_ARI,2020,16,2020-12-26,ARI,SF,6.0,7.0,12,20,6.0,49.0,True,ARI,1,True,6.0,0
2020_16_TB_DET,2020,16,2020-12-26,DET,TB,0.0,34.0,7,47,-12.0,55.0,True,DET,34,False,0.0,0
2020_16_TEN_GB,2020,16,2020-12-27,GB,TEN,19.0,7.0,40,14,3.0,52.5,False,TEN,12,False,0.0,0
2020_17_ARI_LA,2020,17,2021-01-03,LA,ARI,12.0,7.0,18,7,1.0,42.0,False,ARI,5,False,0.0,0
2020_17_ATL_TB,2020,17,2021-01-03,TB,ATL,23.0,10.0,44,27,7.5,51.0,False,ATL,13,False,0.0,0
2020_17_BAL_CIN,2020,17,2021-01-03,CIN,BAL,3.0,17.0,3,38,-13.5,46.0,True,CIN,14,False,0.0,0
2020_17_DAL_NYG,2020,17,2021-01-03,NYG,DAL,20.0,9.0,23,19,-1.5,44.5,False,DAL,11,True,1.5,0
2020_17_GB_CHI,2020,17,2021-01-03,CHI,GB,13.0,21.0,16,35,-4.5,48.5,True,CHI,8,False,0.0,0
2020_17_JAX_IND,2020,17,2021-01-03,IND,JAX,20.0,7.0,28,14,15.5,48.0,False,JAX,13,False,0.0,0
2020_17_LAC_KC,2020,17,2021-01-03,KC,LAC,14.0,24.0,21,38,-7.0,43.0,True,KC,10,False,0.0,0
2020_17_LV_DEN,2020,17,2021-01-03,DEN,LV,10.0,17.0,31,32,-2.5,50.5,True,DEN,7,False,0.0,0
2020_17_MIA_BUF,2020,17,2021-01-03,BUF,MIA,28.0,6.0,56,26,-3.5,42.5,False,MIA,22,True,3.5,0
2020_17_MIN_DET,2020,17,2021-01-03,DET,MIN,16.0,21.0,35,37,-3.0,54.0,True,DET,5,False,0.0,0
2020_17_NO_CAR,2020,17,2021-01-03,CAR,NO,7.0,16.0,7,33,-6.0,47.0,True,CAR,9,False,0.0,0
2020_17_PIT_CLE,2020,17,2021-01-03,CLE,PIT,10.0,6.0,24,22,10.5,45.0,False,PIT,4,False,0.0,0
2020_17_SEA_SF,2020,17,2021-01-03,SF,SEA,3.0,6.0,23,26,-7.0,45.0,True,SF,3,False,0.0,0
2020_17_TEN_HOU,2020,17,2021-01-03,HOU,TEN,9.0,17.0,38,41,-7.0,55.5,True,HOU,8,False,0.0,0
2020_17_WAS_PHI,2020,17,2021-01-03,PHI,WAS,14.0,17.0,14,20,-6.5,43.5,True,PHI,3,False,0.0,0
2021_01_ARI_TEN,2021,1,2021-09-12,TEN,ARI,6.0,24.0,13,38,2.5,54.0,True,TEN,18,True,2.5,0
2021_01_BAL_LV,2021,1,2021-09-13,LV,BAL,10.0,14.0,33,27,-3.0,50.5,True,LV,4,False,0.0,1
2021_01_CHI_LA,2021,1,2021-09-12,LA,CHI,13.0,7.0,34,14,9.5,46.0,False,CHI,6,False,0.0,0
2021_01_CLE_KC,2021,1,2021-09-12,KC,CLE,10.0,22.0,33,29,5.5,54.5,True,KC,12,True,5.5,1
2021_01_DAL_TB,2021,1,2021-09-09,TB,DAL,21.0,16.0,31,29,10.0,52.5,False,DAL,5,False,0.0,0
2021_01_DEN_NYG,2021,1,2021-09-12,NYG,DEN,7.0,10.0,13,27,-3.0,41.5,True,NYG,3,False,0.0,0
2021_01_GB_NO,2021,1,2021-09-12,NO,GB,17.0,3.0,38,3,-4.0,49.0,False,GB,14,True,4.0,0
2021_01_JAX_HOU,2021,1,2021-09-12,HOU,JAX,27.0,7.0,37,21,-3.5,45.5,False,JAX,20,True,3.5,0
2021_01_LAC_WAS,2021,1,2021-09-12,WAS,LAC,9.0,13.0,16,20,2.5,45.5,True,WAS,4,True,2.5,0
2021_01_MIN_CIN,2021,1,2021-09-12,CIN,MIN,14.0,7.0,27,24,-3.0,47.0,False,MIN,7,True,3.0,0
2021_01_NYJ_CAR,2021,1,2021-09-12,CAR,NYJ,16.0,0.0,19,14,3.5,44.5,False,NYJ,16,False,0.0,0
2021_01_PHI_ATL,2021,1,2021-09-12,ATL,PHI,6.0,15.0,6,32,3.5,49.0,True,ATL,9,True,3.5,0
2021_01_PIT_BUF,2021,1,2021-09-12,BUF,PIT,10.0,0.0,16,23,6.5,48.0,False,PIT,10,False,0.0,1
2021_01_SEA_IND,2021,1,2021-09-12,IND,SEA,10.0,21.0,16,28,-3.0,49.0,True,IND,11,False,0.0,0
2021_01_SF_DET,2021,1,2021-09-12,DET,SF,10.0,31.0,33,41,-9.5,46.0,True,DET,21,False,0.0,0
2021_02_ATL_TB,2021,2,2021-09-19,TB,ATL,21.0,10.0,48,25,13.5,52.0,False,ATL,11,False,0.0,0
2021_02_BUF_MIA,2021,2,2021-09-19,MIA,BUF,0.0,14.0,0,35,-3.5,48.0,True,MIA,14,False,0.0,0
2021_02_CIN_CHI,2021,2,2021-09-19,CHI,CIN,7.0,0.0,20,17,2.0,44.5,False,CIN,7,False,0.0,0
2021_02_DAL_LAC,2021,2,2021-09-19,LAC,DAL,11.0,14.0,17,20,3.0,55.0,True,LAC,3,True,3.0,0
2021_02_DEN_JAX,2021,2,2021-09-19,JAX,DEN,7.0,10.0,13,23,-6.0,45.0,True,JAX,3,False,0.0,0
2021_02_DET_GB,2021,2,2021-09-20,GB,DET,14.0,17.0,35,17,11.5,49.5,True,GB,3,True,11.5,1
2021_02_KC_BAL,2021,2,2021-09-19,BAL,KC,17.0,21.0,36,35,-3.5,53.5,True,BAL,4,False,0.0,1
2021_02_LA_IND,2021,2,2021-09-19,IND,LA,6.0,10.0,24,27,-4.0,48.0,True,IND,4,False,0.0,0
2021_02_LV_PIT,2021,2,2021-09-19,PIT,LV,7.0,9.0,17,26,5.5,46.5,True,PIT,2,True,5.5,0
2021_02_MIN_ARI,2021,2,2021-09-19,ARI,MIN,24.0,23.0,34,33,4.0,51.0,False,MIN,1,False,0.0,0
2021_02_NE_NYJ,2021,2,2021-09-19,NYJ,NE,3.0,13.0,6,25,-5.5,43.0,True,NYJ,10,False,0.0,0
2021_02_NO_CAR,2021,2,2021-09-19,CAR,NO,17.0,0.0,26,7,-3.0,45.0,False,NO,17,True,3.0,0
2021_02_NYG_WAS,2021,2,2021-09-16,WAS,NYG,14.0,10.0,30,29,4.0,42.0,False,NYG,4,False,0.0,0
2021_02_SF_PHI,2021,2,2021-09-19,PHI,SF,3.0,7.0,11,17,-3.0,49.0,True,PHI,4,False,0.0,0
2021_02_TEN_SEA,2021,2,2021-09-19,SEA,TEN,24.0,9.0,30,33,6.5,53.5,False,TEN,15,False,0.0,1
2021_03_ARI_JAX,2021,3,2021-09-26,JAX,ARI,13.0,7.0,19,31,-8.0,51.5,False,ARI,6,True,8.0,1
2021_03_ATL_NYG,2021,3,2021-09-26,NYG,ATL,6.0,7.0,14,17,3.0,48.0,True,NYG,1,True,3.0,0
2021_03_BAL_DET,2021,3,2021-09-26,DET,BAL,0.0,10.0,17,19,-7.5,51.0,True,DET,10,False,0.0,0
2021_03_CAR_HOU,2021,3,2021-09-23,HOU,CAR,6.0,7.0,9,24,-8.0,43.0,True,HOU,1,False,0.0,0
2021_03_CHI_CLE,2021,3,2021-09-26,CLE,CHI,10.0,3.0,26,6,7.5,45.0,False,CHI,7,False,0.0,0
2021_03_CIN_PIT,2021,3,2021-09-26,PIT,CIN,7.0,14.0,10,24,2.5,42.5,True,PIT,7,True,2.5,0
2021_03_GB_SF,2021,3,2021-09-26,SF,GB,7.0,17.0,28,30,3.5,50.5,True,SF,10,True,3.5,0
2021_03_IND_TEN,2021,3,2021-09-26,TEN,IND,14.0,10.0,25,16,4.5,47.0,False,IND,4,False,0.0,0
2021_03_LAC_KC,2021,3,2021-09-26,KC,LAC,3.0,14.0,24,30,6.5,55.0,True,KC,11,True,6.5,0
2021_03_MIA_LV,2021,3,2021-09-26,LV,MIA,12.0,14.0,31,28,4.0,45.0,True,LV,2,True,4.0,1
2021_03_NO_NE,2021,3,2021-09-26,NE,NO,3.0,14.0,13,28,3.0,44.0,True,NE,11,True,3.0,0
2021_03_NYJ_DEN,2021,3,2021-09-26,DEN,NYJ,17.0,0.0,26,0,10.5,42.0,False,NYJ,17,False,0.0,0
2021_03_PHI_DAL,2021,3,2021-09-27,DAL,PHI,20.0,7.0,41,21,3.5,51.5,False,PHI,13,False,0.0,0
2021_03_SEA_MIN,2021,3,2021-09-26,MIN,SEA,21.0,17.0,30,17,-2.0,53.5,False,SEA,4,True,2.0,0
2021_03_TB_LA,2021,3,2021-09-26,LA,TB,14.0,7.0,34,24,-1.0,55.0,False,TB,7,True,1.0,0
2021_03_WAS_BUF,2021,3,2021-09-26,BUF,WAS,27.0,14.0,43,21,7.5,45.5,False,WAS,13,False,0.0,0
2021_04_ARI_LA,2021,4,2021-10-03,LA,ARI,13.0,24.0,20,37,3.5,53.5,True,LA,11,True,3.5,0
2021_04_BAL_DEN,2021,4,2021-10-03,DEN,BAL,7.0,17.0,7,23,1.0,44.0,True,DEN,10,True,1.0,0
2021_04_CAR_DAL,2021,4,2021-10-03,DAL,CAR,13.0,14.0,36,28,4.5,51.5,True,DAL,1,True,4.5,1
2021_04_CLE_MIN,2021,4,2021-10-03,MIN,CLE,7.0,11.0,7,14,-1.0,52.0,True,MIN,4,False,0.0,0
2021_04_DET_CHI,2021,4,2021-10-03,CHI,DET,14.0,0.0,24,14,3.0,42.0,False,DET,14,False,0.0,0
2021_04_HOU_BUF,2021,4,2021-10-03,BUF,HOU,16.0,0.0,40,0,19.0,47.5,False,HOU,16,False,0.0,0
2021_04_IND_MIA,2021,4,2021-10-03,MIA,IND,3.0,7.0,17,27,2.5,41.5,True,MIA,4,True,2.5,0
2021_04_JAX_CIN,2021,4,2021-09-30,CIN,JAX,0.0,14.0,24,21,7.5,46.0,True,CIN,14,True,7.5,1
2021_04_KC_PHI,2021,4,2021-10-03,PHI,KC,13.0,21.0,30,42,-7.5,53.5,True,PHI,8,False,0.0,0
2021_04_LV_LAC,2021,4,2021-10-04,LAC,LV,21.0,0.0,28,14,3.0,52.0,False,LV,21,False,0.0,0
2021_04_PIT_GB,2021,4,2021-10-03,GB,PIT,17.0,10.0,27,17,6.5,45.0,False,PIT,7,False,0.0,0
2021_04_TB_NE,2021,4,2021-10-03,NE,TB,7.0,6.0,17,19,-6.0,49.5,False,TB,1,True,6.0,1
2021_04_TEN_NYJ,2021,4,2021-10-03,NYJ,TEN,7.0,9.0,27,24,-5.5,44.5,True,NYJ,2,False,0.0,1
2021_04_WAS_ATL,2021,4,2021-10-03,ATL,WAS,17.0,13.0,30,34,-1.0,47.5,False,WAS,4,True,1.0,1
2021_05_BUF_KC,2021,5,2021-10-10,KC,BUF,13.0,24.0,20,38,2.5,57.0,True,KC,11,True,2.5,0
2021_05_CHI_LV,2021,5,2021-10-10,LV,CHI,3.0,14.0,9,20,5.5,46.0,True,LV,11,True,5.5,0
2021_05_CLE_LAC,2021,5,2021-10-10,LAC,CLE,13.0,20.0,47,42,2.5,46.5,True,LAC,7,True,2.5,1
2021_05_DEN_PIT,2021,5,2021-10-10,PIT,DEN,10.0,3.0,27,19,-2.0,40.0,False,DEN,7,True,2.0,0
2021_05_DET_MIN,2021,5,2021-10-10,MIN,DET,13.0,6.0,19,17,10.0,49.5,False,DET,7,False,0.0,0
2021_05_GB_CIN,2021,5,2021-10-10,CIN,GB,14.0,16.0,22,25,-2.0,50.0,True,CIN,2,False,0.0,0
2021_05_IND_BAL,2021,5,2021-10-11,BAL,IND,3.0,10.0,31,25,7.5,46.5,True,BAL,7,True,7.5,1
2021_05_LA_SEA,2021,5,2021-10-07,SEA,LA,7.0,3.0,17,26,-2.5,53.5,False,LA,4,True,2.5,1
2021_05_MIA_TB,2021,5,2021-10-10,TB,MIA,24.0,10.0,45,17,11.0,48.0,False,MIA,14,False,0.0,0
2021_05_NE_HOU,2021,5,2021-10-10,HOU,NE,15.0,9.0,22,25,-8.0,39.5,False,NE,6,True,8.0,1
2021_05_NO_WAS,2021,5,2021-10-10,WAS,NO,13.0,20.0,22,33,-2.5,43.5,True,WAS,7,False,0.0,0
2021_05_NYG_DAL,2021,5,2021-10-10,DAL,NYG,17.0,10.0,44,20,7.5,53.0,False,NYG,7,False,0.0,0
2021_05_NYJ_ATL,2021,5,2021-10-10,ATL,NYJ,20.0,3.0,27,20,3.0,45.5,False,NYJ,17,False,0.0,0
2021_05_PHI_CAR,2021,5,2021-10-10,CAR,PHI,15.0,6.0,18,21,2.5,46.0,False,PHI,9,False,0.0,1
2021_05_SF_ARI,2021,5,2021-10-10,ARI,SF,10.0,0.0,17,10,6.0,48.5,False,SF,10,False,0.0,0
2021_05_TEN_JAX,2021,5,2021-10-10,JAX,TEN,13.0,24.0,19,37,-4.0,49.0,True,JAX,11,False,0.0,0
2021_06_ARI_CLE,2021,6,2021-10-17,CLE,ARI,14.0,23.0,14,37,3.0,48.0,True,CLE,9,True,3.0,0
2021_06_BUF_TEN,2021,6,2021-10-18,TEN,BUF,17.0,20.0,34,31,-6.0,53.5,True,TEN,3,False,0.0,1
2021_06_CIN_DET,2021,6,2021-10-17,DET,CIN,0.0,10.0,11,34,-3.5,46.5,True,DET,10,False,0.0,0
2021_06_DAL_NE,2021,6,2021-10-17,NE,DAL,14.0,10.0,29,35,-3.5,50.5,False,DAL,4,True,3.5,1
2021_06_GB_CHI,2021,6,2021-10-17,CHI,GB,7.0,10.0,14,24,-5.5,44.0,True,CHI,3,False,0.0,0
2021_06_HOU_IND,2021,6,2021-10-17,IND,HOU,10.0,3.0,31,3,10.5,43.5,False,HOU,7,False,0.0,0
2021_06_KC_WAS,2021,6,2021-10-17,WAS,KC,13.0,10.0,13,31,-6.0,54.0,False,KC,3,True,6.0,1
2021_06_LAC_BAL,2021,6,2021-10-17,BAL,LAC,17.0,6.0,34,6,3.0,50.5,False,LAC,11,False,0.0,0
2021_06_LA_NYG,2021,6,2021-10-17,NYG,LA,3.0,28.0,11,38,-7.5,49.5,True,NYG,25,False,0.0,0
2021_06_LV_DEN,2021,6,2021-10-17,DEN,LV,7.0,17.0,24,34,5.0,45.5,True,DEN,10,True,5.0,0
2021_06_MIA_JAX,2021,6,2021-10-17,JAX,MIA,10.0,13.0,23,20,-2.5,47.5,True,JAX,3,False,0.0,1
2021_06_MIN_CAR,2021,6,2021-10-17,CAR,MIN,10.0,12.0,28,34,-2.5,45.5,True,CAR,2,False,0.0,0
2021_06_SEA_PIT,2021,6,2021-10-17,PIT,SEA,14.0,0.0,23,20,5.5,43.0,False,SEA,14,False,0.0,0
2021_06_TB_PHI,2021,6,2021-10-14,PHI,TB,7.0,21.0,22,28,-7.0,53.0,True,PHI,14,False,0.0,0
2021_07_ATL_MIA,2021,7,2021-10-24,MIA,ATL,7.0,13.0,28,30,-1.5,48.5,True,MIA,6,False,0.0,0
2021_07_CAR_NYG,2021,7,2021-10-24,NYG,CAR,5.0,3.0,25,3,-3.0,42.5,False,CAR,2,True,3.0,0
2021_07_CHI_TB,2021,7,2021-10-24,TB,CHI,35.0,3.0,38,3,12.5,47.0,False,CHI,32,False,0.0,0
2021_07_CIN_BAL,2021,7,2021-10-24,BAL,CIN,10.0,13.0,17,41,6.5,45.5,True,BAL,3,True,6.5,0
2021_07_DEN_CLE,2021,7,2021-10-21,CLE,DEN,10.0,0.0,17,14,2.0,40.5,False,DEN,10,False,0.0,0
2021_07_DET_LA,2021,7,2021-10-24,LA,DET,17.0,16.0,28,19,17.0,51.0,False,DET,1,False,0.0,0
2021_07_HOU_ARI,2021,7,2021-10-24,ARI,HOU,17.0,5.0,31,5,20.5,47.0,False,HOU,12,False,0.0,0
2021_07_IND_SF,2021,7,2021-10-24,SF,IND,12.0,13.0,18,30,3.5,41.5,True,SF,1,True,3.5,0
2021_07_KC_TEN,2021,7,2021-10-24,TEN,KC,27.0,0.0,27,3,-4.0,57.5,False,KC,27,True,4.0,0
2021_07_NO_SEA,2021,7,2021-10-25,SEA,NO,7.0,10.0,10,13,-6.0,42.0,True,SEA,3,False,0.0,0
2021_07_NYJ_NE,2021,7,2021-10-24,NE,NYJ,31.0,7.0,54,13,7.0,43.0,False,NYJ,24,False,0.0,0
2021_07_PHI_LV,2021,7,2021-10-24,LV,PHI,17.0,7.0,33,22,1.0,48.0,False,PHI,10,False,0.0,0
2021_07_WAS_GB,2021,7,2021-10-24,GB,WAS,14.0,7.0,24,10,8.5,48.0,False,WAS,7,False,0.0,0
2021_08_CAR_ATL,2021,8,2021-10-31,ATL,CAR,10.0,9.0,13,19,2.5,47.0,False,CAR,1,False,0.0,1
2021_08_CIN_NYJ,2021,8,2021-10-31,NYJ,CIN,14.0,17.0,34,31,-11.5,43.5,True,NYJ,3,False,0.0,1
2021_08_DAL_MIN,2021,8,2021-10-31,MIN,DAL,10.0,3.0,16,20,4.5,49.5,False,DAL,7,False,0.0,1
2021_08_GB_ARI,2021,8,2021-10-28,ARI,GB,7.0,10.0,21,24,6.5,51.0,True,ARI,3,True,6.5,0
2021_08_JAX_SEA,2021,8,2021-10-31,SEA,JAX,17.0,0.0,31,7,4.0,44.0,False,JAX,17,False,0.0,0
2021_08_LA_HOU,2021,8,2021-10-31,HOU,LA,0.0,24.0,22,38,-17.0,47.0,True,HOU,24,False,0.0,0
2021_08_NE_LAC,2021,8,2021-10-31,LAC,NE,14.0,13.0,24,27,3.5,50.5,False,NE,1,False,0.0,1
2021_08_NYG_KC,2021,8,2021-11-01,KC,NYG,14.0,10.0,20,17,10.5,53.0,False,NYG,4,False,0.0,0
2021_08_PHI_DET,2021,8,2021-10-31,DET,PHI,0.0,17.0,6,44,-3.0,48.5,True,DET,17,False,0.0,0
2021_08_SF_CHI,2021,8,2021-10-31,CHI,SF,13.0,9.0,22,33,-4.5,40.0,False,SF,4,True,4.5,1
2021_08_TB_NO,2021,8,2021-10-31,NO,TB,16.0,7.0,36,27,-4.0,48.5,False,TB,9,True,4.0,0
2021_08_TEN_IND,2021,8,2021-10-31,IND,TEN,17.0,14.0,31,34,3.0,51.0,False,TEN,3,False,0.0,1
2021_08_WAS_DEN,2021,8,2021-10-31,DEN,WAS,10.0,3.0,17,10,4.0,45.0,False,WAS,7,False,0.0,0
2021_09_ARI_SF,2021,9,2021-11-07,SF,ARI,7.0,17.0,17,31,5.5,44.5,True,SF,10,True,5.5,0
2021_09_ATL_NO,2021,9,2021-11-07,NO,ATL,0.0,10.0,25,27,7.0,43.0,True,NO,10,True,7.0,0
2021_09_CHI_PIT,2021,9,2021-11-08,PIT,CHI,14.0,3.0,29,27,7.0,40.0,False,CHI,11,False,0.0,0
2021_09_CLE_CIN,2021,9,2021-11-07,CIN,CLE,10.0,24.0,16,41,2.5,47.5,True,CIN,14,True,2.5,0
2021_09_DEN_DAL,2021,9,2021-11-07,DAL,DEN,0.0,16.0,16,30,10.5,50.0,True,DAL,16,True,10.5,0
2021_09_GB_KC,2021,9,2021-11-07,KC,GB,13.0,0.0,13,7,7.0,48.0,False,GB,13,False,0.0,0
2021_09_HOU_MIA,2021,9,2021-11-07,MIA,HOU,17.0,6.0,17,9,4.0,45.0,False,HOU,11,False,0.0,0
2021_09_LAC_PHI,2021,9,2021-11-07,PHI,LAC,10.0,7.0,24,27,-1.0,49.5,False,LAC,3,True,1.0,1
2021_09_LV_NYG,2021,9,2021-11-07,NYG,LV,10.0,13.0,23,16,-3.0,47.0,True,NYG,3,False,0.0,1
2021_09_MIN_BAL,2021,9,2021-11-07,BAL,MIN,10.0,17.0,34,31,7.5,51.0,True,BAL,7,True,7.5,1
2021_09_NE_CAR,2021,9,2021-11-07,CAR,NE,6.0,14.0,6,24,-3.5,41.5,True,CAR,8,False,0.0,0
2021_09_NYJ_IND,2021,9,2021-11-04,IND,NYJ,28.0,10.0,45,30,10.5,46.0,False,NYJ,18,False,0.0,0
2021_09_TEN_LA,2021,9,2021-11-07,LA,TEN,3.0,21.0,16,28,7.0,53.5,True,LA,18,True,7.0,0
2021_10_ATL_DAL,2021,10,2021-11-14,DAL,ATL,36.0,3.0,43,3,8.0,55.0,False,ATL,33,False,0.0,0
2021_10_BAL_MIA,2021,10,2021-11-11,MIA,BAL,6.0,3.0,22,10,-8.5,46.5,False,BAL,3,True,8.5,0
2021_10_BUF_NYJ,2021,10,2021-11-14,NYJ,BUF,3.0,17.0,17,45,-13.0,47.0,True,NYJ,14,False,0.0,0
2021_10_CAR_ARI,2021,10,2021-11-14,ARI,CAR,0.0,23.0,10,34,7.0,42.0,True,ARI,23,True,7.0,0
2021_10_CLE_NE,2021,10,2021-11-14,NE,CLE,24.0,7.0,45,7,2.5,45.5,False,CLE,17,False,0.0,0
2021_10_JAX_IND,2021,10,2021-11-14,IND,JAX,20.0,9.0,23,17,10.5,47.5,False,JAX,11,False,0.0,0
2021_10_KC_LV,2021,10,2021-11-14,LV,KC,7.0,17.0,14,41,-2.5,53.5,True,LV,10,False,0.0,0
2021_10_LA_SF,2021,10,2021-11-15,SF,LA,21.0,7.0,31,10,-3.5,50.0,False,LA,14,True,3.5,0
2021_10_MIN_LAC,2021,10,2021-11-14,LAC,MIN,10.0,13.0,20,27,3.0,53.5,True,LAC,3,True,3.0,0
2021_10_NO_TEN,2021,10,2021-11-14,TEN,NO,13.0,6.0,23,21,3.0,44.0,False,NO,7,False,0.0,0
2021_10_PHI_DEN,2021,10,2021-11-14,DEN,PHI,10.0,20.0,13,30,1.0,44.5,True,DEN,10,True,1.0,0
2021_10_SEA_GB,2021,10,2021-11-14,GB,SEA,3.0,0.0,17,0,3.0,49.5,False,SEA,3,False,0.0,0
2021_10_TB_WAS,2021,10,2021-11-14,WAS,TB,16.0,6.0,29,19,-10.0,51.0,False,TB,10,True,10.0,0
2021_11_ARI_SEA,2021,11,2021-11-21,SEA,ARI,6.0,13.0,13,23,2.5,46.0,True,SEA,7,True,2.5,0
2021_11_BAL_CHI,2021,11,2021-11-21,CHI,BAL,0.0,6.0,13,16,-5.0,43.0,True,CHI,6,False,0.0,0
2021_11_CIN_LV,2021,11,2021-11-21,LV,CIN,6.0,10.0,13,32,-1.0,50.5,True,LV,4,False,0.0,0
2021_11_DAL_KC,2021,11,2021-11-21,KC,DAL,16.0,3.0,19,9,2.5,56.0,False,DAL,13,False,0.0,0
2021_11_DET_CLE,2021,11,2021-11-21,CLE,DET,13.0,0.0,13,10,13.0,42.5,False,DET,13,False,0.0,0
2021_11_GB_MIN,2021,11,2021-11-21,MIN,GB,16.0,10.0,34,31,-1.0,48.0,False,GB,6,True,1.0,0
2021_11_HOU_TEN,2021,11,2021-11-21,TEN,HOU,0.0,12.0,13,22,10.5,44.5,True,TEN,12,True,10.5,0
2021_11_IND_BUF,2021,11,2021-11-21,BUF,IND,7.0,24.0,15,41,7.5,49.5,True,BUF,17,True,7.5,0
2021_11_NE_ATL,2021,11,2021-11-18,ATL,NE,0.0,13.0,0,25,-7.0,47.5,True,ATL,13,False,0.0,0
2021_11_NO_PHI,2021,11,2021-11-21,PHI,NO,27.0,7.0,40,29,2.5,42.5,False,NO,20,False,0.0,0
2021_11_NYG_TB,2021,11,2021-11-22,TB,NYG,17.0,10.0,30,10,11.5,49.5,False,NYG,7,False,0.0,0
2021_11_PIT_LAC,2021,11,2021-11-21,LAC,PIT,17.0,10.0,41,37,5.5,47.5,False,PIT,7,False,0.0,0
2021_11_SF_JAX,2021,11,2021-11-21,JAX,SF,3.0,20.0,10,30,-6.5,45.0,True,JAX,17,False,0.0,0
2021_12_ATL_JAX,2021,12,2021-11-28,JAX,ATL,3.0,14.0,14,21,-1.5,46.0,True,JAX,11,False,0.0,0
2021_12_BUF_NO,2021,12,2021-11-25,NO,BUF,0.0,10.0,6,31,-7.0,45.0,True,NO,10,False,0.0,0
2021_12_CAR_MIA,2021,12,2021-11-28,MIA,CAR,21.0,10.0,33,10,-1.0,41.0,False,CAR,11,True,1.0,0
2021_12_CHI_DET,2021,12,2021-11-25,DET,CHI,7.0,10.0,14,16,-2.0,41.5,True,DET,3,False,0.0,0
2021_12_CLE_BAL,2021,12,2021-11-28,BAL,CLE,6.0,3.0,16,10,3.0,47.0,False,CLE,3,False,0.0,0
2021_12_LAC_DEN,2021,12,2021-11-28,DEN,LAC,14.0,7.0,28,13,-2.5,47.5,False,LAC,7,True,2.5,0
2021_12_LA_GB,2021,12,2021-11-28,GB,LA,20.0,17.0,36,28,-2.0,47.0,False,LA,3,True,2.0,0
2021_12_LV_DAL,2021,12,2021-11-25,DAL,LV,13.0,17.0,33,36,7.0,51.0,True,DAL,4,True,7.0,0
2021_12_NYJ_HOU,2021,12,2021-11-28,HOU,NYJ,14.0,11.0,14,21,3.0,44.5,False,NYJ,3,False,0.0,1
2021_12_PHI_NYG,2021,12,2021-11-28,NYG,PHI,3.0,0.0,13,7,-4.0,45.5,False,PHI,3,True,4.0,0
2021_12_PIT_CIN,2021,12,2021-11-28,CIN,PIT,31.0,3.0,41,10,3.5,43.5,False,PIT,28,False,0.0,0
2021_12_TB_IND,2021,12,2021-11-28,IND,TB,24.0,14.0,31,38,-3.0,53.0,False,TB,10,True,3.0,1
2021_12_TEN_NE,2021,12,2021-11-28,NE,TEN,16.0,13.0,36,13,7.5,43.0,False,TEN,3,False,0.0,0
2021_13_ARI_CHI,2021,13,2021-12-05,CHI,ARI,7.0,21.0,22,33,-7.5,43.5,True,CHI,14,False,0.0,0
2021_13_BAL_PIT,2021,13,2021-12-05,PIT,BAL,3.0,7.0,20,19,-4.0,44.0,True,PIT,4,False,0.0,1
2021_13_DAL_NO,2021,13,2021-12-02,NO,DAL,7.0,13.0,17,27,-6.0,46.0,True,NO,6,False,0.0,0
2021_13_DEN_KC,2021,13,2021-12-05,KC,DEN,10.0,3.0,22,9,8.5,46.5,False,DEN,7,False,0.0,0
2021_13_IND_HOU,2021,13,2021-12-05,HOU,IND,0.0,14.0,0,31,-10.0,45.5,True,HOU,14,False,0.0,0
2021_13_JAX_LA,2021,13,2021-12-05,LA,JAX,16.0,7.0,37,7,14.0,48.0,False,JAX,9,False,0.0,0
2021_13_LAC_CIN,2021,13,2021-12-05,CIN,LAC,13.0,24.0,22,41,2.5,49.5,True,CIN,11,True,2.5,0
2021_13_MIN_DET,2021,13,2021-12-05,DET,MIN,20.0,6.0,29,27,-7.0,47.5,False,MIN,14,True,7.0,0
2021_13_NE_BUF,2021,13,2021-12-06,BUF,NE,7.0,11.0,10,14,3.0,40.0,True,BUF,4,True,3.0,0
2021_13_NYG_MIA,2021,13,2021-12-05,MIA,NYG,10.0,3.0,20,9,6.5,40.0,False,NYG,7,False,0.0,0
2021_13_PHI_NYJ,2021,13,2021-12-05,NYJ,PHI,18.0,24.0,18,33,-5.0,44.0,True,NYJ,6,False,0.0,0
2021_13_SF_SEA,2021,13,2021-12-05,SEA,SF,21.0,23.0,30,23,-3.0,44.5,True,SEA,2,False,0.0,1
2021_13_TB_ATL,2021,13,2021-12-05,ATL,TB,17.0,20.0,17,30,-11.0,51.0,True,ATL,3,False,0.0,0
2021_13_WAS_LV,2021,13,2021-12-05,LV,WAS,3.0,7.0,15,17,1.0,47.5,True,LV,4,True,1.0,0
2021_14_ATL_CAR,2021,14,2021-12-12,CAR,ATL,7.0,17.0,21,29,2.5,41.0,True,CAR,10,True,2.5,0
2021_14_BAL_CLE,2021,14,2021-12-12,CLE,BAL,24.0,6.0,24,22,3.0,44.0,False,BAL,18,False,0.0,0
2021_14_BUF_TB,2021,14,2021-12-12,TB,BUF,24.0,3.0,33,27,3.5,52.5,False,BUF,21,False,0.0,0
2021_14_CHI_GB,2021,14,2021-12-12,GB,CHI,21.0,27.0,45,30,11.5,43.0,True,GB,6,True,11.5,1
2021_14_DAL_WAS,2021,14,2021-12-12,WAS,DAL,0.0,24.0,20,27,-6.5,48.0,True,WAS,24,False,0.0,0
2021_14_DET_DEN,2021,14,2021-12-12,DEN,DET,17.0,10.0,38,10,13.0,42.0,False,DET,7,False,0.0,0
2021_14_JAX_TEN,2021,14,2021-12-12,TEN,JAX,10.0,0.0,20,0,8.5,44.5,False,JAX,10,False,0.0,0
2021_14_LV_KC,2021,14,2021-12-12,KC,LV,35.0,3.0,48,9,10.0,48.0,False,LV,32,False,0.0,0
2021_14_NO_NYJ,2021,14,2021-12-12,NYJ,NO,6.0,10.0,9,30,-4.5,42.0,True,NYJ,4,False,0.0,0
2021_14_NYG_LAC,2021,14,2021-12-12,LAC,NYG,24.0,7.0,37,21,9.5,44.0,False,NYG,17,False,0.0,0
2021_14_PIT_MIN,2021,14,2021-12-09,MIN,PIT,23.0,0.0,36,28,3.5,45.0,False,PIT,23,False,0.0,0
2021_14_SEA_HOU,2021,14,2021-12-12,HOU,SEA,13.0,16.0,13,33,-10.0,40.5,True,HOU,3,False,0.0,0
2021_14_SF_CIN,2021,14,2021-12-12,CIN,SF,6.0,17.0,23,26,-2.5,49.0,True,CIN,11,False,0.0,0
2021_15_ARI_DET,2021,15,2021-12-19,DET,ARI,17.0,0.0,30,12,-13.0,48.0,False,ARI,17,True,13.0,0
2021_15_ATL_SF,2021,15,2021-12-19,SF,ATL,17.0,10.0,31,13,9.5,48.0,False,ATL,7,False,0.0,0
2021_15_CAR_BUF,2021,15,2021-12-19,BUF,CAR,17.0,8.0,31,14,14.0,43.0,False,CAR,9,False,0.0,0
2021_15_CIN_DEN,2021,15,2021-12-19,DEN,CIN,3.0,6.0,10,15,3.0,45.0,True,DEN,3,True,3.0,0
2021_15_DAL_NYG,2021,15,2021-12-19,NYG,DAL,3.0,15.0,6,21,-11.5,43.0,True,NYG,12,False,0.0,0
2021_15_HOU_JAX,2021,15,2021-12-19,JAX,HOU,10.0,20.0,16,30,6.0,40.0,True,JAX,10,True,6.0,0
2021_15_KC_LAC,2021,15,2021-12-16,LAC,KC,14.0,10.0,28,34,-3.0,54.0,False,KC,4,True,3.0,1
2021_15_LV_CLE,2021,15,2021-12-20,CLE,LV,0.0,10.0,14,16,-3.0,41.0,True,CLE,10,False,0.0,0
2021_15_MIN_CHI,2021,15,2021-12-20,CHI,MIN,3.0,10.0,9,17,-7.0,48.0,True,CHI,7,False,0.0,0
2021_15_NE_IND,2021,15,2021-12-18,IND,NE,17.0,0.0,27,17,-1.0,46.0,False,NE,17,True,1.0,0
2021_15_NO_TB,2021,15,2021-12-19,TB,NO,0.0,6.0,0,9,11.5,45.5,True,TB,6,True,11.5,0
2021_15_NYJ_MIA,2021,15,2021-12-19,MIA,NYJ,10.0,17.0,31,24,10.5,42.0,True,MIA,7,True,10.5,1
2021_15_TEN_PIT,2021,15,2021-12-19,PIT,TEN,3.0,13.0,19,13,1.0,44.0,True,PIT,10,True,1.0,1
2021_16_BAL_CIN,2021,16,2021-12-26,CIN,BAL,31.0,14.0,41,21,7.5,43.0,False,BAL,17,False,0.0,0
2021_16_BUF_NE,2021,16,2021-12-26,NE,BUF,7.0,17.0,21,33,1.0,43.5,True,NE,10,True,1.0,0
2021_16_CHI_SEA,2021,16,2021-12-26,SEA,CHI,17.0,7.0,24,25,7.0,41.0,False,CHI,10,False,0.0,1
2021_16_CLE_GB,2021,16,2021-12-25,GB,CLE,21.0,12.0,24,22,7.5,46.5,False,CLE,9,False,0.0,0
2021_16_DEN_LV,2021,16,2021-12-26,LV,DEN,7.0,13.0,17,13,-1.0,42.0,True,LV,6,False,0.0,1
2021_16_IND_ARI,2021,16,2021-12-25,ARI,IND,6.0,12.0,16,22,3.0,48.0,True,ARI,6,True,3.0,0
2021_16_JAX_NYJ,2021,16,2021-12-26,NYJ,JAX,13.0,12.0,26,21,2.5,42.5,False,JAX,1,False,0.0,0
2021_16_LAC_HOU,2021,16,2021-12-26,HOU,LAC,17.0,12.0,41,29,-13.5,46.0,False,LAC,5,True,13.5,0
2021_16_LA_MIN,2021,16,2021-12-26,MIN,LA,3.0,13.0,23,30,-3.5,48.5,True,MIN,10,False,0.0,0
2021_16_MIA_NO,2021,16,2021-12-27,NO,MIA,3.0,10.0,3,20,-3.0,37.5,True,NO,7,False,0.0,0
2021_16_PIT_KC,2021,16,2021-12-26,KC,PIT,23.0,0.0,36,10,10.5,44.0,False,PIT,23,False,0.0,0
2021_16_SF_TEN,2021,16,2021-12-23,TEN,SF,0.0,10.0,20,17,-3.5,45.5,True,TEN,10,False,0.0,1
2021_16_TB_CAR,2021,16,2021-12-26,CAR,TB,6.0,19.0,6,32,-11.5,44.5,True,CAR,13,False,0.0,0
2021_16_WAS_DAL,2021,16,2021-12-26,DAL,WAS,42.0,7.0,56,14,10.5,45.5,False,WAS,35,False,0.0,0
2021_17_ARI_DAL,2021,17,2022-01-02,DAL,ARI,7.0,10.0,22,25,6.5,53.0,True,DAL,3,True,6.5,0
2021_17_ATL_BUF,2021,17,2022-01-02,BUF,ATL,14.0,15.0,29,15,14.0,46.5,True,BUF,1,True,14.0,1
2021_17_CAR_NO,2021,17,2022-01-02,NO,CAR,9.0,10.0,18,10,7.0,37.0,True,NO,1,True,7.0,1
2021_17_CLE_PIT,2021,17,2022-01-03,PIT,CLE,10.0,0.0,26,14,-1.0,43.5,False,CLE,10,True,1.0,0
2021_17_DEN_LAC,2021,17,2022-01-02,LAC,DEN,17.0,3.0,34,13,8.0,45.5,False,DEN,14,False,0.0,0
2021_17_DET_SEA,2021,17,2022-01-02,SEA,DET,31.0,7.0,51,29,8.5,41.5,False,DET,24,False,0.0,0
2021_17_HOU_SF,2021,17,2022-01-02,SF,HOU,3.0,7.0,23,7,14.0,44.0,True,SF,4,True,14.0,1
2021_17_JAX_NE,2021,17,2022-01-02,NE,JAX,28.0,3.0,50,10,17.5,42.0,False,JAX,25,False,0.0,0
2021_17_KC_CIN,2021,17,2022-01-02,CIN,KC,17.0,28.0,34,31,-3.5,51.0,True,CIN,11,False,0.0,1
2021_17_LA_BAL,2021,17,2022-01-02,BAL,LA,13.0,7.0,19,20,-7.0,47.0,False,LA,6,True,7.0,1
2021_17_LV_IND,2021,17,2022-01-02,IND,LV,10.0,13.0,20,23,8.5,46.5,True,IND,3,True,8.5,0
2021_17_MIA_TEN,2021,17,2022-01-02,TEN,MIA,17.0,3.0,34,3,3.0,41.0,False,MIA,14,False,0.0,0
2021_17_MIN_GB,2021,17,2022-01-02,GB,MIN,20.0,3.0,37,10,13.0,42.0,False,MIN,17,False,0.0,0
2021_17_NYG_CHI,2021,17,2022-01-02,CHI,NYG,22.0,3.0,29,3,7.0,36.5,False,NYG,19,False,0.0,0
2021_17_PHI_WAS,2021,17,2022-01-02,WAS,PHI,16.0,7.0,16,20,-6.5,44.5,False,PHI,9,True,6.5,1
2021_17_TB_NYJ,2021,17,2022-01-02,NYJ,TB,17.0,10.0,24,28,-14.5,48.0,False,TB,7,True,14.5,1
2021_18_CAR_TB,2021,18,2022-01-09,TB,CAR,10.0,7.0,41,17,11.0,43.0,False,CAR,3,False,0.0,0
2021_18_CHI_MIN,2021,18,2022-01-09,MIN,CHI,3.0,14.0,31,17,3.5,45.5,True,MIN,11,True,3.5,1
2021_18_CIN_CLE,2021,18,2022-01-09,CLE,CIN,14.0,7.0,21,16,6.5,38.0,False,CIN,7,False,0.0,0
2021_18_DAL_PHI,2021,18,2022-01-08,PHI,DAL,17.0,30.0,26,51,-6.5,46.0,True,PHI,13,False,0.0,0
2021_18_GB_DET,2021,18,2022-01-09,DET,GB,17.0,13.0,37,30,-4.0,45.0,False,GB,4,True,4.0,0
2021_18_IND_JAX,2021,18,2022-01-09,JAX,IND,13.0,3.0,26,11,-14.0,43.0,False,IND,10,True,14.0,0
2021_18_KC_DEN,2021,18,2022-01-08,DEN,KC,14.0,10.0,24,28,-11.5,44.5,False,KC,4,True,11.5,1
2021_18_LAC_LV,2021,18,2022-01-09,LV,LAC,17.0,14.0,35,32,-3.5,48.0,False,LAC,3,True,3.5,0
2021_18_NE_MIA,2021,18,2022-01-09,MIA,NE,17.0,7.0,33,24,-6.0,41.0,False,NE,10,True,6.0,0
2021_18_NO_ATL,2021,18,2022-01-09,ATL,NO,6.0,24.0,20,30,-4.5,40.0,True,ATL,18,False,0.0,0
2021_18_NYJ_BUF,2021,18,2022-01-09,BUF,NYJ,13.0,7.0,27,10,16.0,43.0,False,NYJ,6,False,0.0,0
2021_18_SEA_ARI,2021,18,2022-01-09,ARI,SEA,10.0,17.0,30,38,5.5,48.0,True,ARI,7,True,5.5,0
2021_18_SF_LA,2021,18,2022-01-09,LA,SF,17.0,3.0,24,27,3.0,46.5,False,SF,14,False,0.0,1
2021_18_TEN_HOU,2021,18,2022-01-09,HOU,TEN,0.0,21.0,25,28,-10.5,43.0,True,HOU,21,False,0.0,0
2021_18_WAS_NYG,2021,18,2022-01-09,NYG,WAS,0.0,6.0,7,22,-6.0,36.0,True,NYG,6,False,0.0,0
2022_01_BAL_NYJ,2022,1,2022-09-11,NYJ,BAL,3.0,10.0,9,24,-6.5,44.0,True,NYJ,7,False,0.0,0
2022_01_CLE_CAR,2022,1,2022-09-11,CAR,CLE,7.0,17.0,24,26,2.5,42.5,True,CAR,10,True,2.5,0
2022_01_DEN_SEA,2022,1,2022-09-12,SEA,DEN,17.0,13.0,17,16,-6.0,44.0,False,DEN,4,True,6.0,0
2022_01_GB_MIN,2022,1,2022-09-11,MIN,GB,17.0,0.0,23,7,2.5,47.0,False,GB,17,False,0.0,0
2022_01_IND_HOU,2022,1,2022-09-11,HOU,IND,10.0,3.0,20,20,-7.0,46.0,False,IND,7,True,7.0,0
2022_01_JAX_WAS,2022,1,2022-09-11,WAS,JAX,14.0,3.0,28,22,3.0,43.5,False,JAX,11,False,0.0,0
2022_01_KC_ARI,2022,1,2022-09-11,ARI,KC,7.0,23.0,21,44,-6.0,54.0,True,ARI,16,False,0.0,0
2022_01_LV_LAC,2022,1,2022-09-11,LAC,LV,17.0,3.0,24,19,3.5,52.5,False,LV,14,False,0.0,0
2022_01_NE_MIA,2022,1,2022-09-11,MIA,NE,17.0,0.0,20,7,3.0,47.0,False,NE,17,False,0.0,0
2022_01_NO_ATL,2022,1,2022-09-11,ATL,NO,16.0,7.0,26,27,-6.0,43.5,False,NO,9,True,6.0,1
2022_01_NYG_TEN,2022,1,2022-09-11,TEN,NYG,13.0,0.0,20,21,5.5,43.5,False,NYG,13,False,0.0,1
2022_01_PHI_DET,2022,1,2022-09-11,DET,PHI,14.0,24.0,35,38,-6.0,49.0,True,DET,10,False,0.0,0
2022_01_PIT_CIN,2022,1,2022-09-11,CIN,PIT,6.0,17.0,20,23,7.5,44.5,True,CIN,11,True,7.5,0
2022_01_SF_CHI,2022,1,2022-09-11,CHI,SF,0.0,7.0,19,10,-6.5,38.0,True,CHI,7,False,0.0,1
2022_01_TB_DAL,2022,1,2022-09-11,DAL,TB,3.0,12.0,3,19,-2.5,49.5,True,DAL,9,False,0.0,0
2022_02_ARI_LV,2022,2,2022-09-18,LV,ARI,20.0,0.0,23,29,5.5,51.5,False,ARI,20,False,0.0,1
2022_02_ATL_LA,2022,2,2022-09-18,LA,ATL,21.0,3.0,31,27,10.5,46.5,False,ATL,18,False,0.0,0
2022_02_CHI_GB,2022,2,2022-09-18,GB,CHI,24.0,7.0,27,10,10.5,42.0,False,CHI,17,False,0.0,0
2022_02_CIN_DAL,2022,2,2022-09-18,DAL,CIN,17.0,3.0,20,17,-7.5,42.0,False,CIN,14,True,7.5,0
2022_02_IND_JAX,2022,2,2022-09-18,JAX,IND,17.0,0.0,24,0,-3.0,43.5,False,IND,17,True,3.0,0
2022_02_LAC_KC,2022,2,2022-09-15,KC,LAC,7.0,10.0,27,24,4.0,52.5,True,KC,3,True,4.0,1
2022_02_MIA_BAL,2022,2,2022-09-18,BAL,MIA,28.0,7.0,38,42,3.0,44.0,False,MIA,21,False,0.0,1
2022_02_MIN_PHI,2022,2,2022-09-19,PHI,MIN,24.0,7.0,24,7,2.5,49.5,False,MIN,17,False,0.0,0
2022_02_NE_PIT,2022,2,2022-09-18,PIT,NE,3.0,10.0,14,17,-3.0,40.0,True,PIT,7,False,0.0,0
2022_02_SEA_SF,2022,2,2022-09-18,SF,SEA,20.0,0.0,27,7,8.5,40.0,False,SEA,20,False,0.0,0
2022_02_TB_NO,2022,2,2022-09-18,NO,TB,3.0,0.0,10,20,-2.5,44.0,False,TB,3,True,2.5,1
2022_02_TEN_BUF,2022,2,2022-09-19,BUF,TEN,17.0,7.0,41,7,10.0,47.5,False,TEN,10,False,0.0,0
2022_02_WAS_DET,2022,2,2022-09-18,DET,WAS,22.0,0.0,36,27,-1.0,48.5,False,WAS,22,True,1.0,0
2022_03_ATL_SEA,2022,3,2022-09-25,SEA,ATL,20.0,17.0,23,27,1.0,43.0,False,ATL,3,False,0.0,1
2022_03_BAL_NE,2022,3,2022-09-25,NE,BAL,13.0,14.0,26,37,-2.5,45.5,True,NE,1,False,0.0,0
2022_03_CIN_NYJ,2022,3,2022-09-25,NYJ,CIN,9.0,20.0,12,27,-6.5,46.0,True,NYJ,11,False,0.0,0
2022_03_DAL_NYG,2022,3,2022-09-26,NYG,DAL,3.0,6.0,16,23,1.0,38.5,True,NYG,3,True,1.0,0
2022_03_GB_TB,2022,3,2022-09-25,TB,GB,3.0,14.0,12,14,1.0,41.5,True,TB,11,True,1.0,0
2022_03_HOU_CHI,2022,3,2022-09-25,CHI,HOU,13.0,14.0,23,20,3.0,40.0,True,CHI,1,True,3.0,1
2022_03_JAX_LAC,2022,3,2022-09-25,LAC,JAX,7.0,16.0,10,38,6.5,46.0,True,LAC,9,True,6.5,0
2022_03_KC_IND,2022,3,2022-09-25,IND,KC,10.0,14.0,20,17,-4.5,51.0,True,IND,4,False,0.0,1
2022_03_LA_ARI,2022,3,2022-09-25,ARI,LA,6.0,13.0,12,20,-3.5,49.0,True,ARI,7,False,0.0,0
2022_03_LV_TEN,2022,3,2022-09-25,TEN,LV,24.0,10.0,24,22,-1.5,45.5,False,LV,14,True,1.5,0
2022_03_NO_CAR,2022,3,2022-09-25,CAR,NO,13.0,0.0,22,14,-2.0,41.0,False,NO,13,True,2.0,0
2022_03_PHI_WAS,2022,3,2022-09-25,WAS,PHI,0.0,24.0,8,24,-6.0,47.0,True,WAS,24,False,0.0,0
2022_03_PIT_CLE,2022,3,2022-09-22,CLE,PIT,13.0,14.0,29,17,4.5,38.0,True,CLE,1,True,4.5,1
2022_03_SF_DEN,2022,3,2022-09-25,DEN,SF,3.0,7.0,11,10,-1.0,44.0,True,DEN,4,False,0.0,1
2022_04_ARI_CAR,2022,4,2022-10-02,CAR,ARI,10.0,3.0,16,26,1.0,44.0,False,ARI,7,False,0.0,1
2022_04_BUF_BAL,2022,4,2022-10-02,BAL,BUF,20.0,10.0,20,23,-3.0,50.0,False,BUF,10,True,3.0,1
2022_04_CHI_NYG,2022,4,2022-10-02,NYG,CHI,14.0,9.0,20,12,3.0,39.0,False,CHI,5,False,0.0,0
2022_04_DEN_LV,2022,4,2022-10-02,LV,DEN,19.0,16.0,32,23,2.5,45.5,False,DEN,3,False,0.0,0
2022_04_JAX_PHI,2022,4,2022-10-02,PHI,JAX,20.0,14.0,29,21,6.5,44.0,False,JAX,6,False,0.0,0
2022_04_KC_TB,2022,4,2022-10-02,TB,KC,17.0,28.0,31,41,1.0,46.5,True,TB,11,True,1.0,0
2022_04_LAC_HOU,2022,4,2022-10-02,HOU,LAC,7.0,27.0,24,34,-5.5,45.0,True,HOU,20,False,0.0,0
2022_04_LA_SF,2022,4,2022-10-03,SF,LA,14.0,6.0,24,9,1.0,42.0,False,LA,8,False,0.0,0
2022_04_MIA_CIN,2022,4,2022-09-29,CIN,MIA,14.0,12.0,27,15,4.0,48.5,False,MIA,2,False,0.0,0
2022_04_MIN_NO,2022,4,2022-10-02,NO,MIN,7.0,13.0,25,28,-4.0,42.0,True,NO,6,False,0.0,0
2022_04_NE_GB,2022,4,2022-10-02,GB,NE,7.0,10.0,27,24,10.0,40.5,True,GB,3,True,10.0,1
2022_04_NYJ_PIT,2022,4,2022-10-02,PIT,NYJ,6.0,10.0,20,24,3.0,41.0,True,PIT,4,True,3.0,0
2022_04_SEA_DET,2022,4,2022-10-02,DET,SEA,15.0,24.0,45,48,3.0,48.5,True,DET,9,True,3.0,0
2022_04_TEN_IND,2022,4,2022-10-02,IND,TEN,10.0,24.0,17,24,4.5,43.0,True,IND,14,True,4.5,0
2022_04_WAS_DAL,2022,4,2022-10-02,DAL,WAS,12.0,7.0,25,10,3.0,40.5,False,WAS,5,False,0.0,0
2022_05_ATL_TB,2022,5,2022-10-09,TB,ATL,13.0,0.0,21,15,10.5,46.0,False,ATL,13,False,0.0,0
2022_05_CHI_MIN,2022,5,2022-10-09,MIN,CHI,21.0,10.0,29,22,10.0,44.0,False,CHI,11,False,0.0,0
2022_05_DAL_LA,2022,5,2022-10-09,LA,DAL,10.0,16.0,10,22,5.5,42.0,True,LA,6,True,5.5,0
2022_05_DET_NE,2022,5,2022-10-09,NE,DET,16.0,0.0,29,0,3.0,46.5,False,DET,16,False,0.0,0
2022_05_IND_DEN,2022,5,2022-10-06,DEN,IND,6.0,3.0,9,12,3.5,42.0,False,IND,3,False,0.0,1
2022_05_LAC_CLE,2022,5,2022-10-09,CLE,LAC,21.0,17.0,28,30,-1.0,47.0,False,LAC,4,True,1.0,1
2022_05_LV_KC,2022,5,2022-10-10,KC,LV,10.0,20.0,30,29,7.5,51.5,True,KC,10,True,7.5,1
2022_05_MIA_NYJ,2022,5,2022-10-09,NYJ,MIA,19.0,14.0,40,17,-3.0,46.0,False,MIA,5,True,3.0,0
2022_05_NYG_GB,2022,5,2022-10-09,GB,NYG,20.0,10.0,22,27,8.5,42.0,False,NYG,10,False,0.0,1
2022_05_PHI_ARI,2022,5,2022-10-09,ARI,PHI,10.0,14.0,17,20,-5.5,48.5,True,ARI,4,False,0.0,0
2022_05_PIT_BUF,2022,5,2022-10-09,BUF,PIT,31.0,3.0,38,3,14.0,44.0,False,PIT,28,False,0.0,0
2022_05_SEA_NO,2022,5,2022-10-09,NO,SEA,17.0,19.0,39,32,5.5,45.5,True,NO,2,True,5.5,1
2022_05_SF_CAR,2022,5,2022-10-09,CAR,SF,3.0,17.0,15,37,-6.0,40.0,True,CAR,14,False,0.0,0
2022_05_TEN_WAS,2022,5,2022-10-09,WAS,TEN,10.0,14.0,17,21,-1.0,43.0,True,WAS,4,False,0.0,0
2022_06_ARI_SEA,2022,6,2022-10-16,SEA,ARI,9.0,3.0,19,9,-2.5,50.0,False,ARI,6,True,2.5,0
2022_06_BAL_NYG,2022,6,2022-10-16,NYG,BAL,7.0,10.0,24,20,-5.5,46.0,True,NYG,3,False,0.0,1
2022_06_CAR_LA,2022,6,2022-10-16,LA,CAR,7.0,10.0,24,10,10.0,41.5,True,LA,3,True,10.0,1
2022_06_CIN_NO,2022,6,2022-10-16,NO,CIN,20.0,14.0,26,30,-3.0,42.5,False,CIN,6,True,3.0,1
2022_06_DAL_PHI,2022,6,2022-10-16,PHI,DAL,20.0,3.0,26,17,6.5,42.5,False,DAL,17,False,0.0,0
2022_06_DEN_LAC,2022,6,2022-10-17,LAC,DEN,10.0,13.0,19,16,3.5,45.5,True,LAC,3,True,3.5,1
2022_06_JAX_IND,2022,6,2022-10-16,IND,JAX,13.0,14.0,34,27,1.0,41.0,True,IND,1,True,1.0,1
2022_06_MIN_MIA,2022,6,2022-10-16,MIA,MIN,3.0,10.0,16,24,-3.0,45.0,True,MIA,7,False,0.0,0
2022_06_NE_CLE,2022,6,2022-10-16,CLE,NE,6.0,10.0,15,38,2.5,43.0,True,CLE,4,True,2.5,0
2022_06_SF_ATL,2022,6,2022-10-16,ATL,SF,21.0,14.0,28,14,-3.5,46.0,False,SF,7,True,3.5,0
2022_06_TB_PIT,2022,6,2022-10-16,PIT,TB,10.0,9.0,20,18,-10.0,47.0,False,TB,1,True,10.0,0
2022_06_WAS_CHI,2022,6,2022-10-13,CHI,WAS,0.0,3.0,7,12,-1.0,38.5,True,CHI,3,False,0.0,0
2022_07_ATL_CIN,2022,7,2022-10-23,CIN,ATL,28.0,17.0,35,17,6.5,47.5,False,ATL,11,False,0.0,0
2022_07_CHI_NE,2022,7,2022-10-24,NE,CHI,14.0,20.0,14,33,9.5,40.0,True,NE,6,True,9.5,0
2022_07_CLE_BAL,2022,7,2022-10-23,BAL,CLE,13.0,10.0,23,20,6.5,46.0,False,CLE,3,False,0.0,0
2022_07_DET_DAL,2022,7,2022-10-23,DAL,DET,3.0,6.0,24,6,7.0,49.5,True,DAL,3,True,7.0,1
2022_07_GB_WAS,2022,7,2022-10-23,WAS,GB,10.0,14.0,23,21,-4.0,41.5,True,WAS,4,False,0.0,1
2022_07_IND_TEN,2022,7,2022-10-23,TEN,IND,13.0,0.0,19,10,2.5,43.0,False,IND,13,False,0.0,0
2022_07_KC_SF,2022,7,2022-10-23,SF,KC,13.0,14.0,23,44,-1.0,49.0,True,SF,1,False,0.0,0
2022_07_NO_ARI,2022,7,2022-10-20,ARI,NO,28.0,14.0,42,34,2.5,44.0,False,NO,14,False,0.0,0
2022_07_NYG_JAX,2022,7,2022-10-23,JAX,NYG,11.0,13.0,17,23,3.0,44.0,True,JAX,2,True,3.0,0
2022_07_NYJ_DEN,2022,7,2022-10-23,DEN,NYJ,9.0,10.0,9,16,-2.0,37.0,True,DEN,1,False,0.0,0
2022_07_PIT_MIA,2022,7,2022-10-23,MIA,PIT,16.0,10.0,16,10,7.5,44.5,False,PIT,6,False,0.0,0
2022_07_SEA_LAC,2022,7,2022-10-23,LAC,SEA,14.0,24.0,23,37,5.5,51.5,True,LAC,10,True,5.5,0
2022_07_TB_CAR,2022,7,2022-10-23,CAR,TB,7.0,0.0,21,3,-13.0,39.5,False,TB,7,True,13.0,0
2022_08_ARI_MIN,2022,8,2022-10-30,MIN,ARI,14.0,10.0,34,26,4.0,48.5,False,ARI,4,False,0.0,0
2022_08_BAL_TB,2022,8,2022-10-27,TB,BAL,10.0,3.0,22,27,2.0,46.0,False,BAL,7,False,0.0,1
2022_08_CAR_ATL,2022,8,2022-10-30,ATL,CAR,14.0,10.0,37,34,4.5,41.0,False,CAR,4,False,0.0,0
2022_08_CHI_DAL,2022,8,2022-10-30,DAL,CHI,28.0,17.0,49,29,10.5,43.0,False,CHI,11,False,0.0,0
2022_08_CIN_CLE,2022,8,2022-10-31,CLE,CIN,11.0,0.0,32,13,-3.0,45.0,False,CIN,11,True,3.0,0
2022_08_DEN_JAX,2022,8,2022-10-30,JAX,DEN,10.0,7.0,17,21,1.0,41.0,False,DEN,3,False,0.0,1
2022_08_GB_BUF,2022,8,2022-10-30,BUF,GB,24.0,7.0,27,17,10.5,47.0,False,GB,17,False,0.0,0
2022_08_LV_NO,2022,8,2022-10-30,NO,LV,17.0,0.0,24,0,-1.0,48.5,False,LV,17,True,1.0,0
2022_08_MIA_DET,2022,8,2022-10-30,DET,MIA,27.0,17.0,27,31,-3.5,52.0,False,MIA,10,True,3.5,1
2022_08_NE_NYJ,2022,8,2022-10-30,NYJ,NE,10.0,6.0,17,22,-3.0,40.0,False,NE,4,True,3.0,1
2022_08_NYG_SEA,2022,8,2022-10-30,SEA,NYG,10.0,7.0,27,13,3.0,44.5,False,NYG,3,False,0.0,0
2022_08_PIT_PHI,2022,8,2022-10-30,PHI,PIT,21.0,10.0,35,13,11.0,43.0,False,PIT,11,False,0.0,0
2022_08_SF_LA,2022,8,2022-10-30,LA,SF,14.0,10.0,14,31,-1.0,42.0,False,SF,4,True,1.0,1
2022_08_TEN_HOU,2022,8,2022-10-30,HOU,TEN,3.0,7.0,10,17,-1.0,39.0,True,HOU,4,False,0.0,0
2022_08_WAS_IND,2022,8,2022-10-30,IND,WAS,3.0,7.0,16,17,3.0,40.5,True,IND,4,True,3.0,0
2022_09_BAL_NO,2022,9,2022-11-07,NO,BAL,3.0,14.0,13,27,-1.0,46.0,True,NO,11,False,0.0,0
2022_09_BUF_NYJ,2022,9,2022-11-06,NYJ,BUF,10.0,14.0,20,17,-11.0,46.0,True,NYJ,4,False,0.0,1
2022_09_CAR_CIN,2022,9,2022-11-06,CIN,CAR,35.0,0.0,42,21,7.0,43.0,False,CAR,35,False,0.0,0
2022_09_GB_DET,2022,9,2022-11-06,DET,GB,8.0,0.0,15,9,-4.0,49.5,False,GB,8,True,4.0,0
2022_09_IND_NE,2022,9,2022-11-06,NE,IND,13.0,0.0,26,3,5.0,40.0,False,IND,13,False,0.0,0
2022_09_LAC_ATL,2022,9,2022-11-06,ATL,LAC,10.0,14.0,17,20,-2.5,49.5,True,ATL,4,False,0.0,0
2022_09_LA_TB,2022,9,2022-11-06,TB,LA,6.0,7.0,16,13,3.0,43.0,True,TB,1,True,3.0,1
2022_09_LV_JAX,2022,9,2022-11-06,JAX,LV,10.0,20.0,27,20,-2.5,47.5,True,JAX,10,False,0.0,1
2022_09_MIA_CHI,2022,9,2022-11-06,CHI,MIA,17.0,21.0,32,35,-4.0,46.0,True,CHI,4,False,0.0,0
2022_09_MIN_WAS,2022,9,2022-11-06,WAS,MIN,3.0,7.0,17,20,-3.0,43.5,True,WAS,4,False,0.0,0
2022_09_SEA_ARI,2022,9,2022-11-06,ARI,SEA,7.0,10.0,21,31,1.5,49.5,True,ARI,3,True,1.5,0
2022_09_TEN_KC,2022,9,2022-11-06,KC,TEN,9.0,14.0,20,17,14.0,45.0,True,KC,5,True,14.0,1
2022_10_ARI_LA,2022,10,2022-11-13,LA,ARI,3.0,17.0,17,27,3.5,38.0,True,LA,14,True,3.5,0
2022_10_ATL_CAR,2022,10,2022-11-10,CAR,ATL,13.0,3.0,25,15,-2.5,41.5,False,ATL,10,True,2.5,0
2022_10_CLE_MIA,2022,10,2022-11-13,MIA,CLE,17.0,7.0,39,17,3.0,49.0,False,CLE,10,False,0.0,0
2022_10_DEN_TEN,2022,10,2022-11-13,TEN,DEN,7.0,10.0,17,10,2.5,40.0,True,TEN,3,True,2.5,1
2022_10_HOU_NYG,2022,10,2022-11-13,NYG,HOU,7.0,3.0,24,16,5.5,41.5,False,HOU,4,False,0.0,0
2022_10_IND_LV,2022,10,2022-11-13,LV,IND,7.0,13.0,20,25,4.5,41.0,True,LV,6,True,4.5,0
2022_10_JAX_KC,2022,10,2022-11-13,KC,JAX,20.0,7.0,27,17,10.0,51.5,False,JAX,13,False,0.0,0
2022_10_LAC_SF,2022,10,2022-11-13,SF,LAC,10.0,16.0,22,16,8.5,45.5,True,SF,6,True,8.5,1
2022_10_MIN_BUF,2022,10,2022-11-13,BUF,MIN,24.0,10.0,30,33,6.5,47.0,False,MIN,14,False,0.0,1
2022_10_SEA_TB,2022,10,2022-11-13,TB,SEA,14.0,0.0,21,16,2.5,45.0,False,SEA,14,False,0.0,0
2022_10_WAS_PHI,2022,10,2022-11-14,PHI,WAS,14.0,20.0,21,32,11.0,43.0,True,PHI,6,True,11.0,0
2022_11_CAR_BAL,2022,11,2022-11-20,BAL,CAR,3.0,0.0,13,3,13.0,42.0,False,CAR,3,False,0.0,0
2022_11_CIN_PIT,2022,11,2022-11-20,PIT,CIN,20.0,17.0,30,37,-3.5,39.0,False,CIN,3,True,3.5,1
2022_11_CLE_BUF,2022,11,2022-11-20,BUF,CLE,13.0,10.0,31,23,7.5,50.5,False,CLE,3,False,0.0,0
2022_11_DAL_MIN,2022,11,2022-11-20,MIN,DAL,3.0,23.0,3,40,-1.5,48.5,True,MIN,20,False,0.0,0
2022_11_DET_NYG,2022,11,2022-11-20,NYG,DET,6.0,17.0,18,31,3.0,44.0,True,NYG,11,True,3.0,0
2022_11_KC_LAC,2022,11,2022-11-20,LAC,KC,20.0,13.0,27,30,-5.5,52.5,False,KC,7,True,5.5,1
2022_11_LA_NO,2022,11,2022-11-20,NO,LA,10.0,14.0,27,20,2.5,39.5,True,NO,4,True,2.5,1
2022_11_LV_DEN,2022,11,2022-11-20,DEN,LV,10.0,7.0,16,22,2.5,41.5,False,LV,3,False,0.0,1
2022_11_PHI_IND,2022,11,2022-11-20,IND,PHI,10.0,3.0,16,17,-6.5,45.5,False,PHI,7,True,6.5,1
2022_11_SF_ARI,2022,11,2022-11-21,ARI,SF,10.0,17.0,10,38,-10.0,43.5,True,ARI,7,False,0.0,0
2022_11_TEN_GB,2022,11,2022-11-17,GB,TEN,6.0,14.0,17,27,3.0,40.5,True,GB,8,True,3.0,0
2022_11_WAS_HOU,2022,11,2022-11-20,HOU,WAS,0.0,20.0,10,23,-3.0,41.0,True,HOU,20,False,0.0,0
2022_12_BAL_JAX,2022,12,2022-11-27,JAX,BAL,10.0,9.0,28,27,-3.5,43.0,False,BAL,1,True,3.5,0
2022_12_BUF_DET,2022,12,2022-11-24,DET,BUF,14.0,17.0,25,28,-10.0,54.0,True,DET,3,False,0.0,0
2022_12_CHI_NYJ,2022,12,2022-11-27,NYJ,CHI,17.0,10.0,31,10,8.5,36.5,False,CHI,7,False,0.0,0
2022_12_DEN_CAR,2022,12,2022-11-27,CAR,DEN,10.0,3.0,23,10,-1.0,36.5,False,DEN,7,True,1.0,0
2022_12_GB_PHI,2022,12,2022-11-27,PHI,GB,27.0,20.0,40,33,6.5,46.0,False,GB,7,False,0.0,0
2022_12_HOU_MIA,2022,12,2022-11-27,MIA,HOU,30.0,0.0,30,15,14.0,47.0,False,HOU,30,False,0.0,0
2022_12_LAC_ARI,2022,12,2022-11-27,ARI,LAC,17.0,14.0,24,25,-2.5,48.5,False,LAC,3,True,2.5,1
2022_12_LA_KC,2022,12,2022-11-27,KC,LA,13.0,3.0,26,10,16.5,42.0,False,LA,10,False,0.0,0
2022_12_LV_SEA,2022,12,2022-11-27,SEA,LV,20.0,24.0,34,40,4.0,47.5,True,SEA,4,True,4.0,0
2022_12_NO_SF,2022,12,2022-11-27,SF,NO,10.0,0.0,13,0,9.5,44.0,False,NO,10,False,0.0,0
2022_12_NYG_DAL,2022,12,2022-11-24,DAL,NYG,7.0,13.0,28,20,10.5,45.5,True,DAL,6,True,10.5,1
2022_12_PIT_IND,2022,12,2022-11-28,IND,PIT,3.0,16.0,17,24,2.5,40.0,True,IND,13,True,2.5,0
2022_13_BUF_NE,2022,13,2022-12-01,NE,BUF,7.0,17.0,10,24,-3.5,43.5,True,NE,10,False,0.0,0
2022_13_CLE_HOU,2022,13,2022-12-04,HOU,CLE,5.0,7.0,14,27,-7.5,47.0,True,HOU,2,False,0.0,0
2022_13_DEN_BAL,2022,13,2022-12-04,BAL,DEN,3.0,6.0,10,9,9.5,40.5,True,BAL,3,True,9.5,1
2022_13_GB_CHI,2022,13,2022-12-04,CHI,GB,16.0,10.0,19,28,-4.0,45.0,False,GB,6,True,4.0,1
2022_13_IND_DAL,2022,13,2022-12-04,DAL,IND,21.0,13.0,54,19,11.0,44.5,False,IND,8,False,0.0,0
2022_13_JAX_DET,2022,13,2022-12-04,DET,JAX,23.0,6.0,40,14,1.0,51.5,False,JAX,17,False,0.0,0
2022_13_KC_CIN,2022,13,2022-12-04,CIN,KC,14.0,10.0,27,24,-2.5,53.0,False,KC,4,True,2.5,0
2022_13_LAC_LV,2022,13,2022-12-04,LV,LAC,10.0,13.0,27,20,2.5,49.0,True,LV,3,True,2.5,1
2022_13_MIA_SF,2022,13,2022-12-04,SF,MIA,17.0,10.0,33,17,4.5,46.0,False,MIA,7,False,0.0,0
2022_13_NO_TB,2022,13,2022-12-05,TB,NO,3.0,10.0,17,16,3.5,41.0,True,TB,7,True,3.5,1
2022_13_NYJ_MIN,2022,13,2022-12-04,MIN,NYJ,20.0,6.0,27,22,3.0,44.0,False,NYJ,14,False,0.0,0
2022_13_PIT_ATL,2022,13,2022-12-04,ATL,PIT,6.0,16.0,16,19,-1.0,43.0,True,ATL,10,False,0.0,0
2022_13_SEA_LA,2022,13,2022-12-04,LA,SEA,13.0,14.0,23,27,-7.0,41.0,True,LA,1,False,0.0,0
2022_13_TEN_PHI,2022,13,2022-12-04,PHI,TEN,21.0,10.0,35,10,5.0,44.5,False,TEN,11,False,0.0,0
2022_14_BAL_PIT,2022,14,2022-12-11,PIT,BAL,7.0,13.0,14,16,1.5,37.0,True,PIT,6,True,1.5,0
2022_14_CAR_SEA,2022,14,2022-12-11,SEA,CAR,14.0,20.0,24,30,3.5,44.5,True,SEA,6,True,3.5,0
2022_14_CLE_CIN,2022,14,2022-12-11,CIN,CLE,13.0,3.0,23,10,4.5,47.0,False,CLE,10,False,0.0,0
2022_14_HOU_DAL,2022,14,2022-12-11,DAL,HOU,17.0,20.0,27,23,17.0,44.5,True,DAL,3,True,17.0,1
2022_14_JAX_TEN,2022,14,2022-12-11,TEN,JAX,14.0,20.0,22,36,3.0,42.0,True,TEN,6,True,3.0,0
2022_14_KC_DEN,2022,14,2022-12-11,DEN,KC,14.0,27.0,28,34,-8.5,44.5,True,DEN,13,False,0.0,0
2022_14_LV_LA,2022,14,2022-12-08,LA,LV,3.0,13.0,17,16,-6.5,42.5,True,LA,10,False,0.0,1
2022_14_MIA_LAC,2022,14,2022-12-11,LAC,MIA,17.0,7.0,23,17,-3.0,54.5,False,MIA,10,True,3.0,0
2022_14_MIN_DET,2022,14,2022-12-11,DET,MIN,14.0,7.0,34,23,2.5,51.5,False,MIN,7,False,0.0,0
2022_14_NE_ARI,2022,14,2022-12-12,ARI,NE,13.0,10.0,13,27,-2.0,44.0,False,NE,3,True,2.0,1
2022_14_NYJ_BUF,2022,14,2022-12-11,BUF,NYJ,7.0,0.0,20,12,10.0,43.5,False,NYJ,7,False,0.0,0
2022_14_PHI_NYG,2022,14,2022-12-11,NYG,PHI,7.0,24.0,22,48,-7.5,44.5,True,NYG,17,False,0.0,0
2022_14_TB_SF,2022,14,2022-12-11,SF,TB,28.0,0.0,35,7,3.5,38.0,False,TB,28,False,0.0,0
2022_15_ARI_DEN,2022,15,2022-12-18,DEN,ARI,3.0,6.0,24,15,1.5,37.5,True,DEN,3,True,1.5,1
2022_15_ATL_NO,2022,15,2022-12-18,NO,ATL,14.0,3.0,21,18,5.0,43.5,False,ATL,11,False,0.0,0
2022_15_BAL_CLE,2022,15,2022-12-17,CLE,BAL,6.0,3.0,13,3,2.5,39.5,False,BAL,3,False,0.0,0
2022_15_CIN_TB,2022,15,2022-12-18,TB,CIN,17.0,3.0,23,34,-3.5,47.0,False,CIN,14,True,3.5,1
2022_15_DAL_JAX,2022,15,2022-12-18,JAX,DAL,7.0,21.0,40,34,-4.0,48.5,True,JAX,14,False,0.0,1
2022_15_IND_MIN,2022,15,2022-12-17,MIN,IND,0.0,33.0,39,36,3.5,46.5,True,MIN,33,True,3.5,1
2022_15_KC_HOU,2022,15,2022-12-18,HOU,KC,14.0,13.0,24,30,-14.5,48.5,False,KC,1,True,14.5,1
2022_15_LA_GB,2022,15,2022-12-19,GB,LA,10.0,6.0,24,12,8.0,39.5,False,LA,4,False,0.0,0
2022_15_MIA_BUF,2022,15,2022-12-17,BUF,MIA,21.0,13.0,32,29,7.0,44.0,False,MIA,8,False,0.0,0
2022_15_NE_LV,2022,15,2022-12-18,LV,NE,17.0,3.0,30,24,1.0,45.0,False,NE,14,False,0.0,0
2022_15_NYG_WAS,2022,15,2022-12-18,WAS,NYG,3.0,14.0,12,20,4.5,40.5,True,WAS,11,True,4.5,0
2022_15_PHI_CHI,2022,15,2022-12-18,CHI,PHI,6.0,10.0,20,25,-8.5,48.0,True,CHI,4,False,0.0,0
2022_15_PIT_CAR,2022,15,2022-12-18,CAR,PIT,7.0,14.0,16,24,2.5,36.5,True,CAR,7,True,2.5,0
2022_15_SF_SEA,2022,15,2022-12-15,SEA,SF,3.0,14.0,13,21,-3.0,43.0,True,SEA,11,False,0.0,0
2022_16_ATL_BAL,2022,16,2022-12-24,BAL,ATL,14.0,3.0,17,9,6.5,35.0,False,ATL,11,False,0.0,0
2022_16_BUF_CHI,2022,16,2022-12-24,CHI,BUF,10.0,6.0,13,35,-8.0,40.0,False,BUF,4,True,8.0,1
2022_16_CIN_NE,2022,16,2022-12-24,NE,CIN,0.0,22.0,18,22,-3.0,42.0,True,NE,22,False,0.0,0
2022_16_DEN_LA,2022,16,2022-12-25,LA,DEN,31.0,6.0,51,14,-3.0,36.5,False,DEN,25,True,3.0,0
2022_16_DET_CAR,2022,16,2022-12-24,CAR,DET,24.0,7.0,37,23,-2.5,43.5,False,DET,17,True,2.5,0
2022_16_GB_MIA,2022,16,2022-12-25,MIA,GB,20.0,13.0,20,26,3.5,49.0,False,GB,7,False,0.0,1
2022_16_HOU_TEN,2022,16,2022-12-24,TEN,HOU,7.0,10.0,14,19,3.0,34.0,True,TEN,3,True,3.0,0
2022_16_JAX_NYJ,2022,16,2022-12-22,NYJ,JAX,3.0,13.0,3,19,2.5,36.5,True,NYJ,10,True,2.5,0
2022_16_LAC_IND,2022,16,2022-12-26,IND,LAC,3.0,10.0,3,20,-3.5,44.5,True,IND,7,False,0.0,0
2022_16_LV_PIT,2022,16,2022-12-24,PIT,LV,3.0,10.0,13,10,2.5,38.5,True,PIT,7,True,2.5,1
2022_16_NO_CLE,2022,16,2022-12-24,CLE,NO,10.0,3.0,10,17,3.0,32.0,False,NO,7,False,0.0,1
2022_16_NYG_MIN,2022,16,2022-12-24,MIN,NYG,10.0,7.0,27,24,4.5,48.0,False,NYG,3,False,0.0,0
2022_16_PHI_DAL,2022,16,2022-12-24,DAL,PHI,17.0,20.0,40,34,4.0,48.0,True,DAL,3,True,4.0,1
2022_16_SEA_KC,2022,16,2022-12-24,KC,SEA,17.0,3.0,24,10,10.5,50.5,False,SEA,14,False,0.0,0
2022_17_ARI_ATL,2022,17,2023-01-01,ATL,ARI,14.0,13.0,20,19,7.0,41.0,False,ARI,1,False,0.0,0
2022_17_CAR_TB,2022,17,2023-01-01,TB,CAR,10.0,14.0,30,24,3.5,40.5,True,TB,4,True,3.5,1
2022_17_CHI_DET,2022,17,2023-01-01,DET,CHI,24.0,10.0,41,10,4.5,52.5,False,CHI,14,False,0.0,0
2022_17_CLE_WAS,2022,17,2023-01-01,WAS,CLE,7.0,3.0,10,24,1.0,41.5,False,CLE,4,False,0.0,1
2022_17_DAL_TEN,2022,17,2022-12-29,TEN,DAL,6.0,10.0,13,27,-14.0,41.0,True,TEN,4,False,0.0,0
2022_17_DEN_KC,2022,17,2023-01-01,KC,DEN,13.0,10.0,27,24,13.5,46.0,False,DEN,3,False,0.0,0
2022_17_IND_NYG,2022,17,2023-01-01,NYG,IND,24.0,3.0,38,10,5.5,38.5,False,IND,21,False,0.0,0
2022_17_JAX_HOU,2022,17,2023-01-01,HOU,JAX,0.0,21.0,3,31,-3.5,43.0,True,HOU,21,False,0.0,0
2022_17_LA_LAC,2022,17,2023-01-01,LAC,LA,17.0,10.0,31,10,6.5,41.5,False,LA,7,False,0.0,0
2022_17_MIN_GB,2022,17,2023-01-01,GB,MIN,27.0,3.0,41,17,3.0,47.5,False,MIN,24,False,0.0,0
2022_17_NO_PHI,2022,17,2023-01-01,PHI,NO,0.0,13.0,10,20,5.5,41.5,True,PHI,13,True,5.5,0
2022_17_NYJ_SEA,2022,17,2023-01-01,SEA,NYJ,17.0,6.0,23,6,-1.0,43.0,False,NYJ,11,True,1.0,0
2022_17_PIT_BAL,2022,17,2023-01-01,BAL,PIT,10.0,3.0,13,16,1.0,35.5,False,PIT,7,False,0.0,1
2022_17_SF_LV,2022,17,2023-01-01,LV,SF,17.0,14.0,34,37,-10.0,41.5,False,SF,3,True,10.0,1
2022_18_ARI_SF,2022,18,2023-01-08,SF,ARI,21.0,13.0,38,13,14.0,40.0,False,ARI,8,False,0.0,0
2022_18_BAL_CIN,2022,18,2023-01-08,CIN,BAL,24.0,7.0,27,16,11.0,39.0,False,BAL,17,False,0.0,0
2022_18_CAR_NO,2022,18,2023-01-08,NO,CAR,7.0,0.0,7,10,3.5,41.5,False,CAR,7,False,0.0,1
2022_18_CLE_PIT,2022,18,2023-01-08,PIT,CLE,10.0,7.0,28,14,2.5,40.0,False,CLE,3,False,0.0,0
2022_18_DAL_WAS,2022,18,2023-01-08,WAS,DAL,13.0,6.0,26,6,-7.5,40.5,False,DAL,7,True,7.5,0
2022_18_DET_GB,2022,18,2023-01-08,GB,DET,9.0,6.0,16,20,5.5,49.0,False,DET,3,False,0.0,1
2022_18_HOU_IND,2022,18,2023-01-08,IND,HOU,7.0,17.0,31,32,3.0,38.0,True,IND,10,True,3.0,0
2022_18_KC_LV,2022,18,2023-01-07,LV,KC,3.0,24.0,13,31,-9.0,51.5,True,LV,21,False,0.0,0
2022_18_LA_SEA,2022,18,2023-01-08,SEA,LA,6.0,13.0,19,16,5.5,41.5,True,SEA,7,True,5.5,1
2022_18_MIN_CHI,2022,18,2023-01-08,CHI,MIN,6.0,16.0,13,29,-6.5,42.5,True,CHI,10,False,0.0,0
2022_18_NYG_PHI,2022,18,2023-01-08,PHI,NYG,16.0,0.0,22,16,16.5,42.5,False,NYG,16,False,0.0,0
2022_18_TB_ATL,2022,18,2023-01-08,ATL,TB,10.0,17.0,30,17,6.0,40.5,True,ATL,7,True,6.0,1
2022_18_TEN_JAX,2022,18,2023-01-07,JAX,TEN,7.0,13.0,20,16,6.0,39.5,True,JAX,6,True,6.0,1
2023_01_ARI_WAS,2023,1,2023-09-10,WAS,ARI,10.0,13.0,20,16,7.0,38.0,True,WAS,3,True,7.0,1
2023_01_BUF_NYJ,2023,1,2023-09-11,NYJ,BUF,3.0,13.0,22,16,-2.5,44.5,True,NYJ,10,False,0.0,1
2023_01_CIN_CLE,2023,1,2023-09-10,CLE,CIN,10.0,0.0,24,3,-1.0,46.5,False,CIN,10,True,1.0,0
2023_01_DAL_NYG,2023,1,2023-09-10,NYG,DAL,0.0,26.0,0,40,-3.5,44.5,True,NYG,26,False,0.0,0
2023_01_DET_KC,2023,1,2023-09-07,KC,DET,14.0,7.0,20,21,4.0,53.0,False,DET,7,False,0.0,1
2023_01_GB_CHI,2023,1,2023-09-10,CHI,GB,6.0,10.0,20,38,1.0,41.0,True,CHI,4,True,1.0,0
2023_01_HOU_BAL,2023,1,2023-09-10,BAL,HOU,7.0,6.0,25,9,9.5,43.5,False,HOU,1,False,0.0,0
2023_01_JAX_IND,2023,1,2023-09-10,IND,JAX,7.0,14.0,21,31,-4.0,45.5,True,IND,7,False,0.0,0
2023_01_LA_SEA,2023,1,2023-09-10,SEA,LA,13.0,7.0,13,30,4.5,45.0,False,LA,6,False,0.0,1
2023_01_LV_DEN,2023,1,2023-09-10,DEN,LV,13.0,10.0,16,17,3.0,43.0,False,LV,3,False,0.0,1
2023_01_MIA_LAC,2023,1,2023-09-10,LAC,MIA,17.0,20.0,34,36,3.0,50.5,True,LAC,3,True,3.0,0
2023_01_PHI_NE,2023,1,2023-09-10,NE,PHI,14.0,16.0,20,25,-3.5,44.5,True,NE,2,False,0.0,0
2023_01_SF_PIT,2023,1,2023-09-10,PIT,SF,7.0,20.0,7,30,-1.5,41.5,True,PIT,13,False,0.0,0
2023_01_TEN_NO,2023,1,2023-09-10,NO,TEN,6.0,9.0,16,15,3.0,41.0,True,NO,3,True,3.0,1
2023_02_BAL_CIN,2023,2,2023-09-17,CIN,BAL,10.0,13.0,24,27,3.5,45.5,True,CIN,3,True,3.5,0
2023_02_CHI_TB,2023,2,2023-09-17,TB,CHI,13.0,10.0,27,17,2.5,41.0,False,CHI,3,False,0.0,0
2023_02_CLE_PIT,2023,2,2023-09-18,PIT,CLE,16.0,14.0,26,22,-2.5,39.0,False,CLE,2,True,2.5,0
2023_02_GB_ATL,2023,2,2023-09-17,ATL,GB,9.0,10.0,25,24,3.0,40.5,True,ATL,1,True,3.0,1
2023_02_IND_HOU,2023,2,2023-09-17,HOU,IND,10.0,28.0,20,31,-1.0,40.0,True,HOU,18,False,0.0,0
2023_02_KC_JAX,2023,2,2023-09-17,JAX,KC,6.0,7.0,9,17,-3.5,50.5,True,JAX,1,False,0.0,0
2023_02_LAC_TEN,2023,2,2023-09-17,TEN,LAC,10.0,14.0,27,24,-2.5,45.5,True,TEN,4,False,0.0,1
2023_02_LV_BUF,2023,2,2023-09-17,BUF,LV,21.0,10.0,38,10,7.5,47.0,False,LV,11,False,0.0,0
2023_02_MIA_NE,2023,2,2023-09-17,NE,MIA,3.0,17.0,17,24,-2.0,46.5,True,NE,14,False,0.0,0
2023_02_MIN_PHI,2023,2,2023-09-14,PHI,MIN,13.0,7.0,34,28,6.0,49.0,False,MIN,6,False,0.0,0
2023_02_NO_CAR,2023,2,2023-09-18,CAR,NO,3.0,6.0,17,20,-3.0,39.5,True,CAR,3,False,0.0,0
2023_02_NYG_ARI,2023,2,2023-09-17,ARI,NYG,20.0,0.0,28,31,-5.0,40.0,False,NYG,20,True,5.0,1
2023_02_NYJ_DAL,2023,2,2023-09-17,DAL,NYJ,18.0,10.0,30,10,8.5,38.5,False,NYJ,8,False,0.0,0
2023_02_SEA_DET,2023,2,2023-09-17,DET,SEA,14.0,7.0,31,37,4.5,47.5,False,SEA,7,False,0.0,1
2023_02_WAS_DEN,2023,2,2023-09-17,DEN,WAS,21.0,14.0,33,35,4.0,38.5,False,WAS,7,False,0.0,1
2023_03_ATL_DET,2023,3,2023-09-24,DET,ATL,13.0,3.0,20,6,3.0,47.5,False,ATL,10,False,0.0,0
2023_03_BUF_WAS,2023,3,2023-09-24,WAS,BUF,0.0,16.0,3,37,-5.5,44.0,True,WAS,16,False,0.0,0
2023_03_CAR_SEA,2023,3,2023-09-24,SEA,CAR,12.0,13.0,37,27,5.0,42.5,True,SEA,1,True,5.0,1
2023_03_CHI_KC,2023,3,2023-09-24,KC,CHI,34.0,0.0,41,10,13.0,48.0,False,CHI,34,False,0.0,0
2023_03_DAL_ARI,2023,3,2023-09-24,ARI,DAL,21.0,10.0,28,16,-11.5,43.5,False,DAL,11,True,11.5,0
2023_03_DEN_MIA,2023,3,2023-09-24,MIA,DEN,35.0,10.0,70,20,6.0,47.5,False,DEN,25,False,0.0,0
2023_03_HOU_JAX,2023,3,2023-09-24,JAX,HOU,0.0,17.0,17,37,7.5,43.5,True,JAX,17,True,7.5,0
2023_03_IND_BAL,2023,3,2023-09-24,BAL,IND,7.0,10.0,19,22,7.5,43.5,True,BAL,3,True,7.5,0
2023_03_LAC_MIN,2023,3,2023-09-24,MIN,LAC,10.0,14.0,24,28,1.0,54.0,True,MIN,4,True,1.0,0
2023_03_NE_NYJ,2023,3,2023-09-24,NYJ,NE,3.0,10.0,10,15,-2.5,35.5,True,NYJ,7,False,0.0,0
2023_03_NO_GB,2023,3,2023-09-24,GB,NO,0.0,17.0,18,17,-1.5,41.5,True,GB,17,False,0.0,1
2023_03_NYG_SF,2023,3,2023-09-21,SF,NYG,17.0,6.0,30,12,10.5,43.5,False,NYG,11,False,0.0,0
2023_03_PHI_TB,2023,3,2023-09-25,TB,PHI,3.0,13.0,11,25,-6.0,44.0,True,TB,10,False,0.0,0
2023_03_PIT_LV,2023,3,2023-09-24,LV,PIT,7.0,13.0,18,23,3.0,43.5,True,LV,6,True,3.0,0
2023_03_TEN_CLE,2023,3,2023-09-24,CLE,TEN,13.0,3.0,27,3,3.5,38.0,False,TEN,10,False,0.0,0
2023_04_ARI_SF,2023,4,2023-10-01,SF,ARI,21.0,10.0,35,16,15.0,44.0,False,ARI,11,False,0.0,0
2023_04_ATL_JAX,2023,4,2023-10-01,JAX,ATL,17.0,0.0,23,7,3.5,42.5,False,ATL,17,False,0.0,0
2023_04_BAL_CLE,2023,4,2023-10-01,CLE,BAL,3.0,21.0,3,28,-2.0,38.5,True,CLE,18,False,0.0,0
2023_04_CIN_TEN,2023,4,2023-10-01,TEN,CIN,24.0,3.0,27,3,-2.5,41.5,False,CIN,21,True,2.5,0
2023_04_DEN_CHI,2023,4,2023-10-01,CHI,DEN,21.0,7.0,28,31,-3.0,47.0,False,DEN,14,True,3.0,1
2023_04_DET_GB,2023,4,2023-09-28,GB,DET,3.0,27.0,20,34,-2.5,45.0,True,GB,24,False,0.0,0
2023_04_KC_NYJ,2023,4,2023-10-01,NYJ,KC,12.0,20.0,20,23,-9.5,41.5,True,NYJ,8,False,0.0,0
2023_04_LA_IND,2023,4,2023-10-01,IND,LA,0.0,20.0,23,29,-1.0,44.5,True,IND,20,False,0.0,0
2023_04_LV_LAC,2023,4,2023-10-01,LAC,LV,24.0,7.0,24,17,7.0,49.0,False,LV,17,False,0.0,0
2023_04_MIA_BUF,2023,4,2023-10-01,BUF,MIA,31.0,14.0,48,20,2.5,53.0,False,MIA,17,False,0.0,0
2023_04_MIN_CAR,2023,4,2023-10-01,CAR,MIN,13.0,7.0,13,21,-4.5,46.5,False,MIN,6,True,4.5,1
2023_04_NE_DAL,2023,4,2023-10-01,DAL,NE,28.0,3.0,38,3,6.5,43.0,False,NE,25,False,0.0,0
2023_04_PIT_HOU,2023,4,2023-10-01,HOU,PIT,16.0,0.0,30,6,-3.0,41.5,False,PIT,16,True,3.0,0
2023_04_SEA_NYG,2023,4,2023-10-02,NYG,SEA,3.0,14.0,3,24,-2.5,46.5,True,NYG,11,False,0.0,0
2023_04_TB_NO,2023,4,2023-10-01,NO,TB,3.0,14.0,9,26,4.0,41.0,True,NO,11,True,4.0,0
2023_04_WAS_PHI,2023,4,2023-10-01,PHI,WAS,10.0,17.0,34,31,9.5,43.0,True,PHI,7,True,9.5,1
2023_05_BAL_PIT,2023,5,2023-10-08,PIT,BAL,3.0,10.0,17,10,-4.5,38.5,True,PIT,7,False,0.0,1
2023_05_CAR_DET,2023,5,2023-10-08,DET,CAR,28.0,10.0,42,24,9.5,43.5,False,CAR,18,False,0.0,0
2023_05_CHI_WAS,2023,5,2023-10-05,WAS,CHI,3.0,27.0,20,40,6.0,45.5,True,WAS,24,True,6.0,0
2023_05_CIN_ARI,2023,5,2023-10-08,ARI,CIN,14.0,17.0,20,34,-3.0,45.5,True,ARI,3,False,0.0,0
2023_05_DAL_SF,2023,5,2023-10-08,SF,DAL,21.0,7.0,42,10,3.5,45.0,False,DAL,14,False,0.0,0
2023_05_GB_LV,2023,5,2023-10-09,LV,GB,10.0,3.0,17,13,1.0,45.0,False,GB,7,False,0.0,0
2023_05_HOU_ATL,2023,5,2023-10-08,ATL,HOU,7.0,9.0,21,19,2.5,42.0,True,ATL,2,True,2.5,1
2023_05_JAX_BUF,2023,5,2023-10-08,BUF,JAX,7.0,11.0,20,25,5.5,48.5,True,BUF,4,True,5.5,0
2023_05_NO_NE,2023,5,2023-10-08,NE,NO,0.0,21.0,0,34,2.5,38.5,True,NE,21,True,2.5,0
2023_05_NYG_MIA,2023,5,2023-10-08,MIA,NYG,17.0,10.0,31,16,12.5,47.5,False,NYG,7,False,0.0,0
2023_05_NYJ_DEN,2023,5,2023-10-08,DEN,NYJ,13.0,8.0,21,31,2.5,42.5,False,NYJ,5,False,0.0,1
2023_05_PHI_LA,2023,5,2023-10-08,LA,PHI,14.0,10.0,14,23,-3.5,50.5,False,PHI,4,True,3.5,1
2023_05_TEN_IND,2023,5,2023-10-08,IND,TEN,10.0,6.0,23,16,-2.5,43.5,False,TEN,4,True,2.5,0
2023_06_ARI_LA,2023,6,2023-10-15,LA,ARI,6.0,9.0,26,9,7.0,48.0,True,LA,3,True,7.0,1
2023_06_BAL_TEN,2023,6,2023-10-15,TEN,BAL,3.0,18.0,16,24,-5.5,42.5,True,TEN,15,False,0.0,0
2023_06_CAR_MIA,2023,6,2023-10-15,MIA,CAR,21.0,14.0,42,21,14.0,47.5,False,CAR,7,False,0.0,0
2023_06_DAL_LAC,2023,6,2023-10-16,LAC,DAL,7.0,10.0,17,20,-1.5,49.5,True,LAC,3,False,0.0,0
2023_06_DEN_KC,2023,6,2023-10-12,KC,DEN,13.0,0.0,19,8,10.5,47.5,False,DEN,13,False,0.0,0
2023_06_DET_TB,2023,6,2023-10-15,TB,DET,3.0,10.0,6,20,-3.0,43.5,True,TB,7,False,0.0,0
2023_06_IND_JAX,2023,6,2023-10-15,JAX,IND,21.0,6.0,37,20,4.0,44.0,False,IND,15,False,0.0,0
2023_06_MIN_CHI,2023,6,2023-10-15,CHI,MIN,6.0,12.0,13,19,-3.0,44.5,True,CHI,6,False,0.0,0
2023_06_NE_LV,2023,6,2023-10-15,LV,NE,13.0,3.0,21,17,3.0,41.5,False,NE,10,False,0.0,0
2023_06_NO_HOU,2023,6,2023-10-15,HOU,NO,17.0,10.0,20,13,-2.0,42.5,False,NO,7,True,2.0,0
2023_06_NYG_BUF,2023,6,2023-10-15,BUF,NYG,0.0,6.0,14,9,15.5,43.5,True,BUF,6,True,15.5,1
2023_06_PHI_NYJ,2023,6,2023-10-15,NYJ,PHI,9.0,14.0,20,14,-6.5,43.0,True,NYJ,5,False,0.0,1
2023_06_SEA_CIN,2023,6,2023-10-15,CIN,SEA,14.0,10.0,17,13,3.0,45.5,False,SEA,4,False,0.0,0
2023_06_SF_CLE,2023,6,2023-10-15,CLE,SF,7.0,10.0,19,17,-9.5,36.0,True,CLE,3,False,0.0,1
2023_06_WAS_ATL,2023,6,2023-10-15,ATL,WAS,10.0,17.0,16,24,1.5,42.0,True,ATL,7,True,1.5,0
2023_07_ARI_SEA,2023,7,2023-10-22,SEA,ARI,14.0,10.0,20,10,9.5,43.5,False,ARI,4,False,0.0,0
2023_07_BUF_NE,2023,7,2023-10-22,NE,BUF,13.0,3.0,29,25,-7.5,41.0,False,BUF,10,True,7.5,0
2023_07_CLE_IND,2023,7,2023-10-22,IND,CLE,21.0,27.0,38,39,-3.5,40.0,True,IND,6,False,0.0,0
2023_07_DET_BAL,2023,7,2023-10-22,BAL,DET,28.0,0.0,38,6,3.0,43.5,False,DET,28,False,0.0,0
2023_07_GB_DEN,2023,7,2023-10-22,DEN,GB,9.0,0.0,19,17,1.5,44.0,False,GB,9,False,0.0,0
2023_07_JAX_NO,2023,7,2023-10-19,NO,JAX,6.0,17.0,24,31,2.5,41.0,True,NO,11,True,2.5,0
2023_07_LAC_KC,2023,7,2023-10-22,KC,LAC,24.0,17.0,31,17,5.5,48.5,False,LAC,7,False,0.0,0
2023_07_LV_CHI,2023,7,2023-10-22,CHI,LV,14.0,3.0,30,12,-2.5,38.5,False,LV,11,True,2.5,0
2023_07_MIA_PHI,2023,7,2023-10-22,PHI,MIA,17.0,10.0,31,17,3.0,52.0,False,MIA,7,False,0.0,0
2023_07_PIT_LA,2023,7,2023-10-22,LA,PIT,9.0,3.0,17,24,3.5,44.0,False,PIT,6,False,0.0,1
2023_07_SF_MIN,2023,7,2023-10-23,MIN,SF,16.0,7.0,22,17,-7.0,44.5,False,SF,9,True,7.0,0
2023_07_WAS_NYG,2023,7,2023-10-22,NYG,WAS,14.0,0.0,14,7,-3.0,37.0,False,WAS,14,True,3.0,0
2023_08_ATL_TEN,2023,8,2023-10-29,TEN,ATL,14.0,3.0,28,23,-2.5,35.0,False,ATL,11,True,2.5,0
2023_08_BAL_ARI,2023,8,2023-10-29,ARI,BAL,7.0,14.0,24,31,-9.5,44.5,True,ARI,7,False,0.0,0
2023_08_CHI_LAC,2023,8,2023-10-29,LAC,CHI,24.0,7.0,30,13,9.5,46.0,False,CHI,17,False,0.0,0
2023_08_CIN_SF,2023,8,2023-10-29,SF,CIN,10.0,14.0,17,31,4.0,44.0,True,SF,4,True,4.0,0
2023_08_CLE_SEA,2023,8,2023-10-29,SEA,CLE,17.0,14.0,24,20,4.0,39.5,False,CLE,3,False,0.0,0
2023_08_HOU_CAR,2023,8,2023-10-29,CAR,HOU,6.0,7.0,15,13,-3.0,43.0,True,CAR,1,False,0.0,1
2023_08_JAX_PIT,2023,8,2023-10-29,PIT,JAX,3.0,9.0,10,20,-2.5,41.0,True,PIT,6,False,0.0,0
2023_08_KC_DEN,2023,8,2023-10-29,DEN,KC,14.0,9.0,24,9,-7.0,45.5,False,KC,5,True,7.0,0
2023_08_LA_DAL,2023,8,2023-10-29,DAL,LA,33.0,9.0,43,20,6.5,44.5,False,LA,24,False,0.0,0
2023_08_LV_DET,2023,8,2023-10-30,DET,LV,16.0,7.0,26,14,7.0,46.0,False,LV,9,False,0.0,0
2023_08_MIN_GB,2023,8,2023-10-29,GB,MIN,3.0,10.0,10,24,-1.0,41.5,True,GB,7,False,0.0,0
2023_08_NE_MIA,2023,8,2023-10-29,MIA,NE,17.0,7.0,31,17,7.5,46.5,False,NE,10,False,0.0,0
2023_08_NO_IND,2023,8,2023-10-29,IND,NO,20.0,21.0,27,38,-2.0,43.5,True,IND,1,False,0.0,0
2023_08_NYJ_NYG,2023,8,2023-10-29,NYG,NYJ,3.0,7.0,10,13,-3.0,35.0,True,NYG,4,False,0.0,0
2023_08_PHI_WAS,2023,8,2023-10-29,WAS,PHI,17.0,10.0,31,38,-7.0,42.5,False,PHI,7,True,7.0,1
2023_08_TB_BUF,2023,8,2023-10-26,BUF,TB,17.0,10.0,24,18,10.0,43.0,False,TB,7,False,0.0,0
2023_09_ARI_CLE,2023,9,2023-11-05,CLE,ARI,13.0,0.0,27,0,13.0,38.0,False,ARI,13,False,0.0,0
2023_09_BUF_CIN,2023,9,2023-11-05,CIN,BUF,21.0,7.0,24,18,1.5,51.0,False,BUF,14,False,0.0,0
2023_09_DAL_PHI,2023,9,2023-11-05,PHI,DAL,14.0,17.0,28,23,3.5,46.5,True,PHI,3,True,3.5,1
2023_09_IND_CAR,2023,9,2023-11-05,CAR,IND,3.0,20.0,13,27,-1.5,45.0,True,CAR,17,False,0.0,0
2023_09_LAC_NYJ,2023,9,2023-11-06,NYJ,LAC,3.0,17.0,6,27,-3.0,41.0,True,NYJ,14,False,0.0,0
2023_09_LA_GB,2023,9,2023-11-05,GB,LA,7.0,3.0,20,3,3.5,38.0,False,LA,4,False,0.0,0
2023_09_MIA_KC,2023,9,2023-11-05,KC,MIA,21.0,0.0,21,14,1.0,51.0,False,MIA,21,False,0.0,0
2023_09_MIN_ATL,2023,9,2023-11-05,ATL,MIN,11.0,10.0,28,31,3.5,38.5,False,MIN,1,False,0.0,1
2023_09_NYG_LV,2023,9,2023-11-05,LV,NYG,24.0,0.0,30,6,1.0,38.5,False,NYG,24,False,0.0,0
2023_09_SEA_BAL,2023,9,2023-11-05,BAL,SEA,17.0,3.0,37,3,6.0,44.5,False,SEA,14,False,0.0,0
2023_09_TB_HOU,2023,9,2023-11-05,HOU,TB,10.0,17.0,39,37,2.5,39.5,True,HOU,7,True,2.5,1
2023_09_TEN_PIT,2023,9,2023-11-02,PIT,TEN,10.0,13.0,20,16,3.5,37.0,True,PIT,3,True,3.5,1
2023_09_WAS_NE,2023,9,2023-11-05,NE,WAS,14.0,10.0,17,20,2.5,40.5,False,WAS,4,False,0.0,1
2023_10_ATL_ARI,2023,10,2023-11-12,ARI,ATL,12.0,14.0,25,23,-2.0,43.5,True,ARI,2,False,0.0,1
2023_10_CAR_CHI,2023,10,2023-11-09,CHI,CAR,9.0,10.0,16,13,3.0,38.0,True,CHI,1,True,3.0,1
2023_10_CLE_BAL,2023,10,2023-11-12,BAL,CLE,17.0,9.0,31,33,6.0,38.5,False,CLE,8,False,0.0,1
2023_10_DEN_BUF,2023,10,2023-11-13,BUF,DEN,8.0,15.0,22,24,7.5,47.5,True,BUF,7,True,7.5,0
2023_10_DET_LAC,2023,10,2023-11-12,LAC,DET,17.0,24.0,38,41,-2.5,48.5,True,LAC,7,False,0.0,0
2023_10_GB_PIT,2023,10,2023-11-12,PIT,GB,17.0,13.0,23,19,3.0,38.5,False,GB,4,False,0.0,0
2023_10_HOU_CIN,2023,10,2023-11-12,CIN,HOU,7.0,10.0,27,30,5.5,46.0,True,CIN,3,True,5.5,0
2023_10_IND_NE,2023,10,2023-11-12,NE,IND,3.0,7.0,6,10,-1.0,42.0,True,NE,4,False,0.0,0
2023_10_NO_MIN,2023,10,2023-11-12,MIN,NO,24.0,3.0,27,19,-3.0,41.0,False,NO,21,True,3.0,0
2023_10_NYG_DAL,2023,10,2023-11-12,DAL,NYG,28.0,0.0,49,17,17.5,38.5,False,NYG,28,False,0.0,0
2023_10_NYJ_LV,2023,10,2023-11-12,LV,NYJ,6.0,9.0,16,12,-1.0,35.5,True,LV,3,False,0.0,1
2023_10_SF_JAX,2023,10,2023-11-12,JAX,SF,3.0,13.0,3,34,-3.0,44.5,True,JAX,10,False,0.0,0
2023_10_TEN_TB,2023,10,2023-11-12,TB,TEN,7.0,3.0,20,6,2.5,39.5,False,TEN,4,False,0.0,0
2023_11_ARI_HOU,2023,11,2023-11-19,HOU,ARI,21.0,10.0,21,16,5.5,48.0,False,ARI,11,False,0.0,0
2023_11_CHI_DET,2023,11,2023-11-19,DET,CHI,14.0,10.0,31,26,8.0,48.0,False,CHI,4,False,0.0,0
2023_11_CIN_BAL,2023,11,2023-11-16,BAL,CIN,21.0,10.0,34,20,4.0,46.5,False,CIN,11,False,0.0,0
2023_11_DAL_CAR,2023,11,2023-11-19,CAR,DAL,3.0,17.0,10,33,-11.0,43.0,True,CAR,14,False,0.0,0
2023_11_LV_MIA,2023,11,2023-11-19,MIA,LV,14.0,13.0,20,13,14.0,44.5,False,LV,1,False,0.0,0
2023_11_MIN_DEN,2023,11,2023-11-19,DEN,MIN,9.0,10.0,21,20,2.5,43.5,True,DEN,1,True,2.5,1
2023_11_NYG_WAS,2023,11,2023-11-19,WAS,NYG,9.0,14.0,19,31,7.5,39.0,True,WAS,5,True,7.5,0
2023_11_NYJ_BUF,2023,11,2023-11-19,BUF,NYJ,16.0,6.0,32,6,8.0,39.5,False,NYJ,10,False,0.0,0
2023_11_PHI_KC,2023,11,2023-11-20,KC,PHI,17.0,7.0,17,21,2.5,46.0,False,PHI,10,False,0.0,1
2023_11_PIT_CLE,2023,11,2023-11-19,CLE,PIT,10.0,0.0,13,10,2.5,34.0,False,PIT,10,False,0.0,0
2023_11_SEA_LA,2023,11,2023-11-19,LA,SEA,7.0,13.0,17,16,2.5,45.0,True,LA,6,True,2.5,1
2023_11_TB_SF,2023,11,2023-11-19,SF,TB,13.0,7.0,27,14,13.5,41.5,False,TB,6,False,0.0,0
2023_11_TEN_JAX,2023,11,2023-11-19,JAX,TEN,13.0,0.0,34,14,6.5,40.0,False,TEN,13,False,0.0,0
2023_12_BAL_LAC,2023,12,2023-11-26,LAC,BAL,3.0,10.0,10,20,-3.0,49.0,True,LAC,7,False,0.0,0
2023_12_BUF_PHI,2023,12,2023-11-26,PHI,BUF,7.0,17.0,37,34,2.5,49.0,True,PHI,10,True,2.5,1
2023_12_CAR_TEN,2023,12,2023-11-26,TEN,CAR,17.0,3.0,17,10,3.5,36.0,False,CAR,14,False,0.0,0
2023_12_CLE_DEN,2023,12,2023-11-26,DEN,CLE,14.0,6.0,29,12,1.5,37.5,False,CLE,8,False,0.0,0
2023_12_GB_DET,2023,12,2023-11-23,DET,GB,6.0,23.0,22,29,8.5,47.0,True,DET,17,True,8.5,0
2023_12_JAX_HOU,2023,12,2023-11-26,HOU,JAX,7.0,13.0,21,24,-1.0,48.0,True,HOU,6,False,0.0,0
2023_12_LA_ARI,2023,12,2023-11-26,ARI,LA,8.0,21.0,14,37,-3.0,45.0,True,ARI,13,False,0.0,0
2023_12_MIA_NYJ,2023,12,2023-11-24,NYJ,MIA,6.0,17.0,13,34,-9.5,40.0,True,NYJ,11,False,0.0,0
2023_12_NE_NYG,2023,12,2023-11-26,NYG,NE,7.0,0.0,10,7,-4.5,36.5,False,NE,7,True,4.5,0
2023_12_NO_ATL,2023,12,2023-11-26,ATL,NO,14.0,9.0,24,15,-2.0,42.0,False,NO,5,True,2.0,0
2023_12_PIT_CIN,2023,12,2023-11-26,CIN,PIT,7.0,3.0,10,16,-2.0,36.0,False,PIT,4,True,2.0,1
2023_12_SF_SEA,2023,12,2023-11-23,SEA,SF,3.0,24.0,13,31,-7.0,43.5,True,SEA,21,False,0.0,0
2023_12_TB_IND,2023,12,2023-11-26,IND,TB,17.0,10.0,27,20,2.5,45.0,False,TB,7,False,0.0,0
2023_12_WAS_DAL,2023,12,2023-11-23,DAL,WAS,20.0,10.0,45,10,13.0,48.0,False,WAS,10,False,0.0,0
2023_13_ARI_PIT,2023,13,2023-12-03,PIT,ARI,3.0,10.0,10,24,6.0,41.0,True,PIT,7,True,6.0,0
2023_13_ATL_NYJ,2023,13,2023-12-03,NYJ,ATL,5.0,7.0,8,13,-2.0,33.0,True,NYJ,2,False,0.0,0
2023_13_CAR_TB,2023,13,2023-12-03,TB,CAR,7.0,3.0,21,18,4.0,37.0,False,CAR,4,False,0.0,0
2023_13_CLE_LA,2023,13,2023-12-03,LA,CLE,13.0,10.0,36,19,3.5,39.5,False,CLE,3,False,0.0,0
2023_13_DEN_HOU,2023,13,2023-12-03,HOU,DEN,13.0,3.0,22,17,3.5,47.5,False,DEN,10,False,0.0,0
2023_13_DET_NO,2023,13,2023-12-03,NO,DET,7.0,24.0,28,33,-4.0,47.5,True,NO,17,False,0.0,0
2023_13_IND_TEN,2023,13,2023-12-03,TEN,IND,17.0,13.0,28,31,-1.5,42.0,False,IND,4,True,1.5,1
2023_13_KC_GB,2023,13,2023-12-03,GB,KC,14.0,6.0,27,19,-5.5,43.5,False,KC,8,True,5.5,0
2023_13_LAC_NE,2023,13,2023-12-03,NE,LAC,0.0,6.0,0,6,-4.5,38.5,True,NE,6,False,0.0,0
2023_13_MIA_WAS,2023,13,2023-12-03,WAS,MIA,7.0,31.0,15,45,-8.5,50.0,True,WAS,24,False,0.0,0
2023_13_SEA_DAL,2023,13,2023-11-30,DAL,SEA,20.0,21.0,41,35,9.5,47.5,True,DAL,1,True,9.5,1
2023_13_SF_PHI,2023,13,2023-12-03,PHI,SF,6.0,14.0,19,42,-3.0,46.5,True,PHI,8,False,0.0,0
2023_14_BUF_KC,2023,14,2023-12-10,KC,BUF,7.0,14.0,17,20,2.0,49.5,True,KC,7,True,2.0,0
2023_14_CAR_NO,2023,14,2023-12-10,NO,CAR,14.0,3.0,28,6,5.5,39.0,False,CAR,11,False,0.0,0
2023_14_DEN_LAC,2023,14,2023-12-10,LAC,DEN,0.0,10.0,7,24,3.0,45.0,True,LAC,10,True,3.0,0
2023_14_DET_CHI,2023,14,2023-12-10,CHI,DET,10.0,13.0,28,13,-3.0,44.5,True,CHI,3,False,0.0,1
2023_14_GB_NYG,2023,14,2023-12-11,NYG,GB,7.0,10.0,24,22,-6.0,37.5,True,NYG,3,False,0.0,1
2023_14_JAX_CLE,2023,14,2023-12-10,CLE,JAX,14.0,7.0,31,27,2.5,37.5,False,JAX,7,False,0.0,0
2023_14_LA_BAL,2023,14,2023-12-10,BAL,LA,17.0,20.0,37,31,7.5,42.0,True,BAL,3,True,7.5,1
2023_14_NE_PIT,2023,14,2023-12-07,PIT,NE,10.0,21.0,18,21,6.0,30.0,True,PIT,11,True,6.0,0
2023_14_PHI_DAL,2023,14,2023-12-10,DAL,PHI,24.0,6.0,33,13,3.5,52.5,False,PHI,18,False,0.0,0
2023_14_SEA_SF,2023,14,2023-12-10,SF,SEA,14.0,10.0,28,16,14.5,44.5,False,SEA,4,False,0.0,0
2023_14_TB_ATL,2023,14,2023-12-10,ATL,TB,10.0,12.0,25,29,1.5,41.5,True,ATL,2,True,1.5,0
2023_14_TEN_MIA,2023,14,2023-12-11,MIA,TEN,7.0,10.0,27,28,14.0,45.0,True,MIA,3,True,14.0,0
2023_15_ATL_CAR,2023,15,2023-12-17,CAR,ATL,3.0,7.0,9,7,-3.0,32.0,True,CAR,4,False,0.0,1
2023_15_BAL_JAX,2023,15,2023-12-17,JAX,BAL,0.0,10.0,7,23,-4.0,42.5,True,JAX,10,False,0.0,0
2023_15_DAL_BUF,2023,15,2023-12-17,BUF,DAL,21.0,3.0,31,10,2.0,49.5,False,DAL,18,False,0.0,0
2023_15_DEN_DET,2023,15,2023-12-16,DET,DEN,21.0,0.0,42,17,5.5,49.0,False,DEN,21,False,0.0,0
2023_15_HOU_TEN,2023,15,2023-12-17,TEN,HOU,13.0,3.0,16,19,3.0,38.0,False,HOU,10,False,0.0,1
2023_15_KC_NE,2023,15,2023-12-17,NE,KC,10.0,14.0,17,27,-10.0,39.5,True,NE,4,False,0.0,0
2023_15_LAC_LV,2023,15,2023-12-14,LV,LAC,42.0,0.0,63,21,3.0,36.0,False,LAC,42,False,0.0,0
2023_15_MIN_CIN,2023,15,2023-12-16,CIN,MIN,3.0,7.0,27,24,3.0,41.5,True,CIN,4,True,3.0,1
2023_15_NYG_NO,2023,15,2023-12-17,NO,NYG,7.0,6.0,24,6,6.0,39.5,False,NYG,1,False,0.0,0
2023_15_NYJ_MIA,2023,15,2023-12-17,MIA,NYJ,24.0,0.0,30,0,7.5,36.0,False,NYJ,24,False,0.0,0
2023_15_PHI_SEA,2023,15,2023-12-18,SEA,PHI,3.0,10.0,20,17,-5.0,46.0,True,SEA,7,False,0.0,1
2023_15_PIT_IND,2023,15,2023-12-16,IND,PIT,14.0,13.0,30,13,1.5,41.5,False,PIT,1,False,0.0,0
2023_15_SF_ARI,2023,15,2023-12-17,ARI,SF,13.0,21.0,29,45,-12.5,48.0,True,ARI,8,False,0.0,0
2023_15_TB_GB,2023,15,2023-12-17,GB,TB,10.0,13.0,20,34,4.0,41.5,True,GB,3,True,4.0,0
2023_15_WAS_LA,2023,15,2023-12-17,LA,WAS,13.0,0.0,28,20,6.5,48.5,False,WAS,13,False,0.0,0
2023_16_ARI_CHI,2023,16,2023-12-24,CHI,ARI,21.0,7.0,27,16,4.5,42.0,False,ARI,14,False,0.0,0
2023_16_BAL_SF,2023,16,2023-12-25,SF,BAL,12.0,16.0,19,33,6.5,47.5,True,SF,4,True,6.5,0
2023_16_BUF_LAC,2023,16,2023-12-23,LAC,BUF,10.0,14.0,22,24,-13.0,44.5,True,LAC,4,False,0.0,0
2023_16_CIN_PIT,2023,16,2023-12-23,PIT,CIN,24.0,0.0,34,11,-3.0,39.5,False,CIN,24,True,3.0,0
2023_16_CLE_HOU,2023,16,2023-12-24,HOU,CLE,7.0,22.0,22,36,-3.0,40.0,True,HOU,15,False,0.0,0
2023_16_DAL_MIA,2023,16,2023-12-24,MIA,DAL,13.0,7.0,22,20,1.5,48.5,False,DAL,6,False,0.0,0
2023_16_DET_MIN,2023,16,2023-12-24,MIN,DET,14.0,17.0,24,30,-2.5,47.5,True,MIN,3,False,0.0,0
2023_16_GB_CAR,2023,16,2023-12-24,CAR,GB,10.0,23.0,30,33,-3.5,39.5,True,CAR,13,False,0.0,0
2023_16_IND_ATL,2023,16,2023-12-24,ATL,IND,13.0,7.0,29,10,3.0,44.0,False,IND,6,False,0.0,0
2023_16_JAX_TB,2023,16,2023-12-24,TB,JAX,20.0,0.0,30,12,-2.0,43.0,False,JAX,20,True,2.0,0
2023_16_LV_KC,2023,16,2023-12-25,KC,LV,7.0,17.0,14,20,11.0,40.5,True,KC,10,True,11.0,0
2023_16_NE_DEN,2023,16,2023-12-24,DEN,NE,7.0,3.0,23,26,7.0,37.5,False,NE,4,False,0.0,1
2023_16_NO_LA,2023,16,2023-12-21,LA,NO,17.0,7.0,30,22,4.0,45.5,False,NO,10,False,0.0,0
2023_16_NYG_PHI,2023,16,2023-12-25,PHI,NYG,20.0,3.0,33,25,14.0,41.0,False,NYG,17,False,0.0,0
2023_16_SEA_TEN,2023,16,2023-12-24,TEN,SEA,10.0,3.0,17,20,-3.0,42.0,False,SEA,7,True,3.0,1
2023_16_WAS_NYJ,2023,16,2023-12-24,NYJ,WAS,27.0,7.0,30,28,3.0,36.5,False,WAS,20,False,0.0,0
2023_17_ARI_PHI,2023,17,2023-12-31,PHI,ARI,21.0,6.0,31,35,12.0,48.0,False,ARI,15,False,0.0,1
2023_17_ATL_CHI,2023,17,2023-12-31,CHI,ATL,21.0,7.0,37,17,3.0,39.0,False,ATL,14,False,0.0,0
2023_17_CAR_JAX,2023,17,2023-12-31,JAX,CAR,9.0,0.0,26,0,3.5,38.0,False,CAR,9,False,0.0,0
2023_17_CIN_KC,2023,17,2023-12-31,KC,CIN,13.0,17.0,25,17,7.5,46.0,True,KC,4,True,7.5,1
2023_17_DET_DAL,2023,17,2023-12-30,DAL,DET,7.0,3.0,20,19,5.5,53.0,False,DET,4,False,0.0,0
2023_17_GB_MIN,2023,17,2023-12-31,MIN,GB,3.0,23.0,10,33,1.0,42.5,True,MIN,20,True,1.0,0
2023_17_LAC_DEN,2023,17,2023-12-31,DEN,LAC,13.0,3.0,16,9,3.5,39.5,False,LAC,10,False,0.0,0
2023_17_LA_NYG,2023,17,2023-12-31,NYG,LA,10.0,14.0,25,26,-6.0,43.5,True,NYG,4,False,0.0,0
2023_17_LV_IND,2023,17,2023-12-31,IND,LV,14.0,3.0,23,20,3.5,42.5,False,LV,11,False,0.0,0
2023_17_MIA_BAL,2023,17,2023-12-31,BAL,MIA,28.0,13.0,56,19,3.0,47.0,False,MIA,15,False,0.0,0
2023_17_NE_BUF,2023,17,2023-12-31,BUF,NE,20.0,14.0,27,21,15.0,40.0,False,NE,6,False,0.0,0
2023_17_NO_TB,2023,17,2023-12-31,TB,NO,0.0,17.0,13,23,2.5,42.5,True,TB,17,True,2.5,0
2023_17_NYJ_CLE,2023,17,2023-12-28,CLE,NYJ,34.0,17.0,37,20,6.5,33.5,False,NYJ,17,False,0.0,0
2023_17_PIT_SEA,2023,17,2023-12-31,SEA,PIT,14.0,17.0,23,30,4.5,40.5,True,SEA,3,True,4.5,0
2023_17_SF_WAS,2023,17,2023-12-31,WAS,SF,10.0,13.0,10,27,-14.0,49.0,True,WAS,3,False,0.0,0
2023_17_TEN_HOU,2023,17,2023-12-31,HOU,TEN,20.0,3.0,26,3,5.0,44.0,False,TEN,17,False,0.0,0
2023_18_BUF_MIA,2023,18,2024-01-07,MIA,BUF,14.0,7.0,14,21,-2.5,47.5,False,BUF,7,True,2.5,1
2023_18_CHI_GB,2023,18,2024-01-07,GB,CHI,7.0,6.0,17,9,2.5,45.5,False,CHI,1,False,0.0,0
2023_18_CLE_CIN,2023,18,2024-01-07,CIN,CLE,24.0,0.0,31,14,7.5,37.0,False,CLE,24,False,0.0,0
2023_18_DAL_WAS,2023,18,2024-01-07,WAS,DAL,10.0,21.0,10,38,-13.0,47.5,True,WAS,11,False,0.0,0
2023_18_DEN_LV,2023,18,2024-01-07,LV,DEN,17.0,7.0,27,14,3.5,37.5,False,DEN,10,False,0.0,0
2023_18_HOU_IND,2023,18,2024-01-06,IND,HOU,6.0,14.0,19,23,-1.5,47.5,True,IND,8,False,0.0,0
2023_18_JAX_TEN,2023,18,2024-01-07,TEN,JAX,21.0,13.0,28,20,-3.5,41.5,False,JAX,8,True,3.5,0
2023_18_KC_LAC,2023,18,2024-01-07,LAC,KC,6.0,10.0,12,13,3.5,35.0,True,LAC,4,True,3.5,0
2023_18_LA_SF,2023,18,2024-01-07,SF,LA,20.0,7.0,20,21,5.5,40.0,False,LA,13,False,0.0,1
2023_18_MIN_DET,2023,18,2024-01-07,DET,MIN,13.0,6.0,30,20,3.5,47.5,False,MIN,7,False,0.0,0
2023_18_NYJ_NE,2023,18,2024-01-07,NE,NYJ,3.0,6.0,3,17,2.5,28.5,True,NE,3,True,2.5,0
2023_18_PHI_NYG,2023,18,2024-01-07,NYG,PHI,24.0,0.0,27,10,-4.5,43.0,False,PHI,24,True,4.5,0
2023_18_SEA_ARI,2023,18,2024-01-07,ARI,SEA,6.0,13.0,20,21,-2.5,48.0,True,ARI,7,False,0.0,0
2023_18_TB_CAR,2023,18,2024-01-07,CAR,TB,0.0,6.0,0,9,-5.0,36.5,True,CAR,6,False,0.0,0
2024_01_ARI_BUF,2024,1,2024-09-08,BUF,ARI,10.0,17.0,34,28,6.5,46.0,True,BUF,7,True,6.5,1
2024_01_BAL_KC,2024,1,2024-09-05,KC,BAL,13.0,10.0,27,20,3.0,46.0,False,BAL,3,False,0.0,0
2024_01_CAR_NO,2024,1,2024-09-08,NO,CAR,30.0,3.0,47,10,3.5,41.5,False,CAR,27,False,0.0,0
2024_01_DAL_CLE,2024,1,2024-09-08,CLE,DAL,3.0,20.0,17,33,2.5,42.0,True,CLE,17,True,2.5,0
2024_01_DEN_SEA,2024,1,2024-09-08,SEA,DEN,9.0,13.0,26,20,6.5,42.0,True,SEA,4,True,6.5,1
2024_01_GB_PHI,2024,1,2024-09-06,PHI,GB,17.0,19.0,34,29,2.0,49.5,True,PHI,2,True,2.0,1
2024_01_HOU_IND,2024,1,2024-09-08,IND,HOU,7.0,12.0,27,29,-3.0,49.0,True,IND,5,False,0.0,0
2024_01_JAX_MIA,2024,1,2024-09-08,MIA,JAX,7.0,17.0,20,17,3.5,49.5,True,MIA,10,True,3.5,1
2024_01_LA_DET,2024,1,2024-09-08,DET,LA,10.0,3.0,26,20,5.0,54.0,False,LA,7,False,0.0,0
2024_01_LV_LAC,2024,1,2024-09-08,LAC,LV,6.0,7.0,22,10,3.0,41.0,True,LAC,1,True,3.0,1
2024_01_MIN_NYG,2024,1,2024-09-08,NYG,MIN,3.0,14.0,6,28,-1.0,42.5,True,NYG,11,False,0.0,0
2024_01_NE_CIN,2024,1,2024-09-08,CIN,NE,0.0,10.0,10,16,8.0,40.5,True,CIN,10,True,8.0,0
2024_01_NYJ_SF,2024,1,2024-09-09,SF,NYJ,16.0,7.0,32,19,3.5,43.0,False,NYJ,9,False,0.0,0
2024_01_PIT_ATL,2024,1,2024-09-08,ATL,PIT,10.0,9.0,10,18,4.0,43.0,False,PIT,1,False,0.0,1
2024_01_TEN_CHI,2024,1,2024-09-08,CHI,TEN,0.0,17.0,24,17,4.0,43.0,True,CHI,17,True,4.0,1
2024_01_WAS_TB,2024,1,2024-09-08,TB,WAS,16.0,7.0,37,20,4.0,42.0,False,WAS,9,False,0.0,0
2024_02_ATL_PHI,2024,2,2024-09-16,PHI,ATL,7.0,6.0,21,22,5.5,46.5,False,ATL,1,False,0.0,1
2024_02_BUF_MIA,2024,2,2024-09-12,MIA,BUF,10.0,24.0,10,31,2.5,48.5,True,MIA,14,True,2.5,0
2024_02_CHI_HOU,2024,2,2024-09-15,HOU,CHI,16.0,10.0,19,13,6.0,45.5,False,CHI,6,False,0.0,0
2024_02_CIN_KC,2024,2,2024-09-15,KC,CIN,10.0,16.0,26,25,6.5,47.5,True,KC,6,True,6.5,1
2024_02_CLE_JAX,2024,2,2024-09-15,JAX,CLE,3.0,13.0,13,18,3.0,41.5,True,JAX,10,True,3.0,0
2024_02_IND_GB,2024,2,2024-09-15,GB,IND,10.0,0.0,16,10,-3.0,41.5,False,IND,10,True,3.0,0
2024_02_LAC_CAR,2024,2,2024-09-15,CAR,LAC,0.0,20.0,3,26,-5.0,39.0,True,CAR,20,False,0.0,0
2024_02_LA_ARI,2024,2,2024-09-15,ARI,LA,24.0,3.0,41,10,-1.0,47.5,False,LA,21,True,1.0,0
2024_02_LV_BAL,2024,2,2024-09-15,BAL,LV,9.0,6.0,23,26,9.0,41.0,False,LV,3,False,0.0,1
2024_02_NO_DAL,2024,2,2024-09-15,DAL,NO,16.0,35.0,19,44,6.5,47.0,True,DAL,19,True,6.5,0
2024_02_NYG_WAS,2024,2,2024-09-15,WAS,NYG,9.0,12.0,21,18,1.5,42.5,True,WAS,3,True,1.5,1
2024_02_NYJ_TEN,2024,2,2024-09-15,TEN,NYJ,10.0,7.0,17,24,-3.5,41.5,False,NYJ,3,True,3.5,1
2024_02_PIT_DEN,2024,2,2024-09-15,DEN,PIT,0.0,10.0,6,13,-3.0,36.5,True,DEN,10,False,0.0,0
2024_02_SEA_NE,2024,2,2024-09-15,NE,SEA,13.0,17.0,20,23,-3.5,39.0,True,NE,4,False,0.0,0
2024_02_SF_MIN,2024,2,2024-09-15,MIN,SF,13.0,7.0,23,17,-4.5,46.5,False,SF,6,True,4.5,0
2024_02_TB_DET,2024,2,2024-09-15,DET,TB,6.0,13.0,16,20,7.5,51.5,True,DET,7,True,7.5,0
2024_03_BAL_DAL,2024,3,2024-09-22,DAL,BAL,6.0,21.0,25,28,-1.5,47.5,True,DAL,15,False,0.0,0
2024_03_CAR_LV,2024,3,2024-09-22,LV,CAR,7.0,21.0,22,36,5.5,40.0,True,LV,14,True,5.5,0
2024_03_CHI_IND,2024,3,2024-09-22,IND,CHI,7.0,0.0,21,16,1.5,43.0,False,CHI,7,False,0.0,0
2024_03_DEN_TB,2024,3,2024-09-22,TB,DEN,7.0,20.0,7,26,6.0,40.5,True,TB,13,True,6.0,0
2024_03_DET_ARI,2024,3,2024-09-22,ARI,DET,10.0,20.0,13,20,-3.0,51.5,True,ARI,10,False,0.0,0
2024_03_GB_TEN,2024,3,2024-09-22,TEN,GB,7.0,20.0,14,30,3.0,37.0,True,TEN,13,True,3.0,0
2024_03_HOU_MIN,2024,3,2024-09-22,MIN,HOU,14.0,0.0,34,7,-2.0,46.0,False,HOU,14,True,2.0,0
2024_03_JAX_BUF,2024,3,2024-09-23,BUF,JAX,34.0,3.0,47,10,4.0,46.5,False,JAX,31,False,0.0,0
2024_03_KC_ATL,2024,3,2024-09-22,ATL,KC,14.0,13.0,17,22,-3.0,46.0,False,KC,1,True,3.0,1
2024_03_LAC_PIT,2024,3,2024-09-22,PIT,LAC,7.0,10.0,20,10,3.0,36.0,True,PIT,3,True,3.0,1
2024_03_MIA_SEA,2024,3,2024-09-22,SEA,MIA,17.0,3.0,24,3,4.0,41.5,False,MIA,14,False,0.0,0
2024_03_NE_NYJ,2024,3,2024-09-19,NYJ,NE,14.0,3.0,24,3,6.5,39.0,False,NE,11,False,0.0,0
2024_03_NYG_CLE,2024,3,2024-09-22,CLE,NYG,7.0,21.0,15,21,6.5,38.0,True,CLE,14,True,6.5,0
2024_03_PHI_NO,2024,3,2024-09-22,NO,PHI,3.0,0.0,12,15,2.5,49.0,False,PHI,3,False,0.0,1
2024_03_SF_LA,2024,3,2024-09-22,LA,SF,7.0,14.0,27,24,-6.0,44.5,True,LA,7,False,0.0,1
2024_03_WAS_CIN,2024,3,2024-09-23,CIN,WAS,13.0,21.0,33,38,7.5,46.0,True,CIN,8,True,7.5,0
2024_04_BUF_BAL,2024,4,2024-09-29,BAL,BUF,21.0,3.0,35,10,2.5,46.5,False,BUF,18,False,0.0,0
2024_04_CIN_CAR,2024,4,2024-09-29,CAR,CIN,14.0,21.0,24,34,-4.5,47.0,True,CAR,7,False,0.0,0
2024_04_DAL_NYG,2024,4,2024-09-26,NYG,DAL,9.0,14.0,15,20,-5.5,45.0,True,NYG,5,False,0.0,0
2024_04_DEN_NYJ,2024,4,2024-09-29,NYJ,DEN,6.0,0.0,9,10,7.5,39.5,False,DEN,6,False,0.0,1
2024_04_JAX_HOU,2024,4,2024-09-29,HOU,JAX,17.0,13.0,24,20,5.5,44.5,False,JAX,4,False,0.0,0
2024_04_KC_LAC,2024,4,2024-09-29,LAC,KC,10.0,7.0,10,17,-7.5,41.5,False,KC,3,True,7.5,1
2024_04_LA_CHI,2024,4,2024-09-29,CHI,LA,10.0,6.0,24,18,3.0,40.0,False,LA,4,False,0.0,0
2024_04_MIN_GB,2024,4,2024-09-29,GB,MIN,7.0,28.0,29,31,2.5,44.0,True,GB,21,True,2.5,0
2024_04_NE_SF,2024,4,2024-09-29,SF,NE,20.0,3.0,30,13,10.5,41.5,False,NE,17,False,0.0,0
2024_04_NO_ATL,2024,4,2024-09-29,ATL,NO,17.0,14.0,26,24,2.5,41.5,False,NO,3,False,0.0,0
2024_04_PHI_TB,2024,4,2024-09-29,TB,PHI,24.0,7.0,33,16,-1.0,42.0,False,PHI,17,True,1.0,0
2024_04_PIT_IND,2024,4,2024-09-29,IND,PIT,17.0,3.0,27,24,-2.5,40.0,False,PIT,14,True,2.5,0
2024_04_SEA_DET,2024,4,2024-09-30,DET,SEA,21.0,7.0,42,29,3.5,46.5,False,SEA,14,False,0.0,0
2024_04_TEN_MIA,2024,4,2024-09-30,MIA,TEN,3.0,9.0,12,31,2.5,37.0,True,MIA,6,True,2.5,0
2024_04_WAS_ARI,2024,4,2024-09-29,ARI,WAS,7.0,17.0,14,42,3.5,49.0,True,ARI,10,True,3.5,0
2024_05_ARI_SF,2024,5,2024-10-06,SF,ARI,23.0,10.0,23,24,7.0,48.5,False,ARI,13,False,0.0,1
2024_05_BAL_CIN,2024,5,2024-10-06,CIN,BAL,17.0,14.0,38,41,-2.5,48.5,False,BAL,3,True,2.5,1
2024_05_BUF_HOU,2024,5,2024-10-06,HOU,BUF,17.0,3.0,23,20,1.0,48.0,False,BUF,14,False,0.0,0
2024_05_CAR_CHI,2024,5,2024-10-06,CHI,CAR,27.0,7.0,36,10,4.0,40.0,False,CAR,20,False,0.0,0
2024_05_CLE_WAS,2024,5,2024-10-06,WAS,CLE,24.0,3.0,34,13,3.0,44.0,False,CLE,21,False,0.0,0
2024_05_DAL_PIT,2024,5,2024-10-06,PIT,DAL,3.0,6.0,17,20,2.5,43.5,True,PIT,3,True,2.5,0
2024_05_GB_LA,2024,5,2024-10-06,LA,GB,13.0,7.0,19,24,-3.0,49.5,False,GB,6,True,3.0,1
2024_05_IND_JAX,2024,5,2024-10-06,JAX,IND,13.0,10.0,37,34,3.5,45.0,False,IND,3,False,0.0,0
2024_05_LV_DEN,2024,5,2024-10-06,DEN,LV,13.0,10.0,34,18,3.0,36.0,False,LV,3,False,0.0,0
2024_05_MIA_NE,2024,5,2024-10-06,NE,MIA,7.0,3.0,10,15,-2.0,37.0,False,MIA,4,True,2.0,1
2024_05_NO_KC,2024,5,2024-10-07,KC,NO,16.0,7.0,26,13,5.5,43.0,False,NO,9,False,0.0,0
2024_05_NYJ_MIN,2024,5,2024-10-06,MIN,NYJ,17.0,7.0,23,17,2.5,42.0,False,NYJ,10,False,0.0,0
2024_05_TB_ATL,2024,5,2024-10-03,ATL,TB,17.0,24.0,36,30,2.5,44.0,True,ATL,7,True,2.5,1
2024_06_ARI_GB,2024,6,2024-10-13,GB,ARI,24.0,10.0,34,13,5.5,47.0,False,ARI,14,False,0.0,0
2024_06_ATL_CAR,2024,6,2024-10-13,CAR,ATL,17.0,22.0,20,38,-6.0,45.5,True,CAR,5,False,0.0,0
2024_06_BUF_NYJ,2024,6,2024-10-14,NYJ,BUF,17.0,20.0,20,23,-1.0,42.0,True,NYJ,3,False,0.0,0
2024_06_CIN_NYG,2024,6,2024-10-13,NYG,CIN,0.0,7.0,7,17,-4.5,46.0,True,NYG,7,False,0.0,0
2024_06_DET_DAL,2024,6,2024-10-13,DAL,DET,6.0,27.0,9,47,-3.5,52.5,True,DAL,21,False,0.0,0
2024_06_HOU_NE,2024,6,2024-10-13,NE,HOU,7.0,14.0,21,41,-6.5,38.5,True,NE,7,False,0.0,0
2024_06_JAX_CHI,2024,6,2024-10-13,CHI,JAX,14.0,3.0,35,16,-1.5,44.5,False,JAX,11,True,1.5,0
2024_06_LAC_DEN,2024,6,2024-10-13,DEN,LAC,0.0,20.0,16,23,-3.0,37.0,True,DEN,20,False,0.0,0
2024_06_PIT_LV,2024,6,2024-10-13,LV,PIT,7.0,12.0,13,32,-3.5,36.5,True,LV,5,False,0.0,0
2024_06_SF_SEA,2024,6,2024-10-10,SEA,SF,3.0,16.0,24,36,-3.5,49.0,True,SEA,13,False,0.0,0
2024_06_TB_NO,2024,6,2024-10-13,NO,TB,27.0,24.0,27,51,-3.5,42.5,False,TB,3,True,3.5,1
2024_06_WAS_BAL,2024,6,2024-10-13,BAL,WAS,17.0,10.0,30,23,6.5,51.5,False,WAS,7,False,0.0,0
2024_07_BAL_TB,2024,7,2024-10-21,TB,BAL,10.0,17.0,31,41,-4.5,51.0,True,TB,7,False,0.0,0
2024_07_CAR_WAS,2024,7,2024-10-20,WAS,CAR,27.0,0.0,40,7,10.0,51.0,False,CAR,27,False,0.0,0
2024_07_CIN_CLE,2024,7,2024-10-20,CLE,CIN,6.0,7.0,14,21,-5.5,42.0,True,CLE,1,False,0.0,0
2024_07_DEN_NO,2024,7,2024-10-17,NO,DEN,3.0,16.0,10,33,-2.5,37.0,True,NO,13,False,0.0,0
2024_07_DET_MIN,2024,7,2024-10-20,MIN,DET,10.0,21.0,29,31,1.0,50.5,True,MIN,11,True,1.0,0
2024_07_HOU_GB,2024,7,2024-10-20,GB,HOU,14.0,19.0,24,22,3.0,48.0,True,GB,5,True,3.0,1
2024_07_KC_SF,2024,7,2024-10-20,SF,KC,6.0,14.0,18,28,2.5,47.5,True,SF,8,True,2.5,0
2024_07_LAC_ARI,2024,7,2024-10-21,ARI,LAC,7.0,6.0,17,15,-1.0,44.0,False,LAC,1,True,1.0,0
2024_07_LV_LA,2024,7,2024-10-20,LA,LV,14.0,6.0,20,15,7.0,43.0,False,LV,8,False,0.0,0
2024_07_MIA_IND,2024,7,2024-10-20,IND,MIA,3.0,10.0,16,10,3.0,44.0,True,IND,7,True,3.0,1
2024_07_NE_JAX,2024,7,2024-10-20,JAX,NE,22.0,10.0,32,16,6.5,42.0,False,NE,12,False,0.0,0
2024_07_NYJ_PIT,2024,7,2024-10-20,PIT,NYJ,13.0,15.0,37,15,-3.0,40.0,True,PIT,2,False,0.0,1
2024_07_PHI_NYG,2024,7,2024-10-20,NYG,PHI,3.0,14.0,3,28,-3.0,42.0,True,NYG,11,False,0.0,0
2024_07_SEA_ATL,2024,7,2024-10-20,ATL,SEA,7.0,10.0,14,34,3.0,51.5,True,ATL,3,True,3.0,0
2024_07_TEN_BUF,2024,7,2024-10-20,BUF,TEN,7.0,10.0,34,10,9.5,41.0,True,BUF,3,True,9.5,1
2024_08_ARI_MIA,2024,8,2024-10-27,MIA,ARI,13.0,7.0,27,28,4.0,46.5,False,ARI,6,False,0.0,1
2024_08_ATL_TB,2024,8,2024-10-27,TB,ATL,17.0,24.0,26,31,-1.5,47.0,True,TB,7,False,0.0,0
2024_08_BAL_CLE,2024,8,2024-10-27,CLE,BAL,6.0,10.0,29,24,-7.5,44.5,True,CLE,4,False,0.0,1
2024_08_BUF_SEA,2024,8,2024-10-27,SEA,BUF,3.0,14.0,10,31,-3.0,45.5,True,SEA,11,False,0.0,0
2024_08_CAR_DEN,2024,8,2024-10-27,DEN,CAR,21.0,7.0,28,14,13.0,40.5,False,CAR,14,False,0.0,0
2024_08_CHI_WAS,2024,8,2024-10-27,WAS,CHI,9.0,0.0,18,15,1.5,46.5,False,CHI,9,False,0.0,0
2024_08_DAL_SF,2024,8,2024-10-27,SF,DAL,6.0,10.0,30,24,5.5,48.0,True,SF,4,True,5.5,1
2024_08_GB_JAX,2024,8,2024-10-27,JAX,GB,10.0,13.0,27,30,-3.5,49.0,True,JAX,3,False,0.0,0
2024_08_IND_HOU,2024,8,2024-10-27,HOU,IND,17.0,10.0,23,20,5.0,45.0,False,IND,7,False,0.0,0
2024_08_KC_LV,2024,8,2024-10-27,LV,KC,10.0,17.0,20,27,-9.0,42.0,True,LV,7,False,0.0,0
2024_08_NO_LAC,2024,8,2024-10-27,LAC,NO,9.0,5.0,26,8,7.0,41.5,False,NO,4,False,0.0,0
2024_08_NYJ_NE,2024,8,2024-10-27,NE,NYJ,7.0,13.0,25,22,-7.0,41.0,True,NE,6,False,0.0,1
2024_08_TEN_DET,2024,8,2024-10-27,DET,TEN,35.0,14.0,52,14,12.5,45.0,False,TEN,21,False,0.0,0
2024_09_CHI_ARI,2024,9,2024-11-03,ARI,CHI,21.0,9.0,29,9,1.5,44.5,False,CHI,12,False,0.0,0
2024_09_DAL_ATL,2024,9,2024-11-03,ATL,DAL,14.0,10.0,27,21,3.0,52.0,False,DAL,4,False,0.0,0
2024_09_DEN_BAL,2024,9,2024-11-03,BAL,DEN,24.0,10.0,41,10,9.0,46.5,False,DEN,14,False,0.0,0
2024_09_DET_GB,2024,9,2024-11-03,GB,DET,3.0,17.0,14,24,-2.5,47.5,True,GB,14,False,0.0,0
2024_09_HOU_NYJ,2024,9,2024-10-31,NYJ,HOU,0.0,7.0,21,13,2.5,43.5,True,NYJ,7,True,2.5,1
2024_09_IND_MIN,2024,9,2024-11-03,MIN,IND,0.0,7.0,21,13,6.5,47.0,True,MIN,7,True,6.5,1
2024_09_JAX_PHI,2024,9,2024-11-03,PHI,JAX,16.0,0.0,28,23,7.5,46.0,False,JAX,16,False,0.0,0
2024_09_LAC_CLE,2024,9,2024-11-03,CLE,LAC,3.0,20.0,10,27,-2.0,42.5,True,CLE,17,False,0.0,0
2024_09_LA_SEA,2024,9,2024-11-03,SEA,LA,13.0,3.0,20,26,-1.5,48.5,False,LA,10,True,1.5,1
2024_09_LV_CIN,2024,9,2024-11-03,CIN,LV,17.0,10.0,41,24,8.0,45.0,False,LV,7,False,0.0,0
2024_09_MIA_BUF,2024,9,2024-11-03,BUF,MIA,6.0,10.0,30,27,6.5,49.0,True,BUF,4,True,6.5,1
2024_09_NE_TEN,2024,9,2024-11-03,TEN,NE,7.0,3.0,20,17,3.0,38.5,False,NE,4,False,0.0,0
2024_09_NO_CAR,2024,9,2024-11-03,CAR,NO,10.0,13.0,23,22,-7.0,43.5,True,CAR,3,False,0.0,1
2024_09_TB_KC,2024,9,2024-11-04,KC,TB,10.0,7.0,30,24,9.0,45.5,False,TB,3,False,0.0,0
2024_09_WAS_NYG,2024,9,2024-11-03,NYG,WAS,7.0,21.0,22,27,-4.5,44.5,True,NYG,14,False,0.0,0
2024_10_ATL_NO,2024,10,2024-11-10,NO,ATL,17.0,7.0,20,17,-3.5,46.5,False,ATL,10,True,3.5,0
2024_10_BUF_IND,2024,10,2024-11-10,IND,BUF,13.0,20.0,20,30,-4.5,46.5,True,IND,7,False,0.0,0
2024_10_CIN_BAL,2024,10,2024-11-07,BAL,CIN,7.0,14.0,35,34,6.0,53.0,True,BAL,7,True,6.0,1
2024_10_DEN_KC,2024,10,2024-11-10,KC,DEN,10.0,14.0,16,14,7.5,42.5,True,KC,4,True,7.5,1
2024_10_DET_HOU,2024,10,2024-11-10,HOU,DET,23.0,7.0,23,26,-4.5,49.0,False,DET,16,True,4.5,1
2024_10_MIA_LA,2024,10,2024-11-11,LA,MIA,6.0,10.0,15,23,2.5,49.5,True,LA,4,True,2.5,0
2024_10_MIN_JAX,2024,10,2024-11-10,JAX,MIN,7.0,3.0,7,12,-7.0,42.5,False,MIN,4,True,7.0,1
2024_10_NE_CHI,2024,10,2024-11-10,CHI,NE,3.0,10.0,3,19,6.5,37.5,True,CHI,7,True,6.5,0
2024_10_NYG_CAR,2024,10,2024-11-10,CAR,NYG,10.0,0.0,20,17,-6.5,40.5,False,NYG,10,True,6.5,0
2024_10_NYJ_ARI,2024,10,2024-11-10,ARI,NYJ,21.0,6.0,31,6,-2.0,45.5,False,NYJ,15,True,2.0,0
2024_10_PHI_DAL,2024,10,2024-11-10,DAL,PHI,6.0,14.0,6,34,-7.5,44.5,True,DAL,8,False,0.0,0
2024_10_PIT_WAS,2024,10,2024-11-10,WAS,PIT,17.0,14.0,27,28,1.5,45.0,False,PIT,3,False,0.0,1
2024_10_SF_TB,2024,10,2024-11-10,TB,SF,3.0,10.0,20,23,-6.5,50.5,True,TB,7,False,0.0,0
2024_10_TEN_LAC,2024,10,2024-11-10,LAC,TEN,13.0,7.0,27,17,8.0,40.0,False,TEN,6,False,0.0,0
2024_11_ATL_DEN,2024,11,2024-11-17,DEN,ATL,21.0,6.0,38,6,2.0,44.5,False,ATL,15,False,0.0,0
2024_11_BAL_PIT,2024,11,2024-11-17,PIT,BAL,9.0,7.0,18,16,-3.0,48.0,False,BAL,2,True,3.0,0
2024_11_CIN_LAC,2024,11,2024-11-17,LAC,CIN,24.0,6.0,34,27,1.0,48.0,False,CIN,18,False,0.0,0
2024_11_CLE_NO,2024,11,2024-11-17,NO,CLE,14.0,6.0,35,14,-1.0,44.0,False,CLE,8,True,1.0,0
2024_11_GB_CHI,2024,11,2024-11-17,CHI,GB,10.0,7.0,19,20,-6.0,41.0,False,GB,3,True,6.0,1
2024_11_HOU_DAL,2024,11,2024-11-18,DAL,HOU,10.0,17.0,10,34,-7.5,41.5,True,DAL,7,False,0.0,0
2024_11_IND_NYJ,2024,11,2024-11-17,NYJ,IND,7.0,13.0,27,28,4.0,43.0,True,NYJ,6,True,4.0,0
2024_11_JAX_DET,2024,11,2024-11-17,DET,JAX,28.0,6.0,52,6,14.0,47.5,False,JAX,22,False,0.0,0
2024_11_KC_BUF,2024,11,2024-11-17,BUF,KC,16.0,14.0,30,21,2.5,46.5,False,KC,2,False,0.0,0
2024_11_LA_NE,2024,11,2024-11-17,NE,LA,10.0,14.0,22,28,-4.0,42.5,True,NE,4,False,0.0,0
2024_11_LV_MIA,2024,11,2024-11-17,MIA,LV,10.0,6.0,34,19,8.0,43.5,False,LV,4,False,0.0,0
2024_11_MIN_TEN,2024,11,2024-11-17,TEN,MIN,3.0,16.0,13,23,-6.0,40.0,True,TEN,13,False,0.0,0
2024_11_SEA_SF,2024,11,2024-11-17,SF,SEA,7.0,6.0,17,20,6.0,49.0,False,SEA,1,False,0.0,1
2024_11_WAS_PHI,2024,11,2024-11-14,PHI,WAS,3.0,7.0,26,18,4.5,49.5,True,PHI,4,True,4.5,1
2024_12_ARI_SEA,2024,12,2024-11-24,SEA,ARI,7.0,3.0,16,6,-1.0,46.5,False,ARI,4,True,1.0,0
2024_12_BAL_LAC,2024,12,2024-11-25,LAC,BAL,13.0,14.0,23,30,-3.0,51.0,True,LAC,1,False,0.0,0
2024_12_DEN_LV,2024,12,2024-11-24,LV,DEN,13.0,9.0,19,29,-6.5,41.5,False,DEN,4,True,6.5,1
2024_12_DET_IND,2024,12,2024-11-24,IND,DET,6.0,14.0,6,24,-7.0,50.5,True,IND,8,False,0.0,0
2024_12_KC_CAR,2024,12,2024-11-24,CAR,KC,9.0,20.0,27,30,-11.0,43.0,True,CAR,11,False,0.0,0
2024_12_MIN_CHI,2024,12,2024-11-24,CHI,MIN,10.0,14.0,27,30,-3.0,39.5,True,CHI,4,False,0.0,0
2024_12_NE_MIA,2024,12,2024-11-24,MIA,NE,24.0,0.0,34,15,7.5,46.0,False,NE,24,False,0.0,0
2024_12_PHI_LA,2024,12,2024-11-24,LA,PHI,7.0,13.0,20,37,-3.0,49.0,True,LA,6,False,0.0,0
2024_12_PIT_CLE,2024,12,2024-11-21,CLE,PIT,10.0,3.0,24,19,-3.5,36.5,False,PIT,7,True,3.5,0
2024_12_SF_GB,2024,12,2024-11-24,GB,SF,17.0,7.0,38,10,6.5,44.5,False,SF,10,False,0.0,0
2024_12_TB_NYG,2024,12,2024-11-24,NYG,TB,0.0,23.0,7,30,-6.5,40.5,True,NYG,23,False,0.0,0
2024_12_TEN_HOU,2024,12,2024-11-24,HOU,TEN,17.0,20.0,27,32,8.0,40.5,True,HOU,3,True,8.0,0
2024_13_ARI_MIN,2024,13,2024-12-01,MIN,ARI,6.0,9.0,23,22,3.5,45.5,True,MIN,3,True,3.5,1
2024_13_CHI_DET,2024,13,2024-11-28,DET,CHI,16.0,0.0,23,20,9.5,47.5,False,CHI,16,False,0.0,0
2024_13_CLE_DEN,2024,13,2024-12-02,DEN,CLE,21.0,17.0,41,32,6.5,41.5,False,CLE,4,False,0.0,0
2024_13_HOU_JAX,2024,13,2024-12-01,JAX,HOU,3.0,6.0,20,23,-3.5,44.5,True,JAX,3,False,0.0,0
2024_13_IND_NE,2024,13,2024-12-01,NE,IND,16.0,14.0,24,25,-2.5,41.5,False,IND,2,True,2.5,1
2024_13_LAC_ATL,2024,13,2024-12-01,ATL,LAC,7.0,9.0,13,17,-1.0,47.0,True,ATL,2,False,0.0,0
2024_13_LA_NO,2024,13,2024-12-01,NO,LA,6.0,0.0,14,21,-2.5,48.5,False,LA,6,True,2.5,1
2024_13_LV_KC,2024,13,2024-11-29,KC,LV,10.0,3.0,19,17,13.5,42.0,False,LV,7,False,0.0,0
2024_13_MIA_GB,2024,13,2024-11-28,GB,MIA,24.0,3.0,30,17,3.5,47.5,False,MIA,21,False,0.0,0
2024_13_NYG_DAL,2024,13,2024-11-28,DAL,NYG,13.0,10.0,27,20,4.5,39.0,False,NYG,3,False,0.0,0
2024_13_PHI_BAL,2024,13,2024-12-01,BAL,PHI,12.0,14.0,19,24,3.0,50.0,True,BAL,2,True,3.0,0
2024_13_PIT_CIN,2024,13,2024-12-01,CIN,PIT,21.0,27.0,38,44,3.0,46.0,True,CIN,6,True,3.0,0
2024_13_SEA_NYJ,2024,13,2024-12-01,NYJ,SEA,21.0,16.0,21,26,1.0,41.5,False,SEA,5,False,0.0,1
2024_13_SF_BUF,2024,13,2024-12-01,BUF,SF,21.0,3.0,35,10,6.5,45.0,False,SF,18,False,0.0,0
2024_13_TB_CAR,2024,13,2024-12-01,CAR,TB,13.0,10.0,23,26,-6.5,46.0,False,TB,3,True,6.5,1
2024_13_TEN_WAS,2024,13,2024-12-01,WAS,TEN,28.0,7.0,42,19,6.0,45.0,False,TEN,21,False,0.0,0
2024_14_ATL_MIN,2024,14,2024-12-08,MIN,ATL,14.0,10.0,42,21,6.0,46.5,False,ATL,4,False,0.0,0
2024_14_BUF_LA,2024,14,2024-12-08,LA,BUF,24.0,14.0,44,42,-3.5,49.5,False,BUF,10,True,3.5,0
2024_14_CAR_PHI,2024,14,2024-12-08,PHI,CAR,14.0,10.0,22,16,14.0,44.5,False,CAR,4,False,0.0,0
2024_14_CHI_SF,2024,14,2024-12-08,SF,CHI,24.0,0.0,38,13,3.0,43.5,False,CHI,24,False,0.0,0
2024_14_CIN_DAL,2024,14,2024-12-09,DAL,CIN,10.0,17.0,20,27,-5.0,51.0,True,DAL,7,False,0.0,0
2024_14_CLE_PIT,2024,14,2024-12-08,PIT,CLE,13.0,7.0,27,14,6.0,43.0,False,CLE,6,False,0.0,0
2024_14_GB_DET,2024,14,2024-12-05,DET,GB,17.0,7.0,34,31,3.0,53.0,False,GB,10,False,0.0,0
2024_14_JAX_TEN,2024,14,2024-12-08,TEN,JAX,3.0,0.0,6,10,3.0,40.0,False,JAX,3,False,0.0,1
2024_14_LAC_KC,2024,14,2024-12-08,KC,LAC,13.0,0.0,19,17,5.0,43.5,False,LAC,13,False,0.0,0
2024_14_LV_TB,2024,14,2024-12-08,TB,LV,14.0,10.0,28,13,7.0,47.0,False,LV,4,False,0.0,0
2024_14_NO_NYG,2024,14,2024-12-08,NYG,NO,3.0,7.0,11,14,-5.5,41.0,True,NYG,4,False,0.0,0
2024_14_NYJ_MIA,2024,14,2024-12-08,MIA,NYJ,15.0,13.0,32,26,6.5,45.0,False,NYJ,2,False,0.0,0
2024_14_SEA_ARI,2024,14,2024-12-08,ARI,SEA,10.0,24.0,18,30,3.0,45.5,True,ARI,14,True,3.0,0
2024_15_ATL_LV,2024,15,2024-12-16,LV,ATL,3.0,9.0,9,15,-6.5,44.5,True,LV,6,False,0.0,0
2024_15_BAL_NYG,2024,15,2024-12-15,NYG,BAL,7.0,21.0,14,35,-16.5,43.5,True,NYG,14,False,0.0,0
2024_15_BUF_DET,2024,15,2024-12-15,DET,BUF,14.0,21.0,42,48,2.5,55.5,True,DET,7,True,2.5,0
2024_15_CHI_MIN,2024,15,2024-12-16,MIN,CHI,13.0,0.0,30,12,7.0,43.5,False,CHI,13,False,0.0,0
2024_15_CIN_TEN,2024,15,2024-12-15,TEN,CIN,14.0,24.0,27,37,-6.0,46.5,True,TEN,10,False,0.0,0
2024_15_DAL_CAR,2024,15,2024-12-15,CAR,DAL,7.0,10.0,14,30,2.5,42.0,True,CAR,3,True,2.5,0
2024_15_GB_SEA,2024,15,2024-12-15,SEA,GB,3.0,20.0,13,30,-3.0,48.0,True,SEA,17,False,0.0,0
2024_15_IND_DEN,2024,15,2024-12-15,DEN,IND,7.0,13.0,31,13,4.5,43.5,True,DEN,6,True,4.5,1
2024_15_KC_CLE,2024,15,2024-12-15,CLE,KC,0.0,14.0,7,21,-4.5,41.5,True,CLE,14,False,0.0,0
2024_15_MIA_HOU,2024,15,2024-12-15,HOU,MIA,13.0,6.0,20,12,2.5,46.5,False,MIA,7,False,0.0,0
2024_15_NE_ARI,2024,15,2024-12-15,ARI,NE,13.0,3.0,30,17,6.0,46.5,False,NE,10,False,0.0,0
2024_15_NYJ_JAX,2024,15,2024-12-15,JAX,NYJ,13.0,7.0,25,32,-3.5,41.5,False,NYJ,6,True,3.5,1
2024_15_PIT_PHI,2024,15,2024-12-15,PHI,PIT,17.0,13.0,27,13,5.5,43.0,False,PIT,4,False,0.0,0
2024_15_TB_LAC,2024,15,2024-12-15,LAC,TB,17.0,13.0,17,40,3.0,46.0,False,TB,4,False,0.0,1
2024_15_WAS_NO,2024,15,2024-12-15,NO,WAS,0.0,14.0,19,20,-7.5,44.5,True,NO,14,False,0.0,0
2024_16_ARI_CAR,2024,16,2024-12-22,CAR,ARI,20.0,17.0,36,30,-5.5,47.0,False,ARI,3,True,5.5,0
2024_16_CLE_CIN,2024,16,2024-12-22,CIN,CLE,17.0,0.0,24,6,10.0,46.5,False,CLE,17,False,0.0,0
2024_16_DEN_LAC,2024,16,2024-12-19,LAC,DEN,13.0,21.0,34,27,3.0,41.5,True,LAC,8,True,3.0,1
2024_16_DET_CHI,2024,16,2024-12-22,CHI,DET,14.0,27.0,17,34,-7.0,47.5,True,CHI,13,False,0.0,0
2024_16_HOU_KC,2024,16,2024-12-21,KC,HOU,17.0,10.0,27,19,3.5,42.5,False,HOU,7,False,0.0,0
2024_16_JAX_LV,2024,16,2024-12-22,LV,JAX,13.0,7.0,19,14,2.5,41.5,False,JAX,6,False,0.0,0
2024_16_LA_NYJ,2024,16,2024-12-22,NYJ,LA,9.0,6.0,9,19,-3.0,47.0,False,LA,3,True,3.0,1
2024_16_MIN_SEA,2024,16,2024-12-22,SEA,MIN,14.0,17.0,24,27,-2.5,43.0,True,SEA,3,False,0.0,0
2024_16_NE_BUF,2024,16,2024-12-22,BUF,NE,7.0,14.0,24,21,14.0,48.0,True,BUF,7,True,14.0,1
2024_16_NO_GB,2024,16,2024-12-23,GB,NO,21.0,0.0,34,0,14.0,44.0,False,NO,21,False,0.0,0
2024_16_NYG_ATL,2024,16,2024-12-22,ATL,NYG,17.0,7.0,34,7,9.5,42.5,False,NYG,10,False,0.0,0
2024_16_PHI_WAS,2024,16,2024-12-22,WAS,PHI,14.0,21.0,36,33,-4.0,47.0,True,WAS,7,False,0.0,1
2024_16_PIT_BAL,2024,16,2024-12-21,BAL,PIT,17.0,10.0,34,17,7.0,44.5,False,PIT,7,False,0.0,0
2024_16_SF_MIA,2024,16,2024-12-22,MIA,SF,13.0,10.0,29,17,-2.0,44.0,False,SF,3,True,2.0,0
2024_16_TB_DAL,2024,16,2024-12-22,DAL,TB,23.0,14.0,26,24,-4.5,47.5,False,TB,9,True,4.5,0
2024_16_TEN_IND,2024,16,2024-12-22,IND,TEN,24.0,7.0,38,30,4.0,42.5,False,TEN,17,False,0.0,0
2024_17_ARI_LA,2024,17,2024-12-28,LA,ARI,10.0,0.0,13,9,6.5,48.0,False,ARI,10,False,0.0,0
2024_17_ATL_WAS,2024,17,2024-12-29,WAS,ATL,7.0,17.0,30,24,3.5,46.5,True,WAS,10,True,3.5,1
2024_17_BAL_HOU,2024,17,2024-12-25,HOU,BAL,2.0,17.0,2,31,-5.5,46.5,True,HOU,15,False,0.0,0
2024_17_CAR_TB,2024,17,2024-12-29,TB,CAR,27.0,14.0,48,14,9.5,47.5,False,CAR,13,False,0.0,0
2024_17_DAL_PHI,2024,17,2024-12-29,PHI,DAL,24.0,7.0,41,7,7.5,37.5,False,DAL,17,False,0.0,0
2024_17_DEN_CIN,2024,17,2024-12-28,CIN,DEN,7.0,3.0,30,24,3.5,50.5,False,DEN,4,False,0.0,0
2024_17_DET_SF,2024,17,2024-12-30,SF,DET,21.0,13.0,34,40,-4.0,50.5,False,DET,8,True,4.0,1
2024_17_GB_MIN,2024,17,2024-12-29,MIN,GB,13.0,3.0,27,25,-1.0,49.0,False,GB,10,True,1.0,0
2024_17_IND_NYG,2024,17,2024-12-29,NYG,IND,21.0,13.0,45,33,-7.5,40.5,False,IND,8,True,7.5,0
2024_17_KC_PIT,2024,17,2024-12-25,PIT,KC,7.0,13.0,10,29,-3.0,43.5,True,PIT,6,False,0.0,0
2024_17_LAC_NE,2024,17,2024-12-28,NE,LAC,7.0,20.0,7,40,-6.0,42.0,True,NE,13,False,0.0,0
2024_17_LV_NO,2024,17,2024-12-29,NO,LV,10.0,13.0,10,25,-2.0,37.5,True,NO,3,False,0.0,0
2024_17_MIA_CLE,2024,17,2024-12-29,CLE,MIA,3.0,6.0,3,20,-3.0,32.5,True,CLE,3,False,0.0,0
2024_17_NYJ_BUF,2024,17,2024-12-29,BUF,NYJ,12.0,0.0,40,14,10.0,44.5,False,NYJ,12,False,0.0,0
2024_17_SEA_CHI,2024,17,2024-12-26,CHI,SEA,3.0,6.0,3,6,-3.5,43.5,True,CHI,3,False,0.0,0
2024_17_TEN_JAX,2024,17,2024-12-29,JAX,TEN,13.0,0.0,20,13,-1.0,38.0,False,TEN,13,True,1.0,0
2024_18_BUF_NE,2024,18,2025-01-05,NE,BUF,14.0,10.0,23,16,-3.0,36.5,False,BUF,4,True,3.0,0
2024_18_CAR_ATL,2024,18,2025-01-05,ATL,CAR,24.0,17.0,38,44,7.5,48.5,False,CAR,7,False,0.0,1
2024_18_CHI_GB,2024,18,2025-01-05,GB,CHI,13.0,14.0,22,24,10.0,41.5,True,GB,1,True,10.0,0
2024_18_CIN_PIT,2024,18,2025-01-04,PIT,CIN,7.0,13.0,17,19,-2.5,48.5,True,PIT,6,False,0.0,0
2024_18_CLE_BAL,2024,18,2025-01-04,BAL,CLE,14.0,3.0,35,10,19.5,42.5,False,CLE,11,False,0.0,0
2024_18_HOU_TEN,2024,18,2025-01-05,TEN,HOU,3.0,16.0,14,23,2.5,36.5,True,TEN,13,True,2.5,0
2024_18_JAX_IND,2024,18,2025-01-05,IND,JAX,20.0,13.0,26,23,3.5,45.5,False,JAX,7,False,0.0,0
2024_18_KC_DEN,2024,18,2025-01-05,DEN,KC,24.0,0.0,38,0,10.5,40.5,False,KC,24,False,0.0,0
2024_18_LAC_LV,2024,18,2025-01-05,LV,LAC,10.0,17.0,20,34,-7.0,42.5,True,LV,7,False,0.0,0
2024_18_MIA_NYJ,2024,18,2025-01-05,NYJ,MIA,15.0,6.0,32,20,1.5,39.5,False,MIA,9,False,0.0,0
2024_18_MIN_DET,2024,18,2025-01-05,DET,MIN,10.0,6.0,31,9,3.0,56.5,False,MIN,4,False,0.0,0
2024_18_NO_TB,2024,18,2025-01-05,TB,NO,6.0,16.0,27,19,14.5,44.5,True,TB,10,True,14.5,1
2024_18_NYG_PHI,2024,18,2025-01-05,PHI,NYG,10.0,0.0,20,13,3.0,36.5,False,NYG,10,False,0.0,0
2024_18_SEA_LA,2024,18,2025-01-05,LA,SEA,13.0,17.0,25,30,-7.5,38.5,True,LA,4,False,0.0,0
2024_18_SF_ARI,2024,18,2025-01-05,ARI,SF,20.0,17.0,47,24,4.5,42.5,False,SF,3,False,0.0,0
2024_18_WAS_DAL,2024,18,2025-01-05,DAL,WAS,6.0,3.0,19,23,-7.0,43.5,False,WAS,3,True,7.0,1
2025_01_ARI_NO,2025,1,2025-09-07,NO,ARI,10.0,17.0,13,20,-6.0,44.5,True,NO,7,False,0.0,0
2025_01_BAL_BUF,2025,1,2025-09-07,BUF,BAL,13.0,20.0,41,40,-1.5,50.5,True,BUF,7,False,0.0,1
2025_01_CAR_JAX,2025,1,2025-09-07,JAX,CAR,20.0,3.0,26,10,4.5,45.5,False,CAR,17,False,0.0,0
2025_01_CIN_CLE,2025,1,2025-09-07,CLE,CIN,10.0,14.0,16,17,-5.5,47.5,True,CLE,4,False,0.0,0
2025_01_DAL_PHI,2025,1,2025-09-04,PHI,DAL,21.0,20.0,24,20,8.5,47.5,False,DAL,1,False,0.0,0
2025_01_DET_GB,2025,1,2025-09-07,GB,DET,17.0,3.0,27,13,1.5,48.5,False,DET,14,False,0.0,0
2025_01_HOU_LA,2025,1,2025-09-07,LA,HOU,7.0,9.0,14,9,3.5,43.5,True,LA,2,True,3.5,1
2025_01_KC_LAC,2025,1,2025-09-05,LAC,KC,13.0,6.0,27,21,-3.0,47.5,False,KC,7,True,3.0,0
2025_01_LV_NE,2025,1,2025-09-07,NE,LV,10.0,7.0,13,20,2.5,44.5,False,LV,3,False,0.0,1
2025_01_MIA_IND,2025,1,2025-09-07,IND,MIA,20.0,0.0,33,8,1.5,47.5,False,MIA,20,False,0.0,0
2025_01_MIN_CHI,2025,1,2025-09-08,CHI,MIN,10.0,6.0,24,27,-1.5,43.5,False,MIN,4,True,1.5,1
2025_01_NYG_WAS,2025,1,2025-09-07,WAS,NYG,14.0,3.0,21,6,6.0,45.5,False,NYG,11,False,0.0,0
2025_01_PIT_NYJ,2025,1,2025-09-07,NYJ,PIT,19.0,17.0,32,34,-3.0,37.5,False,PIT,2,True,3.0,1
2025_01_SF_SEA,2025,1,2025-09-07,SEA,SF,10.0,7.0,13,17,-2.5,43.5,False,SF,3,True,2.5,1
2025_01_TEN_DEN,2025,1,2025-09-07,DEN,TEN,10.0,9.0,20,12,8.5,42.5,False,TEN,1,False,0.0,0
2025_02_ATL_MIN,2025,2,2025-09-14,MIN,ATL,6.0,9.0,6,22,3.5,44.5,True,MIN,3,True,3.5,0
2025_02_BUF_NYJ,2025,2,2025-09-14,NYJ,BUF,3.0,20.0,10,30,-6.0,47.5,True,NYJ,17,False,0.0,0
2025_02_CAR_ARI,2025,2,2025-09-14,ARI,CAR,20.0,3.0,27,22,7.0,45.5,False,CAR,17,False,0.0,0
2025_02_CHI_DET,2025,2,2025-09-14,DET,CHI,28.0,14.0,52,21,6.0,46.5,False,CHI,14,False,0.0,0
2025_02_CLE_BAL,2025,2,2025-09-14,BAL,CLE,10.0,3.0,41,17,12.5,46.5,False,CLE,7,False,0.0,0
2025_02_DEN_IND,2025,2,2025-09-14,IND,DEN,20.0,21.0,29,28,-2.5,43.5,True,IND,1,False,0.0,1
2025_02_JAX_CIN,2025,2,2025-09-14,CIN,JAX,10.0,17.0,31,27,3.5,49.5,True,CIN,7,True,3.5,1
2025_02_LAC_LV,2025,2,2025-09-15,LV,LAC,6.0,17.0,9,20,-3.5,46.5,True,LV,11,False,0.0,0
2025_02_LA_TEN,2025,2,2025-09-14,TEN,LA,13.0,10.0,19,33,-5.5,41.5,False,LA,3,True,5.5,1
2025_02_NE_MIA,2025,2,2025-09-14,MIA,NE,14.0,15.0,27,33,1.5,43.5,True,MIA,1,True,1.5,0
2025_02_NYG_DAL,2025,2,2025-09-14,DAL,NYG,10.0,13.0,40,37,4.5,44.5,True,DAL,3,True,4.5,1
2025_02_SEA_PIT,2025,2,2025-09-14,PIT,SEA,14.0,7.0,17,31,3.5,40.5,False,SEA,7,False,0.0,1
2025_02_SF_NO,2025,2,2025-09-14,NO,SF,7.0,16.0,21,26,-3.0,40.5,True,NO,9,False,0.0,0
2025_02_TB_HOU,2025,2,2025-09-15,HOU,TB,10.0,14.0,19,20,2.5,42.5,True,HOU,4,True,2.5,0
2025_02_WAS_GB,2025,2,2025-09-11,GB,WAS,14.0,3.0,27,18,3.5,48.5,False,WAS,11,False,0.0,0
2025_03_ARI_SF,2025,3,2025-09-21,SF,ARI,6.0,3.0,16,15,1.5,44.5,False,ARI,3,False,0.0,0
2025_03_ATL_CAR,2025,3,2025-09-21,CAR,ATL,10.0,0.0,30,0,-5.5,44.5,False,ATL,10,True,5.5,0
2025_03_CIN_MIN,2025,3,2025-09-21,MIN,CIN,34.0,3.0,48,10,3.0,41.5,False,CIN,31,False,0.0,0
2025_03_DAL_CHI,2025,3,2025-09-21,CHI,DAL,24.0,14.0,31,14,-1.5,49.5,False,DAL,10,True,1.5,0
2025_03_DEN_LAC,2025,3,2025-09-21,LAC,DEN,10.0,7.0,23,20,2.5,45.5,False,DEN,3,False,0.0,0
2025_03_GB_CLE,2025,3,2025-09-21,CLE,GB,0.0,3.0,13,10,-8.5,41.5,True,CLE,3,False,0.0,1
2025_03_HOU_JAX,2025,3,2025-09-21,JAX,HOU,7.0,3.0,17,10,1.5,43.5,False,HOU,4,False,0.0,0
2025_03_IND_TEN,2025,3,2025-09-21,TEN,IND,6.0,20.0,20,41,-6.0,43.5,True,TEN,14,False,0.0,0
2025_03_KC_NYG,2025,3,2025-09-21,NYG,KC,6.0,9.0,9,22,-6.0,44.5,True,NYG,3,False,0.0,0
2025_03_LA_PHI,2025,3,2025-09-21,PHI,LA,7.0,19.0,33,26,3.5,45.5,True,PHI,12,True,3.5,1
2025_03_LV_WAS,2025,3,2025-09-21,WAS,LV,20.0,10.0,41,24,2.5,43.5,False,LV,10,False,0.0,0
2025_03_NO_SEA,2025,3,2025-09-21,SEA,NO,38.0,6.0,44,13,7.5,41.5,False,NO,32,False,0.0,0
2025_03_NYJ_TB,2025,3,2025-09-21,TB,NYJ,20.0,6.0,29,27,6.5,43.5,False,NYJ,14,False,0.0,0
2025_03_PIT_NE,2025,3,2025-09-21,NE,PIT,7.0,14.0,14,21,-1.5,44.5,True,NE,7,False,0.0,0
2025_04_BAL_KC,2025,4,2025-09-28,KC,BAL,20.0,10.0,37,20,-2.5,48.5,False,BAL,10,True,2.5,0
2025_04_CAR_NE,2025,4,2025-09-28,NE,CAR,28.0,6.0,42,13,5.5,42.5,False,CAR,22,False,0.0,0
2025_04_CHI_LV,2025,4,2025-09-28,LV,CHI,14.0,9.0,24,25,1.5,47.5,False,CHI,5,False,0.0,1
2025_04_CIN_DEN,2025,4,2025-09-29,DEN,CIN,21.0,3.0,28,3,7.5,44.5,False,CIN,18,False,0.0,0
2025_04_CLE_DET,2025,4,2025-09-28,DET,CLE,20.0,7.0,34,10,10.0,44.5,False,CLE,13,False,0.0,0
2025_04_GB_DAL,2025,4,2025-09-28,DAL,GB,16.0,13.0,40,40,-7.0,47.5,False,GB,3,True,7.0,0
2025_04_IND_LA,2025,4,2025-09-28,LA,IND,13.0,10.0,27,20,3.5,49.5,False,IND,3,False,0.0,0
2025_04_JAX_SF,2025,4,2025-09-28,SF,JAX,6.0,17.0,21,26,3.5,45.5,True,SF,11,True,3.5,0
2025_04_LAC_NYG,2025,4,2025-09-28,NYG,LAC,13.0,10.0,21,18,-6.0,43.5,False,LAC,3,True,6.0,0
2025_04_MIN_PIT,2025,4,2025-09-28,PIT,MIN,14.0,6.0,24,21,-2.5,41.5,False,MIN,8,True,2.5,0
2025_04_NO_BUF,2025,4,2025-09-28,BUF,NO,14.0,10.0,31,19,15.5,48.5,False,NO,4,False,0.0,0
2025_04_NYJ_MIA,2025,4,2025-09-29,MIA,NYJ,10.0,3.0,27,21,2.5,44.5,False,NYJ,7,False,0.0,0
2025_04_PHI_TB,2025,4,2025-09-28,TB,PHI,6.0,24.0,25,31,-3.5,44.5,True,TB,18,False,0.0,0
2025_04_SEA_ARI,2025,4,2025-09-25,ARI,SEA,3.0,14.0,20,23,-1.5,43.5,True,ARI,11,False,0.0,0
2025_04_TEN_HOU,2025,4,2025-09-28,HOU,TEN,6.0,0.0,26,0,7.5,39.5,False,TEN,6,False,0.0,0
2025_04_WAS_ATL,2025,4,2025-09-28,ATL,WAS,17.0,10.0,34,27,2.5,43.5,False,WAS,7,False,0.0,0
2025_05_DAL_NYJ,2025,5,2025-10-05,NYJ,DAL,3.0,23.0,22,37,1.5,48.5,True,NYJ,20,True,1.5,0
2025_05_DEN_PHI,2025,5,2025-10-05,PHI,DEN,10.0,3.0,17,21,3.5,44.5,False,DEN,7,False,0.0,1
2025_05_DET_CIN,2025,5,2025-10-05,CIN,DET,3.0,14.0,24,37,-10.5,49.5,True,CIN,11,False,0.0,0
2025_05_HOU_BAL,2025,5,2025-10-05,BAL,HOU,3.0,24.0,10,44,-2.5,41.5,True,BAL,21,False,0.0,0
2025_05_KC_JAX,2025,5,2025-10-06,JAX,KC,7.0,14.0,31,28,-3.5,45.5,True,JAX,7,False,0.0,1
2025_05_LV_IND,2025,5,2025-10-05,IND,LV,20.0,3.0,40,6,7.0,46.5,False,LV,17,False,0.0,0
2025_05_MIA_CAR,2025,5,2025-10-05,CAR,MIA,10.0,17.0,27,24,-1.5,44.5,True,CAR,7,False,0.0,1
2025_05_MIN_CLE,2025,5,2025-10-05,CLE,MIN,10.0,7.0,17,21,-3.5,35.5,False,MIN,3,True,3.5,1
2025_05_NE_BUF,2025,5,2025-10-05,BUF,NE,3.0,6.0,20,23,7.5,49.5,True,BUF,3,True,7.5,0
2025_05_NYG_NO,2025,5,2025-10-05,NO,NYG,16.0,14.0,26,14,1.5,41.5,False,NYG,2,False,0.0,0
2025_05_SF_LA,2025,5,2025-10-02,LA,SF,7.0,17.0,23,26,8.5,43.5,True,LA,10,True,8.5,0
2025_05_TB_SEA,2025,5,2025-10-05,SEA,TB,7.0,13.0,35,38,3.5,44.5,True,SEA,6,True,3.5,0
2025_05_TEN_ARI,2025,5,2025-10-05,ARI,TEN,21.0,6.0,21,22,7.5,41.5,False,TEN,15,False,0.0,1
2025_06_ARI_IND,2025,6,2025-10-12,IND,ARI,14.0,10.0,31,27,8.5,46.5,False,ARI,4,False,0.0,0
2025_06_BUF_ATL,2025,6,2025-10-13,ATL,BUF,21.0,7.0,24,14,-3.5,49.5,False,BUF,14,True,3.5,0
2025_06_CHI_WAS,2025,6,2025-10-13,WAS,CHI,7.0,13.0,24,25,5.5,49.5,True,WAS,6,True,5.5,0
2025_06_CIN_GB,2025,6,2025-10-12,GB,CIN,10.0,0.0,27,18,14.0,44.5,False,CIN,10,False,0.0,0
2025_06_CLE_PIT,2025,6,2025-10-12,PIT,CLE,9.0,3.0,23,9,5.5,37.5,False,CLE,6,False,0.0,0
2025_06_DAL_CAR,2025,6,2025-10-12,CAR,DAL,13.0,17.0,30,27,-3.0,47.5,True,CAR,4,False,0.0,1
2025_06_DEN_NYJ,2025,6,2025-10-12,NYJ,DEN,6.0,10.0,11,13,-7.5,43.5,True,NYJ,4,False,0.0,0
2025_06_DET_KC,2025,6,2025-10-12,KC,DET,13.0,10.0,30,17,2.5,51.5,False,DET,3,False,0.0,0
2025_06_LAC_MIA,2025,6,2025-10-12,MIA,LAC,13.0,9.0,27,29,-3.5,45.5,False,LAC,4,True,3.5,1
2025_06_NE_NO,2025,6,2025-10-12,NO,NE,16.0,22.0,19,25,-3.5,46.5,True,NO,6,False,0.0,0
2025_06_PHI_NYG,2025,6,2025-10-09,NYG,PHI,20.0,17.0,34,17,-7.0,40.5,False,PHI,3,True,7.0,0
2025_06_SEA_JAX,2025,6,2025-10-12,JAX,SEA,6.0,13.0,12,20,-1.5,47.5,True,JAX,7,False,0.0,0
2025_06_SF_TB,2025,6,2025-10-12,TB,SF,20.0,16.0,30,19,3.5,46.5,False,SF,4,False,0.0,0
2025_06_TEN_LV,2025,6,2025-10-12,LV,TEN,10.0,0.0,20,10,3.5,41.5,False,TEN,10,False,0.0,0
2025_07_ATL_SF,2025,7,2025-10-19,SF,ATL,10.0,3.0,20,10,1.5,46.5,False,ATL,7,False,0.0,0
2025_07_CAR_NYJ,2025,7,2025-10-19,NYJ,CAR,3.0,10.0,6,13,1.5,39.5,True,NYJ,7,True,1.5,0
2025_07_GB_ARI,2025,7,2025-10-19,ARI,GB,13.0,6.0,23,27,-7.0,44.5,False,GB,7,True,7.0,1
2025_07_HOU_SEA,2025,7,2025-10-20,SEA,HOU,14.0,6.0,27,19,3.0,41.5,False,HOU,8,False,0.0,0
2025_07_IND_LAC,2025,7,2025-10-19,LAC,IND,3.0,23.0,24,38,2.5,48.5,True,LAC,20,True,2.5,0
2025_07_LA_JAX,2025,7,2025-10-19,JAX,LA,0.0,21.0,7,35,-3.0,44.5,True,JAX,21,False,0.0,0
2025_07_LV_KC,2025,7,2025-10-19,KC,LV,21.0,0.0,31,0,13.5,44.5,False,LV,21,False,0.0,0
2025_07_MIA_CLE,2025,7,2025-10-19,CLE,MIA,17.0,6.0,31,6,2.5,34.5,False,MIA,11,False,0.0,0
2025_07_NE_TEN,2025,7,2025-10-19,TEN,NE,13.0,17.0,13,31,-6.5,40.5,True,TEN,4,False,0.0,0
2025_07_NO_CHI,2025,7,2025-10-19,CHI,NO,20.0,7.0,26,14,4.5,43.5,False,NO,13,False,0.0,0
2025_07_NYG_DEN,2025,7,2025-10-19,DEN,NYG,0.0,13.0,33,32,7.5,39.5,True,DEN,13,True,7.5,1
2025_07_PHI_MIN,2025,7,2025-10-19,MIN,PHI,6.0,14.0,22,28,-2.5,43.5,True,MIN,8,False,0.0,0
2025_07_PIT_CIN,2025,7,2025-10-16,CIN,PIT,17.0,10.0,33,31,-5.5,45.5,False,PIT,7,True,5.5,0
2025_07_TB_DET,2025,7,2025-10-20,DET,TB,14.0,3.0,24,9,6.0,54.5,False,TB,11,False,0.0,0
2025_07_WAS_DAL,2025,7,2025-10-19,DAL,WAS,27.0,15.0,44,22,1.5,54.5,False,WAS,12,False,0.0,0
2025_08_BUF_CAR,2025,8,2025-10-26,CAR,BUF,3.0,19.0,9,40,-7.0,47.5,True,CAR,16,False,0.0,0
2025_08_CHI_BAL,2025,8,2025-10-26,BAL,CHI,10.0,6.0,30,16,2.5,45.5,False,CHI,4,False,0.0,0
2025_08_CLE_NE,2025,8,2025-10-26,NE,CLE,9.0,7.0,32,13,7.0,40.5,False,CLE,2,False,0.0,0
2025_08_DAL_DEN,2025,8,2025-10-26,DEN,DAL,27.0,10.0,44,24,3.5,51.5,False,DAL,17,False,0.0,0
2025_08_GB_PIT,2025,8,2025-10-26,PIT,GB,16.0,7.0,25,35,-3.0,46.5,False,GB,9,True,3.0,1
2025_08_MIA_ATL,2025,8,2025-10-26,ATL,MIA,3.0,17.0,10,34,7.0,44.5,True,ATL,14,True,7.0,0
2025_08_MIN_LAC,2025,8,2025-10-23,LAC,MIN,21.0,3.0,37,10,3.0,45.5,False,MIN,18,False,0.0,0
2025_08_NYG_PHI,2025,8,2025-10-26,PHI,NYG,21.0,10.0,38,20,7.0,43.5,False,NYG,11,False,0.0,0
2025_08_NYJ_CIN,2025,8,2025-10-26,CIN,NYJ,24.0,13.0,38,39,5.5,43.5,False,NYJ,11,False,0.0,1
2025_08_SF_HOU,2025,8,2025-10-26,HOU,SF,16.0,7.0,26,15,2.5,41.5,False,SF,9,False,0.0,0
2025_08_TB_NO,2025,8,2025-10-26,NO,TB,3.0,7.0,3,23,-4.5,46.5,True,NO,4,False,0.0,0
2025_08_TEN_IND,2025,8,2025-10-26,IND,TEN,17.0,7.0,38,14,15.5,47.5,False,TEN,10,False,0.0,0
2025_09_ARI_DAL,2025,9,2025-11-03,DAL,ARI,7.0,17.0,17,27,3.5,53.5,True,DAL,10,True,3.5,0
2025_09_ATL_NE,2025,9,2025-11-02,NE,ATL,21.0,14.0,24,23,5.5,45.5,False,ATL,7,False,0.0,0
2025_09_BAL_MIA,2025,9,2025-10-30,MIA,BAL,6.0,14.0,6,28,-7.5,51.5,True,MIA,8,False,0.0,0
2025_09_CAR_GB,2025,9,2025-11-02,GB,CAR,6.0,7.0,13,16,12.5,43.5,True,GB,1,True,12.5,0
2025_09_CHI_CIN,2025,9,2025-11-02,CIN,CHI,20.0,17.0,42,47,-3.0,51.5,False,CHI,3,True,3.0,1
2025_09_DEN_HOU,2025,9,2025-11-02,HOU,DEN,12.0,7.0,15,18,1.5,40.5,False,DEN,5,False,0.0,1
2025_09_IND_PIT,2025,9,2025-11-02,PIT,IND,17.0,7.0,27,20,-3.5,51.5,False,IND,10,True,3.5,0
2025_09_JAX_LV,2025,9,2025-11-02,LV,JAX,6.0,3.0,29,30,-2.5,43.5,False,JAX,3,True,2.5,1
2025_09_KC_BUF,2025,9,2025-11-02,BUF,KC,21.0,13.0,28,21,-2.5,53.5,False,KC,8,True,2.5,0
2025_09_LAC_TEN,2025,9,2025-11-02,TEN,LAC,17.0,20.0,20,27,-10.0,44.5,True,TEN,3,False,0.0,0
2025_09_MIN_DET,2025,9,2025-11-02,DET,MIN,14.0,17.0,24,27,9.5,47.5,True,DET,3,True,9.5,0
2025_09_NO_LA,2025,9,2025-11-02,LA,NO,20.0,10.0,34,10,14.0,44.5,False,NO,10,False,0.0,0
2025_09_SEA_WAS,2025,9,2025-11-02,WAS,SEA,7.0,31.0,14,38,-2.5,47.5,True,WAS,24,False,0.0,0
2025_09_SF_NYG,2025,9,2025-11-02,NYG,SF,7.0,17.0,24,34,-2.5,47.5,True,NYG,10,False,0.0,0
2025_10_ARI_SEA,2025,10,2025-11-09,SEA,ARI,38.0,7.0,44,22,7.0,44.5,False,ARI,31,False,0.0,0
2025_10_ATL_IND,2025,10,2025-11-09,IND,ATL,13.0,14.0,31,25,6.5,48.5,True,IND,1,True,6.5,1
2025_10_BAL_MIN,2025,10,2025-11-09,MIN,BAL,10.0,9.0,19,27,-4.5,48.5,False,BAL,1,True,4.5,1
2025_10_BUF_MIA,2025,10,2025-11-09,MIA,BUF,16.0,0.0,30,13,-8.5,50.5,False,BUF,16,True,8.5,0
2025_10_DET_WAS,2025,10,2025-11-09,WAS,DET,10.0,25.0,22,44,-8.5,49.5,True,WAS,15,False,0.0,0
2025_10_JAX_HOU,2025,10,2025-11-09,HOU,JAX,10.0,20.0,36,29,-1.5,37.5,True,HOU,10,False,0.0,1
2025_10_LA_SF,2025,10,2025-11-09,SF,LA,7.0,21.0,26,42,-5.5,49.5,True,SF,14,False,0.0,0
2025_10_NE_TB,2025,10,2025-11-09,TB,NE,10.0,14.0,23,28,2.5,48.5,True,TB,4,True,2.5,0
2025_10_NO_CAR,2025,10,2025-11-09,CAR,NO,7.0,10.0,7,17,5.5,38.5,True,CAR,3,True,5.5,0
2025_10_NYG_CHI,2025,10,2025-11-09,CHI,NYG,7.0,10.0,24,20,4.5,45.5,True,CHI,3,True,4.5,1
2025_10_PIT_LAC,2025,10,2025-11-09,LAC,PIT,12.0,3.0,25,10,3.0,45.5,False,PIT,9,False,0.0,0
2025_11_BAL_CLE,2025,11,2025-11-16,CLE,BAL,16.0,10.0,16,23,-7.5,37.5,False,BAL,6,True,7.5,1
2025_11_CAR_ATL,2025,11,2025-11-16,ATL,CAR,21.0,10.0,27,30,4.5,42.5,False,CAR,11,False,0.0,1
2025_11_CHI_MIN,2025,11,2025-11-16,MIN,CHI,3.0,10.0,17,19,3.0,47.5,True,MIN,7,True,3.0,0
2025_11_CIN_PIT,2025,11,2025-11-16,PIT,CIN,10.0,6.0,34,12,5.5,48.5,False,CIN,4,False,0.0,0
2025_11_DAL_LV,2025,11,2025-11-17,LV,DAL,9.0,24.0,16,33,-3.5,48.5,True,LV,15,False,0.0,0
2025_11_DET_PHI,2025,11,2025-11-16,PHI,DET,13.0,6.0,16,9,2.5,46.5,False,DET,7,False,0.0,0
2025_11_HOU_TEN,2025,11,2025-11-16,TEN,HOU,3.0,0.0,13,16,-5.5,37.5,False,HOU,3,True,5.5,1
2025_11_LAC_JAX,2025,11,2025-11-16,JAX,LAC,14.0,6.0,35,6,-3.0,43.5,False,LAC,8,True,3.0,0
2025_11_NYJ_NE,2025,11,2025-11-13,NE,NYJ,14.0,7.0,27,14,12.5,43.5,False,NYJ,7,False,0.0,0
2025_11_SEA_LA,2025,11,2025-11-16,LA,SEA,14.0,9.0,21,19,3.0,49.5,False,SEA,5,False,0.0,0
2025_11_SF_ARI,2025,11,2025-11-16,ARI,SF,10.0,25.0,22,41,-3.5,48.5,True,ARI,15,False,0.0,0
2025_11_TB_BUF,2025,11,2025-11-16,BUF,TB,21.0,20.0,44,32,6.0,46.5,False,TB,1,False,0.0,0
2025_12_ATL_NO,2025,12,2025-11-23,NO,ATL,7.0,16.0,10,24,1.5,41.5,True,NO,9,True,1.5,0
2025_12_BUF_HOU,2025,12,2025-11-20,HOU,BUF,20.0,16.0,23,19,-5.5,43.5,False,BUF,4,True,5.5,0
2025_12_CAR_SF,2025,12,2025-11-24,SF,CAR,10.0,3.0,20,9,7.5,48.5,False,CAR,7,False,0.0,0
2025_12_CLE_LV,2025,12,2025-11-23,LV,CLE,3.0,14.0,10,24,3.0,35.5,True,LV,11,True,3.0,0
2025_12_IND_KC,2025,12,2025-11-23,KC,IND,9.0,14.0,23,20,3.5,50.5,True,KC,5,True,3.5,1
2025_12_JAX_ARI,2025,12,2025-11-23,ARI,JAX,14.0,10.0,24,27,-2.5,47.5,False,JAX,4,True,2.5,1
2025_12_MIN_GB,2025,12,2025-11-23,GB,MIN,10.0,6.0,23,6,6.5,41.5,False,MIN,4,False,0.0,0
2025_12_NE_CIN,2025,12,2025-11-23,CIN,NE,13.0,17.0,20,26,-7.5,50.5,True,CIN,4,False,0.0,0
2025_12_NYG_DET,2025,12,2025-11-23,DET,NYG,17.0,20.0,34,27,14.0,50.5,True,DET,3,True,14.0,1
2025_12_NYJ_BAL,2025,12,2025-11-23,BAL,NYJ,3.0,7.0,23,10,14.0,44.5,True,BAL,4,True,14.0,1
2025_12_PHI_DAL,2025,12,2025-11-23,DAL,PHI,7.0,21.0,24,21,-3.0,47.5,True,DAL,14,False,0.0,1
2025_12_PIT_CHI,2025,12,2025-11-23,CHI,PIT,17.0,21.0,31,28,3.0,46.5,True,CHI,4,True,3.0,1
2025_12_SEA_TEN,2025,12,2025-11-23,TEN,SEA,3.0,16.0,24,30,-12.5,41.5,True,TEN,13,False,0.0,0
2025_12_TB_LA,2025,12,2025-11-23,LA,TB,31.0,7.0,34,7,7.0,49.5,False,TB,24,False,0.0,0
2025_13_ARI_TB,2025,13,2025-11-30,TB,ARI,10.0,3.0,20,17,4.5,44.5,False,ARI,7,False,0.0,0
2025_13_BUF_PIT,2025,13,2025-11-30,PIT,BUF,7.0,3.0,7,26,-3.0,44.5,False,BUF,4,True,3.0,1
2025_13_CHI_PHI,2025,13,2025-11-28,PHI,CHI,3.0,10.0,15,24,7.0,43.5,True,PHI,7,True,7.0,0
2025_13_CIN_BAL,2025,13,2025-11-27,BAL,CIN,7.0,12.0,14,32,7.0,52.5,True,BAL,5,True,7.0,0
2025_13_DEN_WAS,2025,13,2025-11-30,WAS,DEN,7.0,13.0,26,27,-6.5,43.5,True,WAS,6,False,0.0,0
2025_13_GB_DET,2025,13,2025-11-27,DET,GB,14.0,17.0,24,31,2.5,48.5,True,DET,3,True,2.5,0
2025_13_HOU_IND,2025,13,2025-11-30,IND,HOU,6.0,10.0,16,20,3.0,44.5,True,IND,4,True,3.0,0
2025_13_JAX_TEN,2025,13,2025-11-30,TEN,JAX,3.0,18.0,3,25,-6.0,42.5,True,TEN,15,False,0.0,0
2025_13_KC_DAL,2025,13,2025-11-27,DAL,KC,17.0,14.0,31,28,-3.5,53.5,False,KC,3,True,3.5,0
2025_13_LA_CAR,2025,13,2025-11-30,CAR,LA,17.0,21.0,31,28,-10.0,44.5,True,CAR,4,False,0.0,1
2025_13_MIN_SEA,2025,13,2025-11-30,SEA,MIN,13.0,0.0,26,0,12.5,42.5,False,MIN,13,False,0.0,0
2025_13_NO_MIA,2025,13,2025-11-30,MIA,NO,16.0,0.0,21,17,5.5,41.5,False,NO,16,False,0.0,0
2025_13_NYG_NE,2025,13,2025-12-01,NE,NYG,30.0,7.0,33,15,7.0,46.5,False,NYG,23,False,0.0,0
2025_13_SF_CLE,2025,13,2025-11-30,CLE,SF,8.0,10.0,8,26,-5.5,35.5,True,CLE,2,False,0.0,0
2025_14_CHI_GB,2025,14,2025-12-07,GB,CHI,14.0,3.0,28,21,6.5,44.5,False,CHI,11,False,0.0,0
2025_14_CIN_BUF,2025,14,2025-12-07,BUF,CIN,11.0,21.0,39,34,6.0,54.5,True,BUF,10,True,6.0,1
2025_14_DAL_DET,2025,14,2025-12-04,DET,DAL,20.0,9.0,44,30,3.5,55.5,False,DAL,11,False,0.0,0
2025_14_DEN_LV,2025,14,2025-12-07,LV,DEN,7.0,14.0,17,24,-8.5,40.5,True,LV,7,False,0.0,0
2025_14_HOU_KC,2025,14,2025-12-07,KC,HOU,0.0,10.0,10,20,4.5,41.5,True,KC,10,True,4.5,0
2025_14_IND_JAX,2025,14,2025-12-07,JAX,IND,28.0,10.0,36,19,-2.5,44.5,False,IND,18,True,2.5,0
2025_14_LA_ARI,2025,14,2025-12-07,ARI,LA,10.0,24.0,17,45,-9.5,49.5,True,ARI,14,False,0.0,0
2025_14_MIA_NYJ,2025,14,2025-12-07,NYJ,MIA,7.0,24.0,10,34,-2.5,41.5,True,NYJ,17,False,0.0,0
2025_14_NO_TB,2025,14,2025-12-07,TB,NO,10.0,7.0,20,24,7.5,41.5,False,NO,3,False,0.0,1
2025_14_PHI_LAC,2025,14,2025-12-08,LAC,PHI,10.0,6.0,22,19,-1.5,41.5,False,PHI,4,True,1.5,0
2025_14_PIT_BAL,2025,14,2025-12-07,BAL,PIT,9.0,17.0,22,27,5.5,43.5,True,BAL,8,True,5.5,0
2025_14_TEN_CLE,2025,14,2025-12-07,CLE,TEN,17.0,14.0,29,31,4.5,33.5,False,TEN,3,False,0.0,1
2025_14_WAS_MIN,2025,14,2025-12-07,MIN,WAS,14.0,0.0,31,0,-1.5,43.5,False,WAS,14,True,1.5,0
2025_15_ARI_HOU,2025,15,2025-12-14,HOU,ARI,23.0,7.0,40,20,10.5,42.5,False,ARI,16,False,0.0,0
2025_15_ATL_TB,2025,15,2025-12-11,TB,ATL,13.0,14.0,28,29,6.0,43.5,True,TB,1,True,6.0,0
2025_15_BAL_CIN,2025,15,2025-12-14,CIN,BAL,0.0,14.0,0,24,-2.5,51.5,True,CIN,14,False,0.0,0
2025_15_BUF_NE,2025,15,2025-12-14,NE,BUF,24.0,7.0,31,35,-2.5,49.5,False,BUF,17,True,2.5,1
2025_15_CAR_NO,2025,15,2025-12-14,NO,CAR,7.0,10.0,20,17,-2.5,41.5,True,NO,3,False,0.0,1
2025_15_CLE_CHI,2025,15,2025-12-14,CHI,CLE,14.0,0.0,31,3,7.5,38.5,False,CLE,14,False,0.0,0
2025_15_DET_LA,2025,15,2025-12-14,LA,DET,17.0,24.0,41,34,5.5,54.5,True,LA,7,True,5.5,1
2025_15_GB_DEN,2025,15,2025-12-14,DEN,GB,14.0,16.0,34,26,-1.5,42.5,True,DEN,2,False,0.0,1
2025_15_IND_SEA,2025,15,2025-12-14,SEA,IND,6.0,13.0,18,16,13.5,41.5,True,SEA,7,True,13.5,1
2025_15_LAC_KC,2025,15,2025-12-14,KC,LAC,13.0,10.0,13,16,5.5,41.5,False,LAC,3,False,0.0,1
2025_15_LV_PHI,2025,15,2025-12-14,PHI,LV,17.0,0.0,31,0,12.5,37.5,False,LV,17,False,0.0,0
2025_15_MIA_PIT,2025,15,2025-12-15,PIT,MIA,7.0,3.0,28,15,3.0,42.5,False,MIA,4,False,0.0,0
2025_15_NYJ_JAX,2025,15,2025-12-14,JAX,NYJ,31.0,10.0,48,20,13.5,40.5,False,NYJ,21,False,0.0,0
2025_15_TEN_SF,2025,15,2025-12-14,SF,TEN,17.0,10.0,37,24,12.5,44.5,False,TEN,7,False,0.0,0
2025_15_WAS_NYG,2025,15,2025-12-14,NYG,WAS,7.0,22.0,21,29,2.5,46.5,True,NYG,15,True,2.5,0
2025_16_BUF_CLE,2025,16,2025-12-21,CLE,BUF,10.0,20.0,20,23,-10.5,41.5,True,CLE,10,False,0.0,0
2025_16_CIN_MIA,2025,16,2025-12-21,MIA,CIN,14.0,17.0,21,45,-3.5,48.5,True,MIA,3,False,0.0,0
2025_16_GB_CHI,2025,16,2025-12-20,CHI,GB,0.0,6.0,22,16,1.5,45.5,True,CHI,6,True,1.5,1
2025_16_JAX_DEN,2025,16,2025-12-21,DEN,JAX,10.0,17.0,20,34,3.5,46.5,True,DEN,7,True,3.5,0
2025_16_KC_TEN,2025,16,2025-12-21,TEN,KC,9.0,6.0,26,9,-3.5,37.5,False,KC,3,True,3.5,0
2025_16_LAC_DAL,2025,16,2025-12-21,DAL,LAC,17.0,21.0,17,34,1.5,50.5,True,DAL,4,True,1.5,0
2025_16_LA_SEA,2025,16,2025-12-18,SEA,LA,7.0,13.0,38,37,1.5,42.5,True,SEA,6,True,1.5,1
2025_16_LV_HOU,2025,16,2025-12-21,HOU,LV,13.0,7.0,23,21,14.5,39.5,False,LV,6,False,0.0,0
2025_16_MIN_NYG,2025,16,2025-12-21,NYG,MIN,10.0,13.0,13,16,-2.5,41.5,True,NYG,3,False,0.0,0
2025_16_NYJ_NO,2025,16,2025-12-21,NO,NYJ,9.0,6.0,29,6,6.5,39.5,False,NYJ,3,False,0.0,0
2025_16_PHI_WAS,2025,16,2025-12-20,WAS,PHI,10.0,7.0,18,29,-7.0,43.5,False,PHI,3,True,7.0,1
2025_16_SF_IND,2025,16,2025-12-22,IND,SF,17.0,24.0,27,48,-4.5,46.5,True,IND,7,False,0.0,0
2025_16_TB_CAR,2025,16,2025-12-21,CAR,TB,13.0,10.0,23,20,-3.0,44.5,False,TB,3,True,3.0,0
2025_17_ARI_CIN,2025,17,2025-12-28,CIN,ARI,23.0,7.0,37,14,7.0,52.5,False,ARI,16,False,0.0,0
2025_17_BAL_GB,2025,17,2025-12-27,GB,BAL,14.0,27.0,24,41,2.5,38.5,True,GB,13,True,2.5,0
2025_17_CHI_SF,2025,17,2025-12-28,SF,CHI,28.0,21.0,42,38,3.5,51.5,False,CHI,7,False,0.0,0
2025_17_DAL_WAS,2025,17,2025-12-25,WAS,DAL,10.0,24.0,23,30,-8.5,50.5,True,WAS,14,False,0.0,0
2025_17_DEN_KC,2025,17,2025-12-25,KC,DEN,7.0,6.0,13,20,-13.5,37.5,False,DEN,1,True,13.5,1
2025_17_HOU_LAC,2025,17,2025-12-27,LAC,HOU,3.0,14.0,16,20,1.5,40.5,True,LAC,11,True,1.5,0
2025_17_JAX_IND,2025,17,2025-12-28,IND,JAX,10.0,7.0,17,23,-3.5,48.5,False,JAX,3,True,3.5,1
2025_17_LA_ATL,2025,17,2025-12-29,ATL,LA,21.0,0.0,27,24,-7.5,48.5,False,LA,21,True,7.5,0
2025_17_NE_NYJ,2025,17,2025-12-28,NYJ,NE,3.0,35.0,10,42,-12.5,42.5,True,NYJ,32,False,0.0,0
2025_17_NO_TEN,2025,17,2025-12-28,TEN,NO,20.0,10.0,26,34,-1.5,39.5,False,NO,10,True,1.5,1
2025_17_NYG_LV,2025,17,2025-12-28,LV,NYG,3.0,17.0,10,34,-3.0,40.5,True,LV,14,False,0.0,0
2025_17_PHI_BUF,2025,17,2025-12-28,BUF,PHI,0.0,13.0,12,13,3.0,45.5,True,BUF,13,True,3.0,0
2025_17_PIT_CLE,2025,17,2025-12-28,CLE,PIT,10.0,6.0,13,6,-4.5,35.5,False,PIT,4,True,4.5,0
2025_17_TB_MIA,2025,17,2025-12-28,MIA,TB,17.0,7.0,20,17,-5.5,44.5,False,TB,10,True,5.5,0
2025_18_ARI_LA,2025,18,2026-01-04,LA,ARI,16.0,6.0,37,20,14.5,49.5,False,ARI,10,False,0.0,0
2025_18_BAL_PIT,2025,18,2026-01-04,PIT,BAL,3.0,10.0,26,24,-4.5,41.5,True,PIT,7,False,0.0,1
2025_18_CAR_TB,2025,18,2026-01-03,TB,CAR,10.0,7.0,16,14,3.0,43.5,False,CAR,3,False,0.0,0
2025_18_CLE_CIN,2025,18,2026-01-04,CIN,CLE,12.0,14.0,18,20,9.5,47.5,True,CIN,2,True,9.5,0
2025_18_DAL_NYG,2025,18,2026-01-04,NYG,DAL,16.0,10.0,34,17,-3.0,50.5,False,DAL,6,True,3.0,0
2025_18_DET_CHI,2025,18,2026-01-04,CHI,DET,0.0,13.0,16,19,3.5,51.5,True,CHI,13,True,3.5,0
2025_18_GB_MIN,2025,18,2026-01-04,MIN,GB,13.0,0.0,16,3,12.5,37.5,False,GB,13,False,0.0,0
2025_18_IND_HOU,2025,18,2026-01-04,HOU,IND,23.0,17.0,38,30,9.5,37.5,False,IND,6,False,0.0,0
2025_18_KC_LV,2025,18,2026-01-04,LV,KC,6.0,3.0,14,12,-3.5,36.5,False,KC,3,True,3.5,0
2025_18_LAC_DEN,2025,18,2026-01-04,DEN,LAC,10.0,3.0,19,3,14.5,37.5,False,LAC,7,False,0.0,0
2025_18_MIA_NE,2025,18,2026-01-04,NE,MIA,17.0,10.0,38,10,14.0,44.5,False,MIA,7,False,0.0,0
2025_18_NO_ATL,2025,18,2026-01-04,ATL,NO,10.0,7.0,19,17,4.5,43.5,False,NO,3,False,0.0,0
2025_18_NYJ_BUF,2025,18,2026-01-04,BUF,NYJ,21.0,0.0,35,8,12.5,39.5,False,NYJ,21,False,0.0,0
2025_18_SEA_SF,2025,18,2026-01-03,SF,SEA,3.0,10.0,3,13,-2.5,47.5,True,SF,7,False,0.0,0
2025_18_TEN_JAX,2025,18,2026-01-04,JAX,TEN,31.0,7.0,41,7,12.5,46.5,False,TEN,24,False,0.0,0
2025_18_WAS_PHI,2025,18,2026-01-04,PHI,WAS,7.0,10.0,17,24,3.0,38.5,True,PHI,3,True,3.0,0
